policy_decision_id,sim_time_s,map_stamp_s,map_generation,robot_x,robot_y,robot_yaw,candidate_compute_ms,frontier_region_count,candidate_count,distance_eligible_count,selectable_count,suppressed_count,below_1m_count,preferred_min_distance_m,near_frontier_fallback,selected_candidate_id,selected_rank,selected_x,selected_y,selected_distance_m,planner_revalidation_started,outcome,raw_map,canvas_map
1,0.000000000,26.200000000,1,0.000000000,-0.000000000,0.000000000,30.427901001,2,2,2,2,0,0,1.000000000,0,r44_c128,1,1.715230190,-0.074579722,1.716850820,0,selected,decisions/policy_decision_000001/observed_map_raw.npz,decisions/policy_decision_000001/observed_map_canvas.npz
2,4.997433662,31.200000000,6,1.386286409,-0.048468248,-0.045080855,70.129120000,12,12,12,12,0,0,1.000000000,0,r27_c84,1,-2.697948564,-1.778944387,4.435709975,0,selected,decisions/policy_decision_000002/observed_map_raw.npz,decisions/policy_decision_000002/observed_map_canvas.npz
3,19.997552633,46.200000000,21,-2.536329824,-2.057940072,2.266203756,109.743252000,13,13,13,13,0,0,1.000000000,0,r78_c96,1,-3.151132923,1.582723335,3.692209758,0,selected,decisions/policy_decision_000003/observed_map_raw.npz,decisions/policy_decision_000003/observed_map_canvas.npz
4,35.997447491,62.100000000,37,-2.908502099,1.798090737,-2.585508335,130.392103000,23,23,23,23,0,0,1.000000000,0,r125_c117,1,-1.081791059,5.416777483,4.053611598,0,selected,decisions/policy_decision_000004/observed_map_raw.npz,decisions/policy_decision_000004/observed_map_canvas.npz
5,51.997783184,78.000000000,53,-0.820044635,5.179015829,2.149873455,195.165249000,22,22,22,22,0,0,1.000000000,0,r128_c136,1,0.818208970,5.716777487,1.724257079,0,selected,decisions/policy_decision_000005/observed_map_raw.npz,decisions/policy_decision_000005/observed_map_canvas.npz
6,63.997971296,90.000000000,65,0.763599695,5.393862138,1.380123899,176.903095999,21,21,21,21,0,0,1.000000000,0,r109_c193,1,6.518209055,3.816777459,5.966801905,0,selected,decisions/policy_decision_000006/observed_map_raw.npz,decisions/policy_decision_000006/observed_map_canvas.npz
7,78.997695684,105.000000000,80,6.271704113,4.058500070,-0.680964679,175.356707000,20,20,20,20,0,0,1.000000000,0,r126_c203,1,7.518209070,5.516777484,1.918423212,0,selected,decisions/policy_decision_000007/observed_map_raw.npz,decisions/policy_decision_000007/observed_map_canvas.npz
8,85.997798681,111.900000000,87,7.467492342,5.181787217,1.276550754,167.696660001,21,21,21,21,0,0,1.000000000,0,r71_c205,1,7.718209073,0.016777402,5.171091303,0,selected,decisions/policy_decision_000008/observed_map_raw.npz,decisions/policy_decision_000008/observed_map_canvas.npz
9,106.997608185,132.900000000,108,7.417365072,0.137754098,-0.308918501,179.779290000,14,14,14,14,0,0,1.000000000,0,r81_c216,1,8.818209089,-1.176673758,1.920959278,0,selected,decisions/policy_decision_000009/observed_map_raw.npz,decisions/policy_decision_000009/observed_map_canvas.npz
10,112.997788668,138.900000000,114,8.838222053,-0.823096232,-1.376835939,206.697564000,19,19,19,19,0,0,1.000000000,0,r69_c238,1,11.018209122,-2.591486701,2.807053343,0,selected,decisions/policy_decision_000010/observed_map_raw.npz,decisions/policy_decision_000010/observed_map_canvas.npz
11,134.997666836,160.800000000,136,10.705209582,-2.703714292,-2.839570478,216.482634000,14,14,14,14,0,0,1.000000000,0,r133_c246,1,11.818209134,1.972322849,4.806671545,0,selected,decisions/policy_decision_000011/observed_map_raw.npz,decisions/policy_decision_000011/observed_map_canvas.npz
12,158.998119593,184.800000000,160,11.475100178,1.989440252,-0.033030067,239.878173999,13,13,13,13,0,0,1.000000000,0,r177_c234,1,10.618205275,5.990327669,4.091621806,0,selected,decisions/policy_decision_000012/observed_map_raw.npz,decisions/policy_decision_000012/observed_map_canvas.npz
13,169.997625113,195.700000000,171,10.892667689,5.762365051,2.281346897,274.721887000,11,11,11,11,0,0,1.000000000,0,r52_c187,1,5.918205205,-6.509672517,13.241910099,0,selected,decisions/policy_decision_000013/observed_map_raw.npz,decisions/policy_decision_000013/observed_map_canvas.npz
14,204.997947454,230.600000000,206,6.230318485,-6.558997785,3.119886342,264.876764000,16,16,16,16,0,0,1.000000000,0,r28_c170,1,4.218166625,-9.758139057,3.779320043,0,selected,decisions/policy_decision_000014/observed_map_raw.npz,decisions/policy_decision_000014/observed_map_canvas.npz
15,215.998173714,241.600000000,217,4.368927694,-9.440428012,-1.801077340,298.890473000,16,16,16,16,0,0,1.000000000,0,r8_c187,1,5.918166650,-12.104645152,3.081914067,0,selected,decisions/policy_decision_000015/observed_map_raw.npz,decisions/policy_decision_000015/observed_map_canvas.npz
16,224.997874260,250.600000000,226,5.576319022,-12.121539251,-0.090516790,279.017342001,16,16,16,16,0,0,1.000000000,0,r30_c199,1,7.118166668,-9.904645120,2.700354376,0,selected,decisions/policy_decision_000016/observed_map_raw.npz,decisions/policy_decision_000016/observed_map_canvas.npz
17,232.997436523,258.600000000,234,6.997209402,-10.209644723,1.191920663,270.215400000,17,17,17,17,0,0,1.000000000,0,r27_c214,1,8.618166690,-10.214258925,1.620963856,0,selected,decisions/policy_decision_000017/observed_map_raw.npz,decisions/policy_decision_000017/observed_map_canvas.npz
18,242.997791052,268.500000000,244,8.726012094,-10.557904720,1.612814414,273.739945001,16,16,16,16,0,0,1.000000000,0,r44_c232,1,10.418166717,-8.518019895,2.650380608,0,selected,decisions/policy_decision_000018/observed_map_raw.npz,decisions/policy_decision_000018/observed_map_canvas.npz
19,258.997553110,284.500000000,260,10.680553856,-8.734545709,2.298694785,278.755669000,14,14,14,14,0,0,1.000000000,0,r68_c217,1,8.918166695,-6.125940149,3.148147308,0,selected,decisions/policy_decision_000019/observed_map_raw.npz,decisions/policy_decision_000019/observed_map_canvas.npz
20,266.997553110,292.400000000,268,9.256369469,-6.234258953,2.711165828,294.773680001,12,12,12,12,0,0,1.000000000,0,r38_c135,1,0.718166572,-9.125940193,9.014584244,0,selected,decisions/policy_decision_000020/observed_map_raw.npz,decisions/policy_decision_000020/observed_map_canvas.npz
21,306.997514009,332.300000000,308,0.679742081,-9.448472194,1.498134847,285.571311000,9,9,9,9,0,0,1.000000000,0,r9_c152,1,2.418104808,-12.028604716,3.111107328,0,selected,decisions/policy_decision_000021/observed_map_raw.npz,decisions/policy_decision_000021/observed_map_canvas.npz
22,316.998061895,342.300000000,318,1.062448877,-12.220458154,1.099809035,311.214474000,9,9,9,8,1,0,1.000000000,0,r54_c101,1,-2.681895268,-7.528604649,6.002799546,0,selected,decisions/policy_decision_000022/observed_map_raw.npz,decisions/policy_decision_000022/observed_map_canvas.npz
23,340.997742414,366.200000000,342,-1.242666262,-6.447536502,-2.953324557,314.748839000,10,10,10,10,0,0,1.000000000,0,r55_c97,1,-3.133051133,-7.452939012,2.141118673,0,selected,decisions/policy_decision_000023/observed_map_raw.npz,decisions/policy_decision_000023/observed_map_canvas.npz
24,345.997636080,371.200000000,347,-2.190653517,-7.891491983,-2.229742496,328.165647000,12,12,12,12,0,0,1.000000000,0,r11_c110,1,-1.836790518,-11.859200029,3.983456559,0,selected,decisions/policy_decision_000024/observed_map_raw.npz,decisions/policy_decision_000024/observed_map_canvas.npz
25,356.997545958,382.200000000,358,-1.537116563,-11.654906744,-2.284914931,327.495320999,13,13,13,13,0,0,1.000000000,0,r12_c82,1,-4.636790560,-11.795129762,3.102844080,0,selected,decisions/policy_decision_000025/observed_map_raw.npz,decisions/policy_decision_000025/observed_map_canvas.npz
26,372.997560263,398.100000000,374,-4.625852192,-11.407505741,-1.514840156,338.376691000,12,12,12,11,1,0,1.000000000,0,r17_c61,1,-6.736790591,-11.314323040,2.112994070,0,selected,decisions/policy_decision_000026/observed_map_raw.npz,decisions/policy_decision_000026/observed_map_canvas.npz
27,380.997592926,406.100000000,382,-6.663280684,-11.645227357,2.038559428,382.887168000,11,11,11,10,1,0,1.000000000,0,r29_c64,1,-6.436790587,-10.125322184,1.536687834,0,selected,decisions/policy_decision_000027/observed_map_raw.npz,decisions/policy_decision_000027/observed_map_canvas.npz
28,381.997615576,407.100000000,383,-6.671644296,-11.628197083,1.981081018,326.921176000,9,9,9,8,1,0,1.000000000,0,r85_c34,1,-9.436790631,-4.525322101,7.622130101,0,selected,decisions/policy_decision_000028/observed_map_raw.npz,decisions/policy_decision_000028/observed_map_canvas.npz
29,382.997971773,408.100000000,384,-6.671644296,-11.628197083,1.981081018,341.846294000,9,9,9,7,2,0,1.000000000,0,r77_c15,1,-11.336790660,-5.325322113,7.841544713,0,selected,decisions/policy_decision_000029/observed_map_raw.npz,decisions/policy_decision_000029/observed_map_canvas.npz
30,407.998015165,433.000000000,409,-11.020474668,-5.235717132,-2.815763707,381.195212000,10,10,10,10,0,0,1.000000000,0,r93_c4,1,-12.469560050,-3.780379582,2.053741909,0,selected,decisions/policy_decision_000030/observed_map_raw.npz,decisions/policy_decision_000030/observed_map_canvas.npz
31,434.997760296,460.000000000,436,-12.164570516,-3.617598861,-2.637597931,364.918544000,8,8,8,8,0,0,1.000000000,0,r41_c5,1,-12.369560049,-8.983911734,5.370226677,0,selected,decisions/policy_decision_000031/observed_map_raw.npz,decisions/policy_decision_000031/observed_map_canvas.npz
32,467.998413324,492.900000000,469,-12.399229847,-8.650822965,-1.459978615,387.566733000,7,7,7,7,0,0,1.000000000,0,r36_c14,1,-11.469311288,-9.494419418,1.255549084,0,selected,decisions/policy_decision_000032/observed_map_raw.npz,decisions/policy_decision_000032/observed_map_canvas.npz
33,473.997734785,498.800000000,475,-11.763040241,-9.757108610,0.318809531,370.928262000,5,5,5,5,0,0,1.000000000,0,r15_c36,1,-9.269311256,-11.594419449,3.097482102,0,selected,decisions/policy_decision_000033/observed_map_raw.npz,decisions/policy_decision_000033/observed_map_canvas.npz
34,483.997759104,508.800000000,485,-9.601095567,-11.536468503,-0.047244910,380.259434000,4,4,4,4,0,0,1.000000000,0,r149_c35,1,-9.369311257,1.805580750,13.344062434,0,selected,decisions/policy_decision_000034/observed_map_raw.npz,decisions/policy_decision_000034/observed_map_canvas.npz
35,528.997633934,553.700000000,530,-9.005434166,1.839316747,-2.993089163,388.837033001,5,5,5,5,0,0,1.000000000,0,r152_c9,1,-12.001520138,2.111795319,3.008450718,0,selected,decisions/policy_decision_000035/observed_map_raw.npz,decisions/policy_decision_000035/observed_map_canvas.npz
36,536.997539520,561.700000000,538,-11.834409851,1.774445714,2.292989094,386.715982000,3,3,3,3,0,0,1.000000000,0,r138_c12,1,-11.755016440,0.711795298,1.065612134,0,selected,decisions/policy_decision_000036/observed_map_raw.npz,decisions/policy_decision_000036/observed_map_canvas.npz
37,550.997478008,575.600000000,552,-11.525533200,0.440530276,2.452045749,389.466593000,1,1,1,1,0,0,1.000000000,0,r181_c27,1,-10.265290949,5.011795362,4.741800820,0,selected,decisions/policy_decision_000037/observed_map_raw.npz,decisions/policy_decision_000037/observed_map_canvas.npz
38,569.997671366,594.600000000,571,-9.931900208,5.034424321,-3.133464143,384.625036000,0,0,0,0,0,0,1.000000000,0,,,nan,nan,nan,0,exhausted_no_frontier_region,decisions/policy_decision_000038/observed_map_raw.npz,decisions/policy_decision_000038/observed_map_canvas.npz
39,570.997848272,595.600000000,572,-9.931900208,5.034424321,-3.133464143,431.869025000,0,0,0,0,0,0,1.000000000,0,,,nan,nan,nan,0,exhausted_no_frontier_region,decisions/policy_decision_000039/observed_map_raw.npz,decisions/policy_decision_000039/observed_map_canvas.npz
40,571.997594118,596.600000000,573,-9.931900208,5.034424321,-3.133464143,409.003882000,0,0,0,0,0,0,1.000000000,0,,,nan,nan,nan,0,exhausted_no_frontier_region,decisions/policy_decision_000040/observed_map_raw.npz,decisions/policy_decision_000040/observed_map_canvas.npz
41,572.997888088,597.600000000,574,-9.931900208,5.034424321,-3.133464143,402.268074999,0,0,0,0,0,0,1.000000000,0,,,nan,nan,nan,0,exhausted_no_frontier_region,decisions/policy_decision_000041/observed_map_raw.npz,decisions/policy_decision_000041/observed_map_canvas.npz
42,573.997663498,598.600000000,575,-9.931900208,5.034424321,-3.133464143,400.461270000,0,0,0,0,0,0,1.000000000,0,,,nan,nan,nan,0,exhausted_no_frontier_region,decisions/policy_decision_000042/observed_map_raw.npz,decisions/policy_decision_000042/observed_map_canvas.npz
43,574.997828722,599.600000000,576,-9.931900208,5.034424321,-3.133464143,387.879057000,0,0,0,0,0,0,1.000000000,0,,,nan,nan,nan,0,exhausted_no_frontier_region,decisions/policy_decision_000043/observed_map_raw.npz,decisions/policy_decision_000043/observed_map_canvas.npz
44,575.997504234,600.600000000,577,-9.931900208,5.034424321,-3.133464143,415.098122000,0,0,0,0,0,0,1.000000000,0,,,nan,nan,nan,0,exhausted_no_frontier_region,decisions/policy_decision_000044/observed_map_raw.npz,decisions/policy_decision_000044/observed_map_canvas.npz
45,576.997487545,601.600000000,578,-9.931900208,5.034424321,-3.133464143,400.221687000,0,0,0,0,0,0,1.000000000,0,,,nan,nan,nan,0,exhausted_no_frontier_region,decisions/policy_decision_000045/observed_map_raw.npz,decisions/policy_decision_000045/observed_map_canvas.npz
46,577.997751474,602.600000000,579,-9.931900208,5.034424321,-3.133464143,420.892745000,0,0,0,0,0,0,1.000000000,0,,,nan,nan,nan,0,exhausted_no_frontier_region,decisions/policy_decision_000046/observed_map_raw.npz,decisions/policy_decision_000046/observed_map_canvas.npz
47,578.997665882,603.600000000,580,-9.931900208,5.034424321,-3.133464143,387.234676999,0,0,0,0,0,0,1.000000000,0,,,nan,nan,nan,0,exhausted_no_frontier_region,decisions/policy_decision_000047/observed_map_raw.npz,decisions/policy_decision_000047/observed_map_canvas.npz
48,579.997535944,604.600000000,581,-9.931900208,5.034424321,-3.133464143,405.520801000,0,0,0,0,0,0,1.000000000,0,,,nan,nan,nan,0,exhausted_no_frontier_region,decisions/policy_decision_000048/observed_map_raw.npz,decisions/policy_decision_000048/observed_map_canvas.npz
