arm,outer_heldout,tau,feature,raw_min,raw_max,contributing_rows,contributing_runs
F1,mpx_001,0.05,R_map,0.013833113470887054,0.04949031711186942,76,9
F1,mpx_001,0.05,log_decision,2.772588722239781,3.6109179126442243,76,9
F1,mpx_001,0.05,log_elapsed,5.880525888428583,6.845514832156687,76,9
F1,mpx_001,0.05,F1_PredOccShare,0.38361266294227186,0.614206981016534,76,9
F1,mpx_001,0.05,F1_OccMaskIoUMean2,0.48578241134474454,1.0,76,9
F1,mpx_001,0.05,F1_OccFlipRateMean2,0.0,0.30471428310055326,76,9
F1,mpx_001,0.06,R_map,0.013833113470887054,0.05982949172363511,84,9
F1,mpx_001,0.06,log_decision,2.772588722239781,3.6109179126442243,84,9
F1,mpx_001,0.06,log_elapsed,5.880525888428583,6.845514832156687,84,9
F1,mpx_001,0.06,F1_PredOccShare,0.3549936788874842,0.614206981016534,84,9
F1,mpx_001,0.06,F1_OccMaskIoUMean2,0.48578241134474454,1.0,84,9
F1,mpx_001,0.06,F1_OccFlipRateMean2,0.0,0.30471428310055326,84,9
F1,mpx_001,0.08,R_map,0.013833113470887054,0.07848494120732614,87,9
F1,mpx_001,0.08,log_decision,2.70805020110221,3.6109179126442243,87,9
F1,mpx_001,0.08,log_elapsed,5.796051959134618,6.845514832156687,87,9
F1,mpx_001,0.08,F1_PredOccShare,0.3187075454378557,0.614206981016534,87,9
F1,mpx_001,0.08,F1_OccMaskIoUMean2,0.48578241134474454,1.0,87,9
F1,mpx_001,0.08,F1_OccFlipRateMean2,0.0,0.30471428310055326,87,9
F1,mpx_001,0.1,R_map,0.013833113470887054,0.0975629338218657,90,9
F1,mpx_001,0.1,log_decision,2.639057329615259,3.6109179126442243,90,9
F1,mpx_001,0.1,log_elapsed,5.605796062862535,6.845514832156687,90,9
F1,mpx_001,0.1,F1_PredOccShare,0.2749048223350254,0.614206981016534,90,9
F1,mpx_001,0.1,F1_OccMaskIoUMean2,0.48578241134474454,1.0,90,9
F1,mpx_001,0.1,F1_OccFlipRateMean2,0.0,0.30471428310055326,90,9
F1,mpx_002,0.05,R_map,0.013833113470887054,0.04949031711186942,67,9
F1,mpx_002,0.05,log_decision,2.772588722239781,3.6109179126442243,67,9
F1,mpx_002,0.05,log_elapsed,5.880525888428583,6.845514832156687,67,9
F1,mpx_002,0.05,F1_PredOccShare,0.38361266294227186,0.614206981016534,67,9
F1,mpx_002,0.05,F1_OccMaskIoUMean2,0.48578241134474454,1.0,67,9
F1,mpx_002,0.05,F1_OccFlipRateMean2,0.0,0.30471428310055326,67,9
F1,mpx_002,0.06,R_map,0.013833113470887054,0.05982949172363511,76,9
F1,mpx_002,0.06,log_decision,2.772588722239781,3.6109179126442243,76,9
F1,mpx_002,0.06,log_elapsed,5.880525888428583,6.845514832156687,76,9
F1,mpx_002,0.06,F1_PredOccShare,0.3549936788874842,0.614206981016534,76,9
F1,mpx_002,0.06,F1_OccMaskIoUMean2,0.48578241134474454,1.0,76,9
F1,mpx_002,0.06,F1_OccFlipRateMean2,0.0,0.30471428310055326,76,9
F1,mpx_002,0.08,R_map,0.013833113470887054,0.07317267044838675,77,9
F1,mpx_002,0.08,log_decision,2.772588722239781,3.6109179126442243,77,9
F1,mpx_002,0.08,log_elapsed,5.880525888428583,6.845514832156687,77,9
F1,mpx_002,0.08,F1_PredOccShare,0.3549936788874842,0.614206981016534,77,9
F1,mpx_002,0.08,F1_OccMaskIoUMean2,0.48578241134474454,1.0,77,9
F1,mpx_002,0.08,F1_OccFlipRateMean2,0.0,0.30471428310055326,77,9
F1,mpx_002,0.1,R_map,0.013833113470887054,0.0975629338218657,79,9
F1,mpx_002,0.1,log_decision,2.70805020110221,3.6109179126442243,79,9
F1,mpx_002,0.1,log_elapsed,5.6698717956181754,6.845514832156687,79,9
F1,mpx_002,0.1,F1_PredOccShare,0.2749048223350254,0.614206981016534,79,9
F1,mpx_002,0.1,F1_OccMaskIoUMean2,0.48578241134474454,1.0,79,9
F1,mpx_002,0.1,F1_OccFlipRateMean2,0.0,0.30471428310055326,79,9
F1,mpx_003,0.05,R_map,0.014527244057700171,0.04949031711186942,69,9
F1,mpx_003,0.05,log_decision,2.772588722239781,3.6109179126442243,69,9
F1,mpx_003,0.05,log_elapsed,5.880525888428583,6.845514832156687,69,9
F1,mpx_003,0.05,F1_PredOccShare,0.38361266294227186,0.6048808832074375,69,9
F1,mpx_003,0.05,F1_OccMaskIoUMean2,0.48578241134474454,1.0,69,9
F1,mpx_003,0.05,F1_OccFlipRateMean2,0.0,0.30471428310055326,69,9
F1,mpx_003,0.06,R_map,0.014527244057700171,0.05982949172363511,77,9
F1,mpx_003,0.06,log_decision,2.772588722239781,3.6109179126442243,77,9
F1,mpx_003,0.06,log_elapsed,5.880525888428583,6.845514832156687,77,9
F1,mpx_003,0.06,F1_PredOccShare,0.3699352673219851,0.6048808832074375,77,9
F1,mpx_003,0.06,F1_OccMaskIoUMean2,0.48578241134474454,1.0,77,9
F1,mpx_003,0.06,F1_OccFlipRateMean2,0.0,0.30471428310055326,77,9
F1,mpx_003,0.08,R_map,0.014527244057700171,0.07848494120732614,80,9
F1,mpx_003,0.08,log_decision,2.70805020110221,3.6109179126442243,80,9
F1,mpx_003,0.08,log_elapsed,5.796051959134618,6.845514832156687,80,9
F1,mpx_003,0.08,F1_PredOccShare,0.3187075454378557,0.6048808832074375,80,9
F1,mpx_003,0.08,F1_OccMaskIoUMean2,0.48578241134474454,1.0,80,9
F1,mpx_003,0.08,F1_OccFlipRateMean2,0.0,0.30471428310055326,80,9
F1,mpx_003,0.1,R_map,0.014527244057700171,0.0975629338218657,83,9
F1,mpx_003,0.1,log_decision,2.639057329615259,3.6109179126442243,83,9
F1,mpx_003,0.1,log_elapsed,5.605796062862535,6.845514832156687,83,9
F1,mpx_003,0.1,F1_PredOccShare,0.2749048223350254,0.6048808832074375,83,9
F1,mpx_003,0.1,F1_OccMaskIoUMean2,0.48578241134474454,1.0,83,9
F1,mpx_003,0.1,F1_OccFlipRateMean2,0.0,0.30471428310055326,83,9
F1,mpx_004,0.05,R_map,0.013833113470887054,0.04949031711186942,71,9
F1,mpx_004,0.05,log_decision,2.8903717578961645,3.6109179126442243,71,9
F1,mpx_004,0.05,log_elapsed,6.0753448910627466,6.845514832156687,71,9
F1,mpx_004,0.05,F1_PredOccShare,0.38395753465054555,0.614206981016534,71,9
F1,mpx_004,0.05,F1_OccMaskIoUMean2,0.48578241134474454,1.0,71,9
F1,mpx_004,0.05,F1_OccFlipRateMean2,0.0,0.30471428310055326,71,9
F1,mpx_004,0.06,R_map,0.013833113470887054,0.05982949172363511,80,9
F1,mpx_004,0.06,log_decision,2.772588722239781,3.6109179126442243,80,9
F1,mpx_004,0.06,log_elapsed,5.883321460050522,6.845514832156687,80,9
F1,mpx_004,0.06,F1_PredOccShare,0.3549936788874842,0.614206981016534,80,9
F1,mpx_004,0.06,F1_OccMaskIoUMean2,0.48578241134474454,1.0,80,9
F1,mpx_004,0.06,F1_OccFlipRateMean2,0.0,0.30471428310055326,80,9
F1,mpx_004,0.08,R_map,0.013833113470887054,0.07848494120732614,83,9
F1,mpx_004,0.08,log_decision,2.70805020110221,3.6109179126442243,83,9
F1,mpx_004,0.08,log_elapsed,5.796051959134618,6.845514832156687,83,9
F1,mpx_004,0.08,F1_PredOccShare,0.3187075454378557,0.614206981016534,83,9
F1,mpx_004,0.08,F1_OccMaskIoUMean2,0.48578241134474454,1.0,83,9
F1,mpx_004,0.08,F1_OccFlipRateMean2,0.0,0.30471428310055326,83,9
F1,mpx_004,0.1,R_map,0.013833113470887054,0.0975629338218657,85,9
F1,mpx_004,0.1,log_decision,2.639057329615259,3.6109179126442243,85,9
F1,mpx_004,0.1,log_elapsed,5.605796062862535,6.845514832156687,85,9
F1,mpx_004,0.1,F1_PredOccShare,0.2749048223350254,0.614206981016534,85,9
F1,mpx_004,0.1,F1_OccMaskIoUMean2,0.48578241134474454,1.0,85,9
F1,mpx_004,0.1,F1_OccFlipRateMean2,0.0,0.30471428310055326,85,9
F1,mpx_005,0.05,R_map,0.013833113470887054,0.04949031711186942,70,9
F1,mpx_005,0.05,log_decision,2.772588722239781,3.6109179126442243,70,9
F1,mpx_005,0.05,log_elapsed,5.880525888428583,6.845514832156687,70,9
F1,mpx_005,0.05,F1_PredOccShare,0.38361266294227186,0.614206981016534,70,9
F1,mpx_005,0.05,F1_OccMaskIoUMean2,0.48578241134474454,1.0,70,9
F1,mpx_005,0.05,F1_OccFlipRateMean2,0.0,0.30471428310055326,70,9
F1,mpx_005,0.06,R_map,0.013833113470887054,0.05982949172363511,77,9
F1,mpx_005,0.06,log_decision,2.772588722239781,3.6109179126442243,77,9
F1,mpx_005,0.06,log_elapsed,5.880525888428583,6.845514832156687,77,9
F1,mpx_005,0.06,F1_PredOccShare,0.3549936788874842,0.614206981016534,77,9
F1,mpx_005,0.06,F1_OccMaskIoUMean2,0.48578241134474454,1.0,77,9
F1,mpx_005,0.06,F1_OccFlipRateMean2,0.0,0.30471428310055326,77,9
F1,mpx_005,0.08,R_map,0.013833113470887054,0.07848494120732614,80,9
F1,mpx_005,0.08,log_decision,2.70805020110221,3.6109179126442243,80,9
F1,mpx_005,0.08,log_elapsed,5.796051959134618,6.845514832156687,80,9
F1,mpx_005,0.08,F1_PredOccShare,0.3187075454378557,0.614206981016534,80,9
F1,mpx_005,0.08,F1_OccMaskIoUMean2,0.48578241134474454,1.0,80,9
F1,mpx_005,0.08,F1_OccFlipRateMean2,0.0,0.30471428310055326,80,9
F1,mpx_005,0.1,R_map,0.013833113470887054,0.0975629338218657,83,9
F1,mpx_005,0.1,log_decision,2.639057329615259,3.6109179126442243,83,9
F1,mpx_005,0.1,log_elapsed,5.605796062862535,6.845514832156687,83,9
F1,mpx_005,0.1,F1_PredOccShare,0.2749048223350254,0.614206981016534,83,9
F1,mpx_005,0.1,F1_OccMaskIoUMean2,0.48578241134474454,1.0,83,9
F1,mpx_005,0.1,F1_OccFlipRateMean2,0.0,0.30471428310055326,83,9
F1,mpx_006,0.05,R_map,0.013833113470887054,0.04949031711186942,71,9
F1,mpx_006,0.05,log_decision,2.772588722239781,3.6109179126442243,71,9
F1,mpx_006,0.05,log_elapsed,5.880525888428583,6.845514832156687,71,9
F1,mpx_006,0.05,F1_PredOccShare,0.38361266294227186,0.614206981016534,71,9
F1,mpx_006,0.05,F1_OccMaskIoUMean2,0.5071343973831144,1.0,71,9
F1,mpx_006,0.05,F1_OccFlipRateMean2,0.0,0.26609581581532216,71,9
F1,mpx_006,0.06,R_map,0.013833113470887054,0.05982949172363511,79,9
F1,mpx_006,0.06,log_decision,2.772588722239781,3.6109179126442243,79,9
F1,mpx_006,0.06,log_elapsed,5.880525888428583,6.845514832156687,79,9
F1,mpx_006,0.06,F1_PredOccShare,0.3549936788874842,0.614206981016534,79,9
F1,mpx_006,0.06,F1_OccMaskIoUMean2,0.5071343973831144,1.0,79,9
F1,mpx_006,0.06,F1_OccFlipRateMean2,0.0,0.26609581581532216,79,9
F1,mpx_006,0.08,R_map,0.013833113470887054,0.07848494120732614,82,9
F1,mpx_006,0.08,log_decision,2.70805020110221,3.6109179126442243,82,9
F1,mpx_006,0.08,log_elapsed,5.796051959134618,6.845514832156687,82,9
F1,mpx_006,0.08,F1_PredOccShare,0.3187075454378557,0.614206981016534,82,9
F1,mpx_006,0.08,F1_OccMaskIoUMean2,0.5071343973831144,1.0,82,9
F1,mpx_006,0.08,F1_OccFlipRateMean2,0.0,0.26609581581532216,82,9
F1,mpx_006,0.1,R_map,0.013833113470887054,0.0975629338218657,85,9
F1,mpx_006,0.1,log_decision,2.639057329615259,3.6109179126442243,85,9
F1,mpx_006,0.1,log_elapsed,5.605796062862535,6.845514832156687,85,9
F1,mpx_006,0.1,F1_PredOccShare,0.2749048223350254,0.614206981016534,85,9
F1,mpx_006,0.1,F1_OccMaskIoUMean2,0.5071343973831144,1.0,85,9
F1,mpx_006,0.1,F1_OccFlipRateMean2,0.0,0.26609581581532216,85,9
F1,mpx_007,0.05,R_map,0.013833113470887054,0.04949031711186942,72,9
F1,mpx_007,0.05,log_decision,2.772588722239781,3.6109179126442243,72,9
F1,mpx_007,0.05,log_elapsed,5.880525888428583,6.845514832156687,72,9
F1,mpx_007,0.05,F1_PredOccShare,0.38361266294227186,0.614206981016534,72,9
F1,mpx_007,0.05,F1_OccMaskIoUMean2,0.48578241134474454,1.0,72,9
F1,mpx_007,0.05,F1_OccFlipRateMean2,0.0,0.30471428310055326,72,9
F1,mpx_007,0.06,R_map,0.013833113470887054,0.05982949172363511,80,9
F1,mpx_007,0.06,log_decision,2.772588722239781,3.6109179126442243,80,9
F1,mpx_007,0.06,log_elapsed,5.880525888428583,6.845514832156687,80,9
F1,mpx_007,0.06,F1_PredOccShare,0.3549936788874842,0.614206981016534,80,9
F1,mpx_007,0.06,F1_OccMaskIoUMean2,0.48578241134474454,1.0,80,9
F1,mpx_007,0.06,F1_OccFlipRateMean2,0.0,0.30471428310055326,80,9
F1,mpx_007,0.08,R_map,0.013833113470887054,0.07848494120732614,83,9
F1,mpx_007,0.08,log_decision,2.70805020110221,3.6109179126442243,83,9
F1,mpx_007,0.08,log_elapsed,5.796051959134618,6.845514832156687,83,9
F1,mpx_007,0.08,F1_PredOccShare,0.3187075454378557,0.614206981016534,83,9
F1,mpx_007,0.08,F1_OccMaskIoUMean2,0.48578241134474454,1.0,83,9
F1,mpx_007,0.08,F1_OccFlipRateMean2,0.0,0.30471428310055326,83,9
F1,mpx_007,0.1,R_map,0.013833113470887054,0.09444128082701826,85,9
F1,mpx_007,0.1,log_decision,2.639057329615259,3.6109179126442243,85,9
F1,mpx_007,0.1,log_elapsed,5.605796062862535,6.845514832156687,85,9
F1,mpx_007,0.1,F1_PredOccShare,0.3012345679012346,0.614206981016534,85,9
F1,mpx_007,0.1,F1_OccMaskIoUMean2,0.48578241134474454,1.0,85,9
F1,mpx_007,0.1,F1_OccFlipRateMean2,0.0,0.30471428310055326,85,9
F1,mpx_008,0.05,R_map,0.013833113470887054,0.048979209589810835,73,9
F1,mpx_008,0.05,log_decision,2.772588722239781,3.6109179126442243,73,9
F1,mpx_008,0.05,log_elapsed,5.880525888428583,6.845514832156687,73,9
F1,mpx_008,0.05,F1_PredOccShare,0.38361266294227186,0.614206981016534,73,9
F1,mpx_008,0.05,F1_OccMaskIoUMean2,0.48578241134474454,1.0,73,9
F1,mpx_008,0.05,F1_OccFlipRateMean2,0.0,0.30471428310055326,73,9
F1,mpx_008,0.06,R_map,0.013833113470887054,0.05982949172363511,81,9
F1,mpx_008,0.06,log_decision,2.772588722239781,3.6109179126442243,81,9
F1,mpx_008,0.06,log_elapsed,5.880525888428583,6.845514832156687,81,9
F1,mpx_008,0.06,F1_PredOccShare,0.3549936788874842,0.614206981016534,81,9
F1,mpx_008,0.06,F1_OccMaskIoUMean2,0.48578241134474454,1.0,81,9
F1,mpx_008,0.06,F1_OccFlipRateMean2,0.0,0.30471428310055326,81,9
F1,mpx_008,0.08,R_map,0.013833113470887054,0.07848494120732614,84,9
F1,mpx_008,0.08,log_decision,2.70805020110221,3.6109179126442243,84,9
F1,mpx_008,0.08,log_elapsed,5.796051959134618,6.845514832156687,84,9
F1,mpx_008,0.08,F1_PredOccShare,0.3187075454378557,0.614206981016534,84,9
F1,mpx_008,0.08,F1_OccMaskIoUMean2,0.48578241134474454,1.0,84,9
F1,mpx_008,0.08,F1_OccFlipRateMean2,0.0,0.30471428310055326,84,9
F1,mpx_008,0.1,R_map,0.013833113470887054,0.0975629338218657,87,9
F1,mpx_008,0.1,log_decision,2.639057329615259,3.6109179126442243,87,9
F1,mpx_008,0.1,log_elapsed,5.605796062862535,6.845514832156687,87,9
F1,mpx_008,0.1,F1_PredOccShare,0.2749048223350254,0.614206981016534,87,9
F1,mpx_008,0.1,F1_OccMaskIoUMean2,0.48578241134474454,1.0,87,9
F1,mpx_008,0.1,F1_OccFlipRateMean2,0.0,0.30471428310055326,87,9
F1,mpx_009,0.05,R_map,0.013833113470887054,0.04949031711186942,67,9
F1,mpx_009,0.05,log_decision,2.772588722239781,3.6109179126442243,67,9
F1,mpx_009,0.05,log_elapsed,5.880525888428583,6.845514832156687,67,9
F1,mpx_009,0.05,F1_PredOccShare,0.38361266294227186,0.614206981016534,67,9
F1,mpx_009,0.05,F1_OccMaskIoUMean2,0.48578241134474454,1.0,67,9
F1,mpx_009,0.05,F1_OccFlipRateMean2,0.0,0.30471428310055326,67,9
F1,mpx_009,0.06,R_map,0.013833113470887054,0.05982949172363511,76,9
F1,mpx_009,0.06,log_decision,2.772588722239781,3.6109179126442243,76,9
F1,mpx_009,0.06,log_elapsed,5.880525888428583,6.845514832156687,76,9
F1,mpx_009,0.06,F1_PredOccShare,0.3549936788874842,0.614206981016534,76,9
F1,mpx_009,0.06,F1_OccMaskIoUMean2,0.48578241134474454,1.0,76,9
F1,mpx_009,0.06,F1_OccFlipRateMean2,0.0,0.30471428310055326,76,9
F1,mpx_009,0.08,R_map,0.013833113470887054,0.07848494120732614,79,9
F1,mpx_009,0.08,log_decision,2.70805020110221,3.6109179126442243,79,9
F1,mpx_009,0.08,log_elapsed,5.796051959134618,6.845514832156687,79,9
F1,mpx_009,0.08,F1_PredOccShare,0.3187075454378557,0.614206981016534,79,9
F1,mpx_009,0.08,F1_OccMaskIoUMean2,0.48578241134474454,1.0,79,9
F1,mpx_009,0.08,F1_OccFlipRateMean2,0.0,0.30471428310055326,79,9
F1,mpx_009,0.1,R_map,0.013833113470887054,0.0975629338218657,82,9
F1,mpx_009,0.1,log_decision,2.639057329615259,3.6109179126442243,82,9
F1,mpx_009,0.1,log_elapsed,5.605796062862535,6.845514832156687,82,9
F1,mpx_009,0.1,F1_PredOccShare,0.2749048223350254,0.614206981016534,82,9
F1,mpx_009,0.1,F1_OccMaskIoUMean2,0.48578241134474454,1.0,82,9
F1,mpx_009,0.1,F1_OccFlipRateMean2,0.0,0.30471428310055326,82,9
F1,mpx_010,0.05,R_map,0.013833113470887054,0.04949031711186942,66,9
F1,mpx_010,0.05,log_decision,2.772588722239781,3.5263605246161616,66,9
F1,mpx_010,0.05,log_elapsed,5.880525888428583,6.749898166128409,66,9
F1,mpx_010,0.05,F1_PredOccShare,0.38361266294227186,0.614206981016534,66,9
F1,mpx_010,0.05,F1_OccMaskIoUMean2,0.48578241134474454,1.0,66,9
F1,mpx_010,0.05,F1_OccFlipRateMean2,0.0,0.30471428310055326,66,9
F1,mpx_010,0.06,R_map,0.013833113470887054,0.0577589471352734,73,9
F1,mpx_010,0.06,log_decision,2.772588722239781,3.5263605246161616,73,9
F1,mpx_010,0.06,log_elapsed,5.880525888428583,6.749898166128409,73,9
F1,mpx_010,0.06,F1_PredOccShare,0.3549936788874842,0.614206981016534,73,9
F1,mpx_010,0.06,F1_OccMaskIoUMean2,0.48578241134474454,1.0,73,9
F1,mpx_010,0.06,F1_OccFlipRateMean2,0.0,0.30471428310055326,73,9
F1,mpx_010,0.08,R_map,0.013833113470887054,0.07848494120732614,75,9
F1,mpx_010,0.08,log_decision,2.70805020110221,3.5263605246161616,75,9
F1,mpx_010,0.08,log_elapsed,5.796051959134618,6.749898166128409,75,9
F1,mpx_010,0.08,F1_PredOccShare,0.3187075454378557,0.614206981016534,75,9
F1,mpx_010,0.08,F1_OccMaskIoUMean2,0.48578241134474454,1.0,75,9
F1,mpx_010,0.08,F1_OccFlipRateMean2,0.0,0.30471428310055326,75,9
F1,mpx_010,0.1,R_map,0.013833113470887054,0.0975629338218657,78,9
F1,mpx_010,0.1,log_decision,2.639057329615259,3.5263605246161616,78,9
F1,mpx_010,0.1,log_elapsed,5.605796062862535,6.749898166128409,78,9
F1,mpx_010,0.1,F1_PredOccShare,0.2749048223350254,0.614206981016534,78,9
F1,mpx_010,0.1,F1_OccMaskIoUMean2,0.48578241134474454,1.0,78,9
F1,mpx_010,0.1,F1_OccFlipRateMean2,0.0,0.30471428310055326,78,9
F2,mpx_001,0.05,R_map,0.013833113470887054,0.04949031711186942,76,9
F2,mpx_001,0.05,log_decision,2.772588722239781,3.6109179126442243,76,9
F2,mpx_001,0.05,log_elapsed,5.880525888428583,6.845514832156687,76,9
F2,mpx_001,0.05,F2_Vote3Share,0.3161309348274845,0.5781522370714701,76,9
F2,mpx_001,0.05,F2_Vote2Share,0.02823018458197611,0.08585476550680787,76,9
F2,mpx_001,0.05,F2_Vote1Share,0.024429967426710098,0.11532951289398281,76,9
F2,mpx_001,0.05,F2_VotePersistenceMean2,0.598876846479482,1.0,76,9
F2,mpx_001,0.06,R_map,0.013833113470887054,0.05982949172363511,84,9
F2,mpx_001,0.06,log_decision,2.772588722239781,3.6109179126442243,84,9
F2,mpx_001,0.06,log_elapsed,5.880525888428583,6.845514832156687,84,9
F2,mpx_001,0.06,F2_Vote3Share,0.29506953223767385,0.5781522370714701,84,9
F2,mpx_001,0.06,F2_Vote2Share,0.02823018458197611,0.08585476550680787,84,9
F2,mpx_001,0.06,F2_Vote1Share,0.024429967426710098,0.11532951289398281,84,9
F2,mpx_001,0.06,F2_VotePersistenceMean2,0.598876846479482,1.0,84,9
F2,mpx_001,0.08,R_map,0.013833113470887054,0.07848494120732614,87,9
F2,mpx_001,0.08,log_decision,2.70805020110221,3.6109179126442243,87,9
F2,mpx_001,0.08,log_elapsed,5.796051959134618,6.845514832156687,87,9
F2,mpx_001,0.08,F2_Vote3Share,0.24857719845786672,0.5781522370714701,87,9
F2,mpx_001,0.08,F2_Vote2Share,0.02823018458197611,0.08585476550680787,87,9
F2,mpx_001,0.08,F2_Vote1Share,0.024429967426710098,0.13622177345327705,87,9
F2,mpx_001,0.08,F2_VotePersistenceMean2,0.598876846479482,1.0,87,9
F2,mpx_001,0.1,R_map,0.013833113470887054,0.0975629338218657,90,9
F2,mpx_001,0.1,log_decision,2.639057329615259,3.6109179126442243,90,9
F2,mpx_001,0.1,log_elapsed,5.605796062862535,6.845514832156687,90,9
F2,mpx_001,0.1,F2_Vote3Share,0.22208121827411167,0.5781522370714701,90,9
F2,mpx_001,0.1,F2_Vote2Share,0.02823018458197611,0.08585476550680787,90,9
F2,mpx_001,0.1,F2_Vote1Share,0.024429967426710098,0.13787194267019784,90,9
F2,mpx_001,0.1,F2_VotePersistenceMean2,0.598876846479482,1.0,90,9
F2,mpx_002,0.05,R_map,0.013833113470887054,0.04949031711186942,67,9
F2,mpx_002,0.05,log_decision,2.772588722239781,3.6109179126442243,67,9
F2,mpx_002,0.05,log_elapsed,5.880525888428583,6.845514832156687,67,9
F2,mpx_002,0.05,F2_Vote3Share,0.3161309348274845,0.5781522370714701,67,9
F2,mpx_002,0.05,F2_Vote2Share,0.02823018458197611,0.08585476550680787,67,9
F2,mpx_002,0.05,F2_Vote1Share,0.024429967426710098,0.11532951289398281,67,9
F2,mpx_002,0.05,F2_VotePersistenceMean2,0.598876846479482,1.0,67,9
F2,mpx_002,0.06,R_map,0.013833113470887054,0.05982949172363511,76,9
F2,mpx_002,0.06,log_decision,2.772588722239781,3.6109179126442243,76,9
F2,mpx_002,0.06,log_elapsed,5.880525888428583,6.845514832156687,76,9
F2,mpx_002,0.06,F2_Vote3Share,0.29506953223767385,0.5781522370714701,76,9
F2,mpx_002,0.06,F2_Vote2Share,0.02823018458197611,0.08585476550680787,76,9
F2,mpx_002,0.06,F2_Vote1Share,0.024429967426710098,0.11532951289398281,76,9
F2,mpx_002,0.06,F2_VotePersistenceMean2,0.598876846479482,1.0,76,9
F2,mpx_002,0.08,R_map,0.013833113470887054,0.07317267044838675,77,9
F2,mpx_002,0.08,log_decision,2.772588722239781,3.6109179126442243,77,9
F2,mpx_002,0.08,log_elapsed,5.880525888428583,6.845514832156687,77,9
F2,mpx_002,0.08,F2_Vote3Share,0.28925773964938456,0.5781522370714701,77,9
F2,mpx_002,0.08,F2_Vote2Share,0.02823018458197611,0.08585476550680787,77,9
F2,mpx_002,0.08,F2_Vote1Share,0.024429967426710098,0.11532951289398281,77,9
F2,mpx_002,0.08,F2_VotePersistenceMean2,0.598876846479482,1.0,77,9
F2,mpx_002,0.1,R_map,0.013833113470887054,0.0975629338218657,79,9
F2,mpx_002,0.1,log_decision,2.70805020110221,3.6109179126442243,79,9
F2,mpx_002,0.1,log_elapsed,5.6698717956181754,6.845514832156687,79,9
F2,mpx_002,0.1,F2_Vote3Share,0.22208121827411167,0.5781522370714701,79,9
F2,mpx_002,0.1,F2_Vote2Share,0.02823018458197611,0.08585476550680787,79,9
F2,mpx_002,0.1,F2_Vote1Share,0.024429967426710098,0.11532951289398281,79,9
F2,mpx_002,0.1,F2_VotePersistenceMean2,0.598876846479482,1.0,79,9
F2,mpx_003,0.05,R_map,0.014527244057700171,0.04949031711186942,69,9
F2,mpx_003,0.05,log_decision,2.772588722239781,3.6109179126442243,69,9
F2,mpx_003,0.05,log_elapsed,5.880525888428583,6.845514832156687,69,9
F2,mpx_003,0.05,F2_Vote3Share,0.3161309348274845,0.5781522370714701,69,9
F2,mpx_003,0.05,F2_Vote2Share,0.028471818710052294,0.08585476550680787,69,9
F2,mpx_003,0.05,F2_Vote1Share,0.025582717453098352,0.11532951289398281,69,9
F2,mpx_003,0.05,F2_VotePersistenceMean2,0.598876846479482,1.0,69,9
F2,mpx_003,0.06,R_map,0.014527244057700171,0.05982949172363511,77,9
F2,mpx_003,0.06,log_decision,2.772588722239781,3.6109179126442243,77,9
F2,mpx_003,0.06,log_elapsed,5.880525888428583,6.845514832156687,77,9
F2,mpx_003,0.06,F2_Vote3Share,0.3073603452409494,0.5781522370714701,77,9
F2,mpx_003,0.06,F2_Vote2Share,0.028471818710052294,0.08585476550680787,77,9
F2,mpx_003,0.06,F2_Vote1Share,0.025582717453098352,0.11532951289398281,77,9
F2,mpx_003,0.06,F2_VotePersistenceMean2,0.598876846479482,1.0,77,9
F2,mpx_003,0.08,R_map,0.014527244057700171,0.07848494120732614,80,9
F2,mpx_003,0.08,log_decision,2.70805020110221,3.6109179126442243,80,9
F2,mpx_003,0.08,log_elapsed,5.796051959134618,6.845514832156687,80,9
F2,mpx_003,0.08,F2_Vote3Share,0.24857719845786672,0.5781522370714701,80,9
F2,mpx_003,0.08,F2_Vote2Share,0.028471818710052294,0.08585476550680787,80,9
F2,mpx_003,0.08,F2_Vote1Share,0.025582717453098352,0.13622177345327705,80,9
F2,mpx_003,0.08,F2_VotePersistenceMean2,0.598876846479482,1.0,80,9
F2,mpx_003,0.1,R_map,0.014527244057700171,0.0975629338218657,83,9
F2,mpx_003,0.1,log_decision,2.639057329615259,3.6109179126442243,83,9
F2,mpx_003,0.1,log_elapsed,5.605796062862535,6.845514832156687,83,9
F2,mpx_003,0.1,F2_Vote3Share,0.22208121827411167,0.5781522370714701,83,9
F2,mpx_003,0.1,F2_Vote2Share,0.028471818710052294,0.08585476550680787,83,9
F2,mpx_003,0.1,F2_Vote1Share,0.025582717453098352,0.13787194267019784,83,9
F2,mpx_003,0.1,F2_VotePersistenceMean2,0.598876846479482,1.0,83,9
F2,mpx_004,0.05,R_map,0.013833113470887054,0.04949031711186942,71,9
F2,mpx_004,0.05,log_decision,2.8903717578961645,3.6109179126442243,71,9
F2,mpx_004,0.05,log_elapsed,6.0753448910627466,6.845514832156687,71,9
F2,mpx_004,0.05,F2_Vote3Share,0.3161309348274845,0.5781522370714701,71,9
F2,mpx_004,0.05,F2_Vote2Share,0.02823018458197611,0.08585476550680787,71,9
F2,mpx_004,0.05,F2_Vote1Share,0.024429967426710098,0.11532951289398281,71,9
F2,mpx_004,0.05,F2_VotePersistenceMean2,0.598876846479482,1.0,71,9
F2,mpx_004,0.06,R_map,0.013833113470887054,0.05982949172363511,80,9
F2,mpx_004,0.06,log_decision,2.772588722239781,3.6109179126442243,80,9
F2,mpx_004,0.06,log_elapsed,5.883321460050522,6.845514832156687,80,9
F2,mpx_004,0.06,F2_Vote3Share,0.29506953223767385,0.5781522370714701,80,9
F2,mpx_004,0.06,F2_Vote2Share,0.02823018458197611,0.08585476550680787,80,9
F2,mpx_004,0.06,F2_Vote1Share,0.024429967426710098,0.11532951289398281,80,9
F2,mpx_004,0.06,F2_VotePersistenceMean2,0.598876846479482,1.0,80,9
F2,mpx_004,0.08,R_map,0.013833113470887054,0.07848494120732614,83,9
F2,mpx_004,0.08,log_decision,2.70805020110221,3.6109179126442243,83,9
F2,mpx_004,0.08,log_elapsed,5.796051959134618,6.845514832156687,83,9
F2,mpx_004,0.08,F2_Vote3Share,0.24857719845786672,0.5781522370714701,83,9
F2,mpx_004,0.08,F2_Vote2Share,0.02823018458197611,0.08585476550680787,83,9
F2,mpx_004,0.08,F2_Vote1Share,0.024429967426710098,0.13622177345327705,83,9
F2,mpx_004,0.08,F2_VotePersistenceMean2,0.598876846479482,1.0,83,9
F2,mpx_004,0.1,R_map,0.013833113470887054,0.0975629338218657,85,9
F2,mpx_004,0.1,log_decision,2.639057329615259,3.6109179126442243,85,9
F2,mpx_004,0.1,log_elapsed,5.605796062862535,6.845514832156687,85,9
F2,mpx_004,0.1,F2_Vote3Share,0.22208121827411167,0.5781522370714701,85,9
F2,mpx_004,0.1,F2_Vote2Share,0.02823018458197611,0.08585476550680787,85,9
F2,mpx_004,0.1,F2_Vote1Share,0.024429967426710098,0.13787194267019784,85,9
F2,mpx_004,0.1,F2_VotePersistenceMean2,0.598876846479482,1.0,85,9
F2,mpx_005,0.05,R_map,0.013833113470887054,0.04949031711186942,70,9
F2,mpx_005,0.05,log_decision,2.772588722239781,3.6109179126442243,70,9
F2,mpx_005,0.05,log_elapsed,5.880525888428583,6.845514832156687,70,9
F2,mpx_005,0.05,F2_Vote3Share,0.3232242617717478,0.5781522370714701,70,9
F2,mpx_005,0.05,F2_Vote2Share,0.02823018458197611,0.08585476550680787,70,9
F2,mpx_005,0.05,F2_Vote1Share,0.024429967426710098,0.11532951289398281,70,9
F2,mpx_005,0.05,F2_VotePersistenceMean2,0.598876846479482,1.0,70,9
F2,mpx_005,0.06,R_map,0.013833113470887054,0.05982949172363511,77,9
F2,mpx_005,0.06,log_decision,2.772588722239781,3.6109179126442243,77,9
F2,mpx_005,0.06,log_elapsed,5.880525888428583,6.845514832156687,77,9
F2,mpx_005,0.06,F2_Vote3Share,0.29506953223767385,0.5781522370714701,77,9
F2,mpx_005,0.06,F2_Vote2Share,0.02823018458197611,0.08585476550680787,77,9
F2,mpx_005,0.06,F2_Vote1Share,0.024429967426710098,0.11532951289398281,77,9
F2,mpx_005,0.06,F2_VotePersistenceMean2,0.598876846479482,1.0,77,9
F2,mpx_005,0.08,R_map,0.013833113470887054,0.07848494120732614,80,9
F2,mpx_005,0.08,log_decision,2.70805020110221,3.6109179126442243,80,9
F2,mpx_005,0.08,log_elapsed,5.796051959134618,6.845514832156687,80,9
F2,mpx_005,0.08,F2_Vote3Share,0.24857719845786672,0.5781522370714701,80,9
F2,mpx_005,0.08,F2_Vote2Share,0.02823018458197611,0.08585476550680787,80,9
F2,mpx_005,0.08,F2_Vote1Share,0.024429967426710098,0.13622177345327705,80,9
F2,mpx_005,0.08,F2_VotePersistenceMean2,0.598876846479482,1.0,80,9
F2,mpx_005,0.1,R_map,0.013833113470887054,0.0975629338218657,83,9
F2,mpx_005,0.1,log_decision,2.639057329615259,3.6109179126442243,83,9
F2,mpx_005,0.1,log_elapsed,5.605796062862535,6.845514832156687,83,9
F2,mpx_005,0.1,F2_Vote3Share,0.22208121827411167,0.5781522370714701,83,9
F2,mpx_005,0.1,F2_Vote2Share,0.02823018458197611,0.08585476550680787,83,9
F2,mpx_005,0.1,F2_Vote1Share,0.024429967426710098,0.13787194267019784,83,9
F2,mpx_005,0.1,F2_VotePersistenceMean2,0.598876846479482,1.0,83,9
F2,mpx_006,0.05,R_map,0.013833113470887054,0.04949031711186942,71,9
F2,mpx_006,0.05,log_decision,2.772588722239781,3.6109179126442243,71,9
F2,mpx_006,0.05,log_elapsed,5.880525888428583,6.845514832156687,71,9
F2,mpx_006,0.05,F2_Vote3Share,0.3161309348274845,0.5781522370714701,71,9
F2,mpx_006,0.05,F2_Vote2Share,0.02823018458197611,0.08524355300859598,71,9
F2,mpx_006,0.05,F2_Vote1Share,0.024429967426710098,0.11532951289398281,71,9
F2,mpx_006,0.05,F2_VotePersistenceMean2,0.646429202576021,1.0,71,9
F2,mpx_006,0.06,R_map,0.013833113470887054,0.05982949172363511,79,9
F2,mpx_006,0.06,log_decision,2.772588722239781,3.6109179126442243,79,9
F2,mpx_006,0.06,log_elapsed,5.880525888428583,6.845514832156687,79,9
F2,mpx_006,0.06,F2_Vote3Share,0.29506953223767385,0.5781522370714701,79,9
F2,mpx_006,0.06,F2_Vote2Share,0.02823018458197611,0.08524355300859598,79,9
F2,mpx_006,0.06,F2_Vote1Share,0.024429967426710098,0.11532951289398281,79,9
F2,mpx_006,0.06,F2_VotePersistenceMean2,0.646429202576021,1.0,79,9
F2,mpx_006,0.08,R_map,0.013833113470887054,0.07848494120732614,82,9
F2,mpx_006,0.08,log_decision,2.70805020110221,3.6109179126442243,82,9
F2,mpx_006,0.08,log_elapsed,5.796051959134618,6.845514832156687,82,9
F2,mpx_006,0.08,F2_Vote3Share,0.24857719845786672,0.5781522370714701,82,9
F2,mpx_006,0.08,F2_Vote2Share,0.02823018458197611,0.08524355300859598,82,9
F2,mpx_006,0.08,F2_Vote1Share,0.024429967426710098,0.13622177345327705,82,9
F2,mpx_006,0.08,F2_VotePersistenceMean2,0.646429202576021,1.0,82,9
F2,mpx_006,0.1,R_map,0.013833113470887054,0.0975629338218657,85,9
F2,mpx_006,0.1,log_decision,2.639057329615259,3.6109179126442243,85,9
F2,mpx_006,0.1,log_elapsed,5.605796062862535,6.845514832156687,85,9
F2,mpx_006,0.1,F2_Vote3Share,0.22208121827411167,0.5781522370714701,85,9
F2,mpx_006,0.1,F2_Vote2Share,0.02823018458197611,0.08524355300859598,85,9
F2,mpx_006,0.1,F2_Vote1Share,0.024429967426710098,0.13787194267019784,85,9
F2,mpx_006,0.1,F2_VotePersistenceMean2,0.646429202576021,1.0,85,9
F2,mpx_007,0.05,R_map,0.013833113470887054,0.04949031711186942,72,9
F2,mpx_007,0.05,log_decision,2.772588722239781,3.6109179126442243,72,9
F2,mpx_007,0.05,log_elapsed,5.880525888428583,6.845514832156687,72,9
F2,mpx_007,0.05,F2_Vote3Share,0.3161309348274845,0.5781522370714701,72,9
F2,mpx_007,0.05,F2_Vote2Share,0.02823018458197611,0.08585476550680787,72,9
F2,mpx_007,0.05,F2_Vote1Share,0.024429967426710098,0.11422087745839637,72,9
F2,mpx_007,0.05,F2_VotePersistenceMean2,0.598876846479482,1.0,72,9
F2,mpx_007,0.06,R_map,0.013833113470887054,0.05982949172363511,80,9
F2,mpx_007,0.06,log_decision,2.772588722239781,3.6109179126442243,80,9
F2,mpx_007,0.06,log_elapsed,5.880525888428583,6.845514832156687,80,9
F2,mpx_007,0.06,F2_Vote3Share,0.29506953223767385,0.5781522370714701,80,9
F2,mpx_007,0.06,F2_Vote2Share,0.02823018458197611,0.08585476550680787,80,9
F2,mpx_007,0.06,F2_Vote1Share,0.024429967426710098,0.11489173663278833,80,9
F2,mpx_007,0.06,F2_VotePersistenceMean2,0.598876846479482,1.0,80,9
F2,mpx_007,0.08,R_map,0.013833113470887054,0.07848494120732614,83,9
F2,mpx_007,0.08,log_decision,2.70805020110221,3.6109179126442243,83,9
F2,mpx_007,0.08,log_elapsed,5.796051959134618,6.845514832156687,83,9
F2,mpx_007,0.08,F2_Vote3Share,0.24857719845786672,0.5781522370714701,83,9
F2,mpx_007,0.08,F2_Vote2Share,0.02823018458197611,0.08585476550680787,83,9
F2,mpx_007,0.08,F2_Vote1Share,0.024429967426710098,0.13622177345327705,83,9
F2,mpx_007,0.08,F2_VotePersistenceMean2,0.598876846479482,1.0,83,9
F2,mpx_007,0.1,R_map,0.013833113470887054,0.09444128082701826,85,9
F2,mpx_007,0.1,log_decision,2.639057329615259,3.6109179126442243,85,9
F2,mpx_007,0.1,log_elapsed,5.605796062862535,6.845514832156687,85,9
F2,mpx_007,0.1,F2_Vote3Share,0.23209876543209876,0.5781522370714701,85,9
F2,mpx_007,0.1,F2_Vote2Share,0.02823018458197611,0.08585476550680787,85,9
F2,mpx_007,0.1,F2_Vote1Share,0.024429967426710098,0.13787194267019784,85,9
F2,mpx_007,0.1,F2_VotePersistenceMean2,0.598876846479482,1.0,85,9
F2,mpx_008,0.05,R_map,0.013833113470887054,0.048979209589810835,73,9
F2,mpx_008,0.05,log_decision,2.772588722239781,3.6109179126442243,73,9
F2,mpx_008,0.05,log_elapsed,5.880525888428583,6.845514832156687,73,9
F2,mpx_008,0.05,F2_Vote3Share,0.3161309348274845,0.5781522370714701,73,9
F2,mpx_008,0.05,F2_Vote2Share,0.02823018458197611,0.08585476550680787,73,9
F2,mpx_008,0.05,F2_Vote1Share,0.024429967426710098,0.11532951289398281,73,9
F2,mpx_008,0.05,F2_VotePersistenceMean2,0.598876846479482,1.0,73,9
F2,mpx_008,0.06,R_map,0.013833113470887054,0.05982949172363511,81,9
F2,mpx_008,0.06,log_decision,2.772588722239781,3.6109179126442243,81,9
F2,mpx_008,0.06,log_elapsed,5.880525888428583,6.845514832156687,81,9
F2,mpx_008,0.06,F2_Vote3Share,0.29506953223767385,0.5781522370714701,81,9
F2,mpx_008,0.06,F2_Vote2Share,0.02823018458197611,0.08585476550680787,81,9
F2,mpx_008,0.06,F2_Vote1Share,0.024429967426710098,0.11532951289398281,81,9
F2,mpx_008,0.06,F2_VotePersistenceMean2,0.598876846479482,1.0,81,9
F2,mpx_008,0.08,R_map,0.013833113470887054,0.07848494120732614,84,9
F2,mpx_008,0.08,log_decision,2.70805020110221,3.6109179126442243,84,9
F2,mpx_008,0.08,log_elapsed,5.796051959134618,6.845514832156687,84,9
F2,mpx_008,0.08,F2_Vote3Share,0.24857719845786672,0.5781522370714701,84,9
F2,mpx_008,0.08,F2_Vote2Share,0.02823018458197611,0.08585476550680787,84,9
F2,mpx_008,0.08,F2_Vote1Share,0.024429967426710098,0.13622177345327705,84,9
F2,mpx_008,0.08,F2_VotePersistenceMean2,0.598876846479482,1.0,84,9
F2,mpx_008,0.1,R_map,0.013833113470887054,0.0975629338218657,87,9
F2,mpx_008,0.1,log_decision,2.639057329615259,3.6109179126442243,87,9
F2,mpx_008,0.1,log_elapsed,5.605796062862535,6.845514832156687,87,9
F2,mpx_008,0.1,F2_Vote3Share,0.22208121827411167,0.5781522370714701,87,9
F2,mpx_008,0.1,F2_Vote2Share,0.02823018458197611,0.08585476550680787,87,9
F2,mpx_008,0.1,F2_Vote1Share,0.024429967426710098,0.13787194267019784,87,9
F2,mpx_008,0.1,F2_VotePersistenceMean2,0.598876846479482,1.0,87,9
F2,mpx_009,0.05,R_map,0.013833113470887054,0.04949031711186942,67,9
F2,mpx_009,0.05,log_decision,2.772588722239781,3.6109179126442243,67,9
F2,mpx_009,0.05,log_elapsed,5.880525888428583,6.845514832156687,67,9
F2,mpx_009,0.05,F2_Vote3Share,0.3161309348274845,0.5781522370714701,67,9
F2,mpx_009,0.05,F2_Vote2Share,0.02823018458197611,0.08585476550680787,67,9
F2,mpx_009,0.05,F2_Vote1Share,0.024429967426710098,0.11532951289398281,67,9
F2,mpx_009,0.05,F2_VotePersistenceMean2,0.598876846479482,1.0,67,9
F2,mpx_009,0.06,R_map,0.013833113470887054,0.05982949172363511,76,9
F2,mpx_009,0.06,log_decision,2.772588722239781,3.6109179126442243,76,9
F2,mpx_009,0.06,log_elapsed,5.880525888428583,6.845514832156687,76,9
F2,mpx_009,0.06,F2_Vote3Share,0.29506953223767385,0.5781522370714701,76,9
F2,mpx_009,0.06,F2_Vote2Share,0.02823018458197611,0.08585476550680787,76,9
F2,mpx_009,0.06,F2_Vote1Share,0.024429967426710098,0.11532951289398281,76,9
F2,mpx_009,0.06,F2_VotePersistenceMean2,0.598876846479482,1.0,76,9
F2,mpx_009,0.08,R_map,0.013833113470887054,0.07848494120732614,79,9
F2,mpx_009,0.08,log_decision,2.70805020110221,3.6109179126442243,79,9
F2,mpx_009,0.08,log_elapsed,5.796051959134618,6.845514832156687,79,9
F2,mpx_009,0.08,F2_Vote3Share,0.24857719845786672,0.5781522370714701,79,9
F2,mpx_009,0.08,F2_Vote2Share,0.02823018458197611,0.08585476550680787,79,9
F2,mpx_009,0.08,F2_Vote1Share,0.024429967426710098,0.13622177345327705,79,9
F2,mpx_009,0.08,F2_VotePersistenceMean2,0.598876846479482,1.0,79,9
F2,mpx_009,0.1,R_map,0.013833113470887054,0.0975629338218657,82,9
F2,mpx_009,0.1,log_decision,2.639057329615259,3.6109179126442243,82,9
F2,mpx_009,0.1,log_elapsed,5.605796062862535,6.845514832156687,82,9
F2,mpx_009,0.1,F2_Vote3Share,0.22208121827411167,0.5781522370714701,82,9
F2,mpx_009,0.1,F2_Vote2Share,0.02823018458197611,0.08585476550680787,82,9
F2,mpx_009,0.1,F2_Vote1Share,0.024429967426710098,0.13787194267019784,82,9
F2,mpx_009,0.1,F2_VotePersistenceMean2,0.598876846479482,1.0,82,9
F2,mpx_010,0.05,R_map,0.013833113470887054,0.04949031711186942,66,9
F2,mpx_010,0.05,log_decision,2.772588722239781,3.5263605246161616,66,9
F2,mpx_010,0.05,log_elapsed,5.880525888428583,6.749898166128409,66,9
F2,mpx_010,0.05,F2_Vote3Share,0.3161309348274845,0.5737905695039804,66,9
F2,mpx_010,0.05,F2_Vote2Share,0.02823018458197611,0.08585476550680787,66,9
F2,mpx_010,0.05,F2_Vote1Share,0.024429967426710098,0.11532951289398281,66,9
F2,mpx_010,0.05,F2_VotePersistenceMean2,0.598876846479482,1.0,66,9
F2,mpx_010,0.06,R_map,0.013833113470887054,0.0577589471352734,73,9
F2,mpx_010,0.06,log_decision,2.772588722239781,3.5263605246161616,73,9
F2,mpx_010,0.06,log_elapsed,5.880525888428583,6.749898166128409,73,9
F2,mpx_010,0.06,F2_Vote3Share,0.29506953223767385,0.5737905695039804,73,9
F2,mpx_010,0.06,F2_Vote2Share,0.02823018458197611,0.08585476550680787,73,9
F2,mpx_010,0.06,F2_Vote1Share,0.024429967426710098,0.11532951289398281,73,9
F2,mpx_010,0.06,F2_VotePersistenceMean2,0.598876846479482,1.0,73,9
F2,mpx_010,0.08,R_map,0.013833113470887054,0.07848494120732614,75,9
F2,mpx_010,0.08,log_decision,2.70805020110221,3.5263605246161616,75,9
F2,mpx_010,0.08,log_elapsed,5.796051959134618,6.749898166128409,75,9
F2,mpx_010,0.08,F2_Vote3Share,0.24857719845786672,0.5737905695039804,75,9
F2,mpx_010,0.08,F2_Vote2Share,0.02823018458197611,0.08585476550680787,75,9
F2,mpx_010,0.08,F2_Vote1Share,0.024429967426710098,0.13622177345327705,75,9
F2,mpx_010,0.08,F2_VotePersistenceMean2,0.598876846479482,1.0,75,9
F2,mpx_010,0.1,R_map,0.013833113470887054,0.0975629338218657,78,9
F2,mpx_010,0.1,log_decision,2.639057329615259,3.5263605246161616,78,9
F2,mpx_010,0.1,log_elapsed,5.605796062862535,6.749898166128409,78,9
F2,mpx_010,0.1,F2_Vote3Share,0.22208121827411167,0.5737905695039804,78,9
F2,mpx_010,0.1,F2_Vote2Share,0.02823018458197611,0.08585476550680787,78,9
F2,mpx_010,0.1,F2_Vote1Share,0.024429967426710098,0.13787194267019784,78,9
F2,mpx_010,0.1,F2_VotePersistenceMean2,0.598876846479482,1.0,78,9
