snapshot_id,event,time_s,coverage,known_fraction,distance_m,robot_map_x,robot_map_y,robot_map_yaw,raw_map_file,canvas_map_file,source_map_stamp_s,canvas_id
1,periodic,1.070625305,0.022952741,0.001384282,0.000000000,0.000000000,-0.000000000,0.000000000,maps/snapshot_000001_periodic_raw.npz,maps/snapshot_000001_periodic_canvas.npz,33.000000000,hospital_canvas_v1
2,periodic,12.094046116,0.163098727,0.010072058,2.241241544,-1.768128274,0.452239708,1.919608843,maps/snapshot_000002_periodic_raw.npz,maps/snapshot_000002_periodic_canvas.npz,44.600000000,hospital_canvas_v1
3,periodic,23.077910423,0.212845650,0.013330444,4.802361971,-2.364415200,1.971252955,-2.161132848,maps/snapshot_000003_periodic_raw.npz,maps/snapshot_000003_periodic_canvas.npz,55.100000000,hospital_canvas_v1
4,periodic,34.086078644,0.273115243,0.017363025,9.567389929,-5.421820544,0.430616968,2.924888379,maps/snapshot_000004_periodic_raw.npz,maps/snapshot_000004_periodic_canvas.npz,65.700000000,hospital_canvas_v1
5,periodic,45.266797543,0.356156428,0.022667141,13.206387235,-8.133599032,1.922160968,-2.890336286,maps/snapshot_000005_periodic_raw.npz,maps/snapshot_000005_periodic_canvas.npz,74.400000000,hospital_canvas_v1
6,periodic,57.387785196,0.387314188,0.024776761,16.870054447,-10.901128236,0.497062532,2.686676669,maps/snapshot_000006_periodic_raw.npz,maps/snapshot_000006_periodic_canvas.npz,86.000000000,hospital_canvas_v1
7,periodic,68.072320938,0.389647824,0.024920827,20.373677009,-8.380250773,1.969489235,-0.000565146,maps/snapshot_000007_periodic_raw.npz,maps/snapshot_000007_periodic_canvas.npz,98.400000000,hospital_canvas_v1
8,periodic,79.078254461,0.397575790,0.025492078,25.643343745,-6.289946169,-1.258015740,-1.781610671,maps/snapshot_000008_periodic_raw.npz,maps/snapshot_000008_periodic_canvas.npz,109.000000000,hospital_canvas_v1
9,periodic,90.085932970,0.474186158,0.031774586,30.447876059,-7.988339182,-5.573760317,-2.820002043,maps/snapshot_000009_periodic_raw.npz,maps/snapshot_000009_periodic_canvas.npz,119.500000000,hospital_canvas_v1
10,periodic,101.080614805,0.490074058,0.033115022,33.071555025,-5.703640306,-5.583594365,-3.139612420,maps/snapshot_000010_periodic_raw.npz,maps/snapshot_000010_periodic_canvas.npz,130.200000000,hospital_canvas_v1
11,periodic,112.091732025,0.511737439,0.035585432,36.714568962,-2.055859247,-5.550706546,3.126388105,maps/snapshot_000011_periodic_raw.npz,maps/snapshot_000011_periodic_canvas.npz,140.600000000,hospital_canvas_v1
12,periodic,123.102581263,0.535723800,0.037404416,40.358619161,1.587793703,-5.555208086,3.122534513,maps/snapshot_000012_periodic_raw.npz,maps/snapshot_000012_periodic_canvas.npz,151.000000000,hospital_canvas_v1
13,periodic,134.093462467,0.579663275,0.041773985,43.349712778,4.188280169,-4.720809992,0.903469894,maps/snapshot_000013_periodic_raw.npz,maps/snapshot_000013_periodic_canvas.npz,161.400000000,hospital_canvas_v1
14,periodic,145.092166424,0.605706218,0.043516551,45.582918697,2.880723020,-3.428579785,-3.011852484,maps/snapshot_000014_periodic_raw.npz,maps/snapshot_000014_periodic_canvas.npz,171.900000000,hospital_canvas_v1
15,periodic,156.093210220,0.611929245,0.043933715,47.808087840,4.057331368,-3.250544950,0.552258849,maps/snapshot_000015_periodic_raw.npz,maps/snapshot_000015_periodic_canvas.npz,182.500000000,hospital_canvas_v1
16,periodic,169.059485197,0.644466940,0.046055862,52.012859062,6.774624600,-0.168723512,1.631038983,maps/snapshot_000016_periodic_raw.npz,maps/snapshot_000016_periodic_canvas.npz,192.000000000,hospital_canvas_v1
17,periodic,180.744767666,0.665187277,0.047410078,54.401404101,8.648633761,0.462567280,1.666420833,maps/snapshot_000017_periodic_raw.npz,maps/snapshot_000017_periodic_canvas.npz,203.600000000,hospital_canvas_v1
18,periodic,191.091358900,0.701049603,0.049667522,57.934306859,11.119580137,1.984117604,-0.058959201,maps/snapshot_000018_periodic_raw.npz,maps/snapshot_000018_periodic_canvas.npz,216.100000000,hospital_canvas_v1
19,periodic,202.070396662,0.703058234,0.049811587,59.857162701,10.044325475,1.617841649,-1.122449426,maps/snapshot_000019_periodic_raw.npz,maps/snapshot_000019_periodic_canvas.npz,226.800000000,hospital_canvas_v1
20,periodic,213.073173523,0.705072194,0.049945631,65.064453559,6.810367558,-1.806788198,-1.921508316,maps/snapshot_000020_periodic_raw.npz,maps/snapshot_000020_periodic_canvas.npz,237.200000000,hospital_canvas_v1
21,periodic,224.086945295,0.705626299,0.050060883,70.294771536,4.634986825,-6.478753889,-1.715017636,maps/snapshot_000021_periodic_raw.npz,maps/snapshot_000021_periodic_canvas.npz,247.800000000,hospital_canvas_v1
22,periodic,235.101108551,0.715770686,0.051819735,75.473199304,7.128095968,-10.148035514,-1.392370831,maps/snapshot_000022_periodic_raw.npz,maps/snapshot_000022_periodic_canvas.npz,258.300000000,hospital_canvas_v1
23,periodic,246.083379030,0.722910118,0.053901795,77.956063592,8.669372975,-11.747865428,-1.504334042,maps/snapshot_000023_periodic_raw.npz,maps/snapshot_000023_periodic_canvas.npz,268.900000000,hospital_canvas_v1
24,periodic,257.077517748,0.736059460,0.054926539,80.331831067,10.418265901,-11.474238243,0.219843843,maps/snapshot_000024_periodic_raw.npz,maps/snapshot_000024_periodic_canvas.npz,279.600000000,hospital_canvas_v1
25,periodic,268.089146852,0.760887634,0.056550095,85.479268601,9.998363642,-7.100843002,1.514955051,maps/snapshot_000025_periodic_raw.npz,maps/snapshot_000025_periodic_canvas.npz,290.200000000,hospital_canvas_v1
26,periodic,279.089234591,0.769369705,0.057101302,87.590753206,10.333502126,-8.331183762,-1.064979549,maps/snapshot_000026_periodic_raw.npz,maps/snapshot_000026_periodic_canvas.npz,300.900000000,hospital_canvas_v1
27,periodic,290.074630976,0.769364377,0.057026137,92.939090950,8.889131058,-11.394073142,3.079751946,maps/snapshot_000027_periodic_raw.npz,maps/snapshot_000027_periodic_canvas.npz,311.600000000,hospital_canvas_v1
28,periodic,301.087991476,0.770158240,0.057170203,98.222623307,5.652339499,-8.054824665,2.968890164,maps/snapshot_000028_periodic_raw.npz,maps/snapshot_000028_periodic_canvas.npz,322.300000000,hospital_canvas_v1
29,periodic,312.078859568,0.770488572,0.057220312,103.536842210,5.150877689,-3.535974093,1.237823894,maps/snapshot_000029_periodic_raw.npz,maps/snapshot_000029_periodic_canvas.npz,332.900000000,hospital_canvas_v1
30,periodic,323.074685812,0.770904150,0.057250378,108.644398829,6.114962142,0.928787613,2.231786614,maps/snapshot_000030_periodic_raw.npz,maps/snapshot_000030_periodic_canvas.npz,343.600000000,hospital_canvas_v1
31,periodic,334.079314947,0.787846982,0.058354045,111.478191298,6.300438657,3.259670864,2.182830154,maps/snapshot_000031_periodic_raw.npz,maps/snapshot_000031_periodic_canvas.npz,354.300000000,hospital_canvas_v1
32,periodic,345.489785194,0.797053652,0.058914022,115.022343550,3.540667295,5.127188649,2.763873368,maps/snapshot_000032_periodic_raw.npz,maps/snapshot_000032_periodic_canvas.npz,363.100000000,hospital_canvas_v1
33,periodic,356.088247538,0.797309393,0.058929055,118.485242332,5.534090362,2.999465356,1.787508443,maps/snapshot_000033_periodic_raw.npz,maps/snapshot_000033_periodic_canvas.npz,375.800000000,hospital_canvas_v1
34,periodic,367.074826479,0.797650381,0.058949099,122.084980219,7.103575602,0.182299435,-0.495766383,maps/snapshot_000034_periodic_raw.npz,maps/snapshot_000034_periodic_canvas.npz,386.300000000,hospital_canvas_v1
35,periodic,378.086303473,0.797682349,0.058949099,127.390529772,9.397917877,2.829382350,2.143175062,maps/snapshot_000035_periodic_raw.npz,maps/snapshot_000035_periodic_canvas.npz,396.900000000,hospital_canvas_v1
36,periodic,388.598819256,0.799813522,0.059098175,130.131679575,9.416689888,5.306247826,0.355597874,maps/snapshot_000036_periodic_raw.npz,maps/snapshot_000036_periodic_canvas.npz,404.600000000,hospital_canvas_v1
37,periodic,399.077509165,0.799813522,0.059101933,134.220175449,9.845627026,1.762264350,-1.144152958,maps/snapshot_000037_periodic_raw.npz,maps/snapshot_000037_periodic_canvas.npz,417.100000000,hospital_canvas_v1
38,periodic,410.085582733,0.799834834,0.059104439,139.525608000,6.564642838,-1.626614886,-2.220349543,maps/snapshot_000038_periodic_raw.npz,maps/snapshot_000038_periodic_canvas.npz,427.700000000,hospital_canvas_v1
39,periodic,421.077142239,0.800218445,0.059118219,144.772155403,3.151609207,-5.441480489,-2.976026895,maps/snapshot_000039_periodic_raw.npz,maps/snapshot_000039_periodic_canvas.npz,438.200000000,hospital_canvas_v1
40,periodic,432.086257219,0.800399595,0.059095670,150.015154379,-2.078705243,-5.501416641,3.140367825,maps/snapshot_000040_periodic_raw.npz,maps/snapshot_000040_periodic_canvas.npz,448.700000000,hospital_canvas_v1
41,periodic,443.084026575,0.800548777,0.059149537,155.294637410,-7.369624618,-5.522483876,-3.106839894,maps/snapshot_000041_periodic_raw.npz,maps/snapshot_000041_periodic_canvas.npz,459.400000000,hospital_canvas_v1
42,periodic,454.078393698,0.814689115,0.060449885,160.591142153,-10.596049773,-9.304975814,-2.363982208,maps/snapshot_000042_periodic_raw.npz,maps/snapshot_000042_periodic_canvas.npz,470.000000000,hospital_canvas_v1
43,periodic,465.097249985,0.816138313,0.061287971,163.476761097,-11.314076857,-10.266347606,-1.813051885,maps/snapshot_000043_periodic_raw.npz,maps/snapshot_000043_periodic_canvas.npz,480.700000000,hospital_canvas_v1
44,periodic,476.073331833,0.816138313,0.061306762,167.660374385,-9.005243828,-7.096909293,0.886646574,maps/snapshot_000044_periodic_raw.npz,maps/snapshot_000044_periodic_canvas.npz,491.300000000,hospital_canvas_v1
45,periodic,487.086993456,0.816873568,0.061386937,172.933308760,-6.095773533,-7.773472490,-1.933772562,maps/snapshot_000045_periodic_raw.npz,maps/snapshot_000045_periodic_canvas.npz,501.900000000,hospital_canvas_v1
46,periodic,498.077947140,0.817640791,0.061469618,176.317004667,-7.122676876,-9.227492044,-1.894635534,maps/snapshot_000046_periodic_raw.npz,maps/snapshot_000046_periodic_canvas.npz,512.600000000,hospital_canvas_v1
47,periodic,509.080804586,0.817683414,0.061489662,178.594324372,-5.908272144,-7.534213233,1.761860881,maps/snapshot_000047_periodic_raw.npz,maps/snapshot_000047_periodic_canvas.npz,523.200000000,hospital_canvas_v1
48,periodic,520.100021601,0.817715382,0.061445816,183.561935691,-6.883089350,-2.830620589,1.535478382,maps/snapshot_000048_periodic_raw.npz,maps/snapshot_000048_periodic_canvas.npz,533.900000000,hospital_canvas_v1
49,periodic,531.082447052,0.817758005,0.061462102,188.879682139,-6.544740566,2.205992717,2.397754795,maps/snapshot_000049_periodic_raw.npz,maps/snapshot_000049_periodic_canvas.npz,544.600000000,hospital_canvas_v1
50,periodic,542.099639654,0.825579413,0.061964452,194.229132181,-10.645911029,5.259258919,3.083725609,maps/snapshot_000050_periodic_raw.npz,maps/snapshot_000050_periodic_canvas.npz,555.300000000,hospital_canvas_v1
51,periodic,553.077357769,0.828520433,0.062143594,196.608015093,-10.767061694,5.303047334,-0.057176832,maps/snapshot_000051_periodic_raw.npz,maps/snapshot_000051_periodic_canvas.npz,566.100000000,hospital_canvas_v1
52,periodic,564.084334135,0.828605680,0.062153616,201.903636811,-6.746300245,2.328509810,-0.721129890,maps/snapshot_000052_periodic_raw.npz,maps/snapshot_000052_periodic_canvas.npz,576.700000000,hospital_canvas_v1
53,periodic,575.092562199,0.829010603,0.062172408,207.097542721,-2.656193243,0.364579754,0.257522999,maps/snapshot_000053_periodic_raw.npz,maps/snapshot_000053_periodic_canvas.npz,587.300000000,hospital_canvas_v1
54,periodic,586.085011244,0.832937290,0.062424209,212.383359103,-2.954252037,5.061198293,1.098226054,maps/snapshot_000054_periodic_raw.npz,maps/snapshot_000054_periodic_canvas.npz,597.900000000,hospital_canvas_v1
55,periodic,597.068525314,0.833555331,0.062460539,214.565817947,-2.741275516,5.244741091,-1.793256593,maps/snapshot_000055_periodic_raw.npz,maps/snapshot_000055_periodic_canvas.npz,608.600000000,hospital_canvas_v1
56,periodic,608.077220678,0.833587298,0.062464297,219.844547872,-1.998950525,0.291607144,-1.440678274,maps/snapshot_000056_periodic_raw.npz,maps/snapshot_000056_periodic_canvas.npz,619.100000000,hospital_canvas_v1
57,periodic,619.077714443,0.833587298,0.062464297,225.122591440,1.426107662,-2.361324549,-0.417410670,maps/snapshot_000057_periodic_raw.npz,maps/snapshot_000057_periodic_canvas.npz,629.700000000,hospital_canvas_v1
58,periodic,630.077498674,0.833384837,0.062455528,230.406804044,4.023833230,-5.947781062,-1.846456912,maps/snapshot_000058_periodic_raw.npz,maps/snapshot_000058_periodic_canvas.npz,640.300000000,hospital_canvas_v1
59,periodic,641.098035336,0.835441419,0.062594582,235.171501382,0.650510449,-8.412859319,-1.927476796,maps/snapshot_000059_periodic_raw.npz,maps/snapshot_000059_periodic_canvas.npz,650.900000000,hospital_canvas_v1
60,periodic,651.241477489,0.835697160,0.062620890,237.101913522,0.927440928,-10.224790130,-0.329580232,maps/snapshot_000060_periodic_raw.npz,maps/snapshot_000060_periodic_canvas.npz,658.600000000,hospital_canvas_v1
61,periodic,662.080747604,0.834290586,0.062524428,240.082107050,1.331974719,-12.446958082,-0.218484170,maps/snapshot_000061_periodic_raw.npz,maps/snapshot_000061_periodic_canvas.npz,671.300000000,hospital_canvas_v1
62,periodic,673.077153921,0.834311897,0.062530692,244.162355839,2.710164284,-9.617990476,1.213210081,maps/snapshot_000062_periodic_raw.npz,maps/snapshot_000062_periodic_canvas.npz,682.000000000,hospital_canvas_v1
63,periodic,684.079182863,0.835867654,0.062489352,249.428794606,1.076671392,-6.427175013,3.141057937,maps/snapshot_000063_periodic_raw.npz,maps/snapshot_000063_periodic_canvas.npz,692.600000000,hospital_canvas_v1
64,periodic,695.091010094,0.836336512,0.062533198,254.738801404,-1.881707091,-9.002695458,-1.351642945,maps/snapshot_000064_periodic_raw.npz,maps/snapshot_000064_periodic_canvas.npz,703.200000000,hospital_canvas_v1
65,periodic,708.067832947,0.836464383,0.062909021,257.686167079,-1.690492964,-11.769860367,-2.293461568,maps/snapshot_000065_periodic_raw.npz,maps/snapshot_000065_periodic_canvas.npz,713.900000000,hospital_canvas_v1
66,periodic,719.087651968,0.836464383,0.062915284,261.362591396,-3.471323296,-10.130658175,3.072045978,maps/snapshot_000066_periodic_raw.npz,maps/snapshot_000066_periodic_canvas.npz,726.500000000,hospital_canvas_v1
67,periodic,730.071849585,0.836560286,0.063005482,266.651464304,-6.613957728,-6.319287520,2.583915638,maps/snapshot_000067_periodic_raw.npz,maps/snapshot_000067_periodic_canvas.npz,737.100000000,hospital_canvas_v1
68,periodic,741.078134775,0.836624221,0.063012998,272.007071545,-11.155584978,-6.107799767,-2.217390007,maps/snapshot_000068_periodic_raw.npz,maps/snapshot_000068_periodic_canvas.npz,747.800000000,hospital_canvas_v1
69,periodic,752.091889858,0.836794715,0.063023020,275.026150438,-12.283338036,-7.507571558,-2.068890634,maps/snapshot_000069_periodic_raw.npz,maps/snapshot_000069_periodic_canvas.npz,758.500000000,hospital_canvas_v1
70,periodic,763.076116562,0.836794715,0.063023020,278.727876878,-9.684824697,-4.901355452,-2.452684664,maps/snapshot_000070_periodic_raw.npz,maps/snapshot_000070_periodic_canvas.npz,769.100000000,hospital_canvas_v1
71,periodic,774.072564840,0.836464383,0.062939087,283.015368682,-6.091633684,-6.841080446,-1.124647180,maps/snapshot_000071_periodic_raw.npz,maps/snapshot_000071_periodic_canvas.npz,779.800000000,hospital_canvas_v1
72,periodic,785.084907532,0.836954553,0.062939087,288.243302487,-6.819755895,-11.602682404,-0.493436406,maps/snapshot_000072_periodic_raw.npz,maps/snapshot_000072_periodic_canvas.npz,790.400000000,hospital_canvas_v1
73,periodic,796.089030981,0.836954553,0.062939087,291.146494960,-7.077098328,-9.125931559,1.242486685,maps/snapshot_000073_periodic_raw.npz,maps/snapshot_000073_periodic_canvas.npz,801.100000000,hospital_canvas_v1
74,periodic,807.072177887,0.836784059,0.062927812,296.419769057,-5.255062241,-4.267251209,1.146416344,maps/snapshot_000074_periodic_raw.npz,maps/snapshot_000074_periodic_canvas.npz,811.700000000,hospital_canvas_v1
75,periodic,818.073808193,0.836805371,0.062932823,301.667897909,-2.780673515,0.176156281,0.648291300,maps/snapshot_000075_periodic_raw.npz,maps/snapshot_000075_periodic_canvas.npz,822.100000000,hospital_canvas_v1
76,periodic,829.092425585,0.836954553,0.062952867,306.926042008,0.433518632,3.997715821,0.418612374,maps/snapshot_000076_periodic_raw.npz,maps/snapshot_000076_periodic_canvas.npz,832.700000000,hospital_canvas_v1
77,periodic,840.091075659,0.835718472,0.062981680,312.223571423,5.141733366,6.104301589,0.116794445,maps/snapshot_000077_periodic_raw.npz,maps/snapshot_000077_periodic_canvas.npz,843.300000000,hospital_canvas_v1
78,periodic,850.947164059,0.835782407,0.062990449,313.464790556,6.339911202,6.381414213,0.176129513,maps/snapshot_000078_periodic_raw.npz,maps/snapshot_000078_periodic_canvas.npz,848.200000000,hospital_canvas_v1
79,periodic,861.073237419,0.835782407,0.062990449,313.464790556,6.339911202,6.381414213,0.176129513,maps/snapshot_000079_periodic_raw.npz,maps/snapshot_000079_periodic_canvas.npz,864.000000000,hospital_canvas_v1
80,periodic,872.076378345,0.835782407,0.062990449,313.464790556,6.339911202,6.381414213,0.176129513,maps/snapshot_000080_periodic_raw.npz,maps/snapshot_000080_periodic_canvas.npz,875.000000000,hospital_canvas_v1
81,periodic,883.084919214,0.835782407,0.062990449,313.464790556,6.339911202,6.381414213,0.176129513,maps/snapshot_000081_periodic_raw.npz,maps/snapshot_000081_periodic_canvas.npz,885.900000000,hospital_canvas_v1
82,periodic,894.075214386,0.835782407,0.062990449,313.464790556,6.339911202,6.381414213,0.176129513,maps/snapshot_000082_periodic_raw.npz,maps/snapshot_000082_periodic_canvas.npz,896.800000000,hospital_canvas_v1
83,periodic,905.088960648,0.835782407,0.062990449,313.464790556,6.339911202,6.381414213,0.176129513,maps/snapshot_000083_periodic_raw.npz,maps/snapshot_000083_periodic_canvas.npz,907.500000000,hospital_canvas_v1
84,periodic,916.089645386,0.835782407,0.062990449,313.464790556,6.339911202,6.381414213,0.176129513,maps/snapshot_000084_periodic_raw.npz,maps/snapshot_000084_periodic_canvas.npz,918.300000000,hospital_canvas_v1
85,periodic,927.077822208,0.835782407,0.062990449,313.464790556,6.339911202,6.381414213,0.176129513,maps/snapshot_000085_periodic_raw.npz,maps/snapshot_000085_periodic_canvas.npz,929.200000000,hospital_canvas_v1
86,periodic,938.089616060,0.835782407,0.062990449,313.464790556,6.339911202,6.381414213,0.176129513,maps/snapshot_000086_periodic_raw.npz,maps/snapshot_000086_periodic_canvas.npz,940.000000000,hospital_canvas_v1
87,periodic,949.089919329,0.835782407,0.062990449,313.464790556,6.339911202,6.381414213,0.176129513,maps/snapshot_000087_periodic_raw.npz,maps/snapshot_000087_periodic_canvas.npz,950.900000000,hospital_canvas_v1
88,periodic,960.080388069,0.835782407,0.062990449,313.464790556,6.339911202,6.381414213,0.176129513,maps/snapshot_000088_periodic_raw.npz,maps/snapshot_000088_periodic_canvas.npz,961.600000000,hospital_canvas_v1
89,periodic,971.081025124,0.835782407,0.062990449,313.464790556,6.339911202,6.381414213,0.176129513,maps/snapshot_000089_periodic_raw.npz,maps/snapshot_000089_periodic_canvas.npz,972.200000000,hospital_canvas_v1
90,periodic,982.095831633,0.835782407,0.062990449,313.464790556,6.339911202,6.381414213,0.176129513,maps/snapshot_000090_periodic_raw.npz,maps/snapshot_000090_periodic_canvas.npz,983.000000000,hospital_canvas_v1
91,periodic,993.085851669,0.835782407,0.062990449,313.464790556,6.339911202,6.381414213,0.176129513,maps/snapshot_000091_periodic_raw.npz,maps/snapshot_000091_periodic_canvas.npz,993.800000000,hospital_canvas_v1
92,periodic,1004.096224070,0.835782407,0.062990449,313.464790556,6.339911202,6.381414213,0.176129513,maps/snapshot_000092_periodic_raw.npz,maps/snapshot_000092_periodic_canvas.npz,1004.700000000,hospital_canvas_v1
93,periodic,1015.078822374,0.835782407,0.062990449,313.464790556,6.339911202,6.381414213,0.176129513,maps/snapshot_000093_periodic_raw.npz,maps/snapshot_000093_periodic_canvas.npz,1015.500000000,hospital_canvas_v1
94,periodic,1026.088849306,0.835782407,0.062990449,313.464790556,6.339911202,6.381414213,0.176129513,maps/snapshot_000094_periodic_raw.npz,maps/snapshot_000094_periodic_canvas.npz,1026.400000000,hospital_canvas_v1
95,final,1031.593125105,0.835782407,0.062990449,313.464790556,6.339911202,6.381414213,0.176129513,maps/snapshot_000095_final_raw.npz,maps/snapshot_000095_final_canvas.npz,1032.200000000,hospital_canvas_v1
