heldout_run,n,median_minus_run,MedianInfluence,IQR_minus_run,IQRInfluence,POS_fraction_minus_run,PositiveRateInfluence,H1_H3_DelayedPositive_rate_minus_run,H1_H3_EarlyPositiveReversal_rate_minus_run,H1_FULL_DelayedPositive_rate_minus_run,H1_FULL_EarlyPositiveReversal_rate_minus_run
mpx_001,321,0.0010148209508352712,-3.015823482388491e-06,0.01011321405801957,9.633720706003768e-06,0.5669781931464174,-0.0007810100478258253,0.132013201320132,0.06930693069306931,0.06542056074766354,0.2585669781931464
mpx_002,319,0.0009824024303420886,2.940269701079412e-05,0.01068195842980657,-0.0005591106510809962,0.5611285266457681,0.005068656452823506,0.13953488372093023,0.0664451827242525,0.07210031347962383,0.23824451410658307
mpx_003,315,0.0010118051273528827,0.0,0.010122847778725574,0.0,0.5714285714285714,-0.005231388329979825,0.12457912457912458,0.07407407407407407,0.047619047619047616,0.2761904761904762
mpx_004,320,0.0009271683910466733,8.463673630620949e-05,0.009148637728866732,0.0009742100498588424,0.559375,0.0068221830985916165,0.1357615894039735,0.0728476821192053,0.06875,0.259375
mpx_005,322,0.0009971037788474857,1.470134850539706e-05,0.009969737306231408,0.00015311047249416676,0.5683229813664596,-0.002125798267868073,0.125,0.0756578947368421,0.06832298136645963,0.2577639751552795
mpx_006,320,0.001084896967928406,-7.30918405755232e-05,0.010556315827757401,-0.00043346804903182656,0.571875,-0.00567781690140845,0.1357615894039735,0.0695364238410596,0.05,0.28125
mpx_007,321,0.0010369914876104946,-2.5186360257611895e-05,0.010430673225708231,-0.0003078254469826569,0.5700934579439252,-0.003896274845333614,0.132013201320132,0.06930693069306931,0.059190031152647975,0.2585669781931464
mpx_008,321,0.0010148209508352712,-3.015823482388491e-06,0.010132481499431578,-9.633720706003768e-06,0.5700934579439252,-0.003896274845333614,0.13861386138613863,0.07920792079207921,0.07165109034267912,0.2554517133956386
mpx_009,320,0.0007601431710286821,0.00025166195632420063,0.009884955519592842,0.0002378922591327326,0.55625,0.00994718309859155,0.1390728476821192,0.0728476821192053,0.071875,0.259375
mpx_010,316,0.001013313039094077,-1.5079117411942455e-06,0.010207029431000741,-8.418165227516705e-05,0.5664556962025317,-0.0002585131039400945,0.14093959731543623,0.06711409395973154,0.07278481012658228,0.2468354430379747
