arm,heldout_run,selection_status,selected_tau,rate_margin,g_support,training_median_delay,training_mean_delay,training_positive_saving,training_fired
F1,mpx_001,SELECTED,0.08,0.15760391638416166,0.9999999701976784,0.0,0.1111111111111111,9,9
F1,mpx_002,SELECTED,0.06,0.14956946307529087,0.9999999701976784,2.0,2.0,9,9
F1,mpx_003,SELECTED,0.06,0.1547735907170559,0.9999999701976784,2.0,1.8888888888888888,9,9
F1,mpx_004,SELECTED,0.06,0.14711288330273847,0.9999999701976784,1.0,1.7777777777777777,9,9
F1,mpx_005,SELECTED,0.06,0.150721316729644,0.9999999701976784,1.0,1.6666666666666667,9,9
F1,mpx_006,SELECTED,0.06,0.10349824872221305,0.9999999701976784,1.0,1.2222222222222223,9,9
F1,mpx_007,SELECTED,0.06,0.1508413335130865,0.9999999701976784,2.0,1.8888888888888888,9,9
F1,mpx_008,SELECTED,0.06,0.15309253949550392,0.9999999701976784,2.0,1.8888888888888888,9,9
F1,mpx_009,SELECTED,0.06,0.1494037026853381,0.9999999701976784,2.0,1.8888888888888888,9,9
F1,mpx_010,SELECTED,0.06,0.14940911309816535,0.9999999701976784,1.0,1.5555555555555556,9,9
F2,mpx_001,SELECTED,0.08,0.111316146563709,0.9999999701976784,0.0,0.1111111111111111,9,9
F2,mpx_002,SELECTED,0.06,0.09783782664629698,0.9999999701976784,1.0,1.7777777777777777,9,9
F2,mpx_003,SELECTED,0.06,0.10849213470728408,0.9999999701976784,1.0,1.6666666666666667,9,9
F2,mpx_004,SELECTED,0.06,0.1003986749318592,0.9999999701976784,1.0,1.7777777777777777,9,9
F2,mpx_005,SELECTED,0.06,0.10299252635474057,0.9999999701976784,1.0,1.4444444444444444,9,9
F2,mpx_006,SELECTED,0.06,0.07865443933656857,0.9999999701976784,1.0,1.2222222222222223,9,9
F2,mpx_007,SELECTED,0.06,0.10049909305414911,0.9999999701976784,1.0,1.6666666666666667,9,9
F2,mpx_008,SELECTED,0.06,0.10514041414552211,0.9999999701976784,1.0,1.6666666666666667,9,9
F2,mpx_009,SELECTED,0.06,0.10044385982361095,0.9999999701976784,1.0,1.6666666666666667,9,9
F2,mpx_010,SELECTED,0.06,0.09642961897544919,0.9999999701976784,1.0,1.3333333333333333,9,9
