run_id,decision_id,decision_index,T1_evaluable,A_predOcc_STRUCT,A_meanOcc_online,support_signed_diff_m2,support_abs_diff_m2,support_relative_diff,R_map,TopoValid,Structural_fields_role,Structural_runtime_used,mismatch_label_used_for_tuning
mpx_001,1,1,1,18.37,18.370000547468667,-5.474686659567851e-07,5.474686659567851e-07,-2.9802321700650395e-08,0.9331104419449118,0,evaluator_training_only,False,False
mpx_001,2,2,1,26.19,26.19000078052283,-7.805228285917565e-07,7.805228285917565e-07,-2.9802321700281178e-08,0.6936828894157021,1,evaluator_training_only,False,False
mpx_001,3,3,1,26.69,26.69000079542399,-7.954239897856041e-07,7.954239897856041e-07,-2.9802321696520137e-08,0.6702255038914389,1,evaluator_training_only,False,False
mpx_001,4,4,1,23.07,23.070000687539583,-6.875395826000386e-07,6.875395826000386e-07,-2.9802321721272765e-08,0.5514755988887141,0,evaluator_training_only,False,False
mpx_001,5,5,1,25.93,25.930000772774225,-7.727742250551728e-07,7.727742250551728e-07,-2.9802321713255178e-08,0.5116980200638234,1,evaluator_training_only,False,False
mpx_001,6,6,1,33.18,33.180000988841066,-9.888410659186775e-07,9.888410659186775e-07,-2.9802321773626217e-08,0.5283052641409582,1,evaluator_training_only,False,False
mpx_001,7,7,1,29.68,29.680000884532934,-8.845329340090302e-07,8.845329340090302e-07,-2.980232168624984e-08,0.4233936500283828,1,evaluator_training_only,False,False
mpx_001,8,8,1,28.46,28.4600008481741,-8.481740998433906e-07,8.481740998433906e-07,-2.9802321664294914e-08,0.38873131287805185,0,evaluator_training_only,False,False
mpx_001,9,9,1,27.55,27.550000821053988,-8.210539874653477e-07,8.210539874653477e-07,-2.9802321705845106e-08,0.3852022669532929,0,evaluator_training_only,False,False
mpx_001,10,10,1,26.7,26.700000795722012,-7.95722012725264e-07,7.95722012725264e-07,-2.980232168580152e-08,0.3716285901803294,1,evaluator_training_only,False,False
mpx_001,11,11,1,28.78,28.780000857710846,-8.577108445706472e-07,8.577108445706472e-07,-2.980232171677806e-08,0.3049248095589363,1,evaluator_training_only,False,False
mpx_001,12,12,1,26.68,26.680000795125967,-7.951259668459443e-07,7.951259668459443e-07,-2.9802321707246793e-08,0.28682323099798823,1,evaluator_training_only,False,False
mpx_001,13,13,1,22.18,22.180000661015516,-6.610155161013154e-07,6.610155161013154e-07,-2.9802321749392168e-08,0.18552527717631384,1,evaluator_training_only,False,False
mpx_001,14,14,1,19.17,19.170000571310524,-5.713105224458559e-07,5.713105224458559e-07,-2.9802321618126026e-08,0.16924643731626807,1,evaluator_training_only,False,False
mpx_001,15,15,1,17.55,17.55000052303076,-5.230307600356809e-07,5.230307600356809e-07,-2.980232162097721e-08,0.14468278994416642,1,evaluator_training_only,False,False
mpx_001,16,16,1,16.76,16.760000499486928,-4.9948692648627e-07,4.9948692648627e-07,-2.9802321694534602e-08,0.14004812799445013,0,evaluator_training_only,False,False
mpx_001,17,17,1,16.09,16.09000047951937,-4.795193717654911e-07,4.795193717654911e-07,-2.980232178214422e-08,0.13741009272364887,1,evaluator_training_only,False,False
mpx_001,18,18,1,16.09,16.09000047951937,-4.795193717654911e-07,4.795193717654911e-07,-2.980232178214422e-08,0.13741009272364887,1,evaluator_training_only,False,False
mpx_001,19,19,1,16.88,16.880000503063204,-5.03063205314902e-07,5.03063205314902e-07,-2.9802321701566977e-08,0.10472528510891924,0,evaluator_training_only,False,False
mpx_001,20,20,1,15.43,15.430000459849838,-4.5984983820801517e-07,4.5984983820801517e-07,-2.9802321743578895e-08,0.05668833763120619,1,evaluator_training_only,False,False
mpx_001,21,21,1,12.59,12.590000375211241,-3.7521124163220065e-07,3.7521124163220065e-07,-2.9802321719621488e-08,0.03832350958087739,0,evaluator_training_only,False,False
mpx_001,22,22,1,12.14,12.140000361800196,-3.618001951366523e-07,3.618001951366523e-07,-2.9802321610722118e-08,0.02774882751433038,0,evaluator_training_only,False,False
mpx_001,23,23,1,10.43,10.430000310838224,-3.1083822449318177e-07,3.1083822449318177e-07,-2.9802321690266638e-08,0.02345639673826456,1,evaluator_training_only,False,False
mpx_001,24,24,1,9.59,9.590000285804274,-2.858042744691147e-07,2.858042744691147e-07,-2.9802321788475886e-08,0.018016321860721086,0,evaluator_training_only,False,False
mpx_001,25,25,1,9.49,9.490000282824042,-2.8282404151980245e-07,2.8282404151980245e-07,-2.9802321716647985e-08,0.01768912307113286,0,evaluator_training_only,False,False
mpx_001,26,26,1,9.32,9.320000277757647,-2.7775764621651433e-07,2.7775764621651433e-07,-2.980232166724159e-08,0.017208025098357452,0,evaluator_training_only,False,False
mpx_001,27,27,1,8.790000000000001,8.790000261962415,-2.6196241442733026e-07,2.6196241442733026e-07,-2.9802321572268728e-08,0.017110073111291636,1,evaluator_training_only,False,False
mpx_001,28,28,1,9.200000000000001,9.200000274181368,-2.7418136738788235e-07,2.7418136738788235e-07,-2.9802321653982718e-08,0.016674648439200662,0,evaluator_training_only,False,False
mpx_001,29,29,1,9.15,9.150000272691251,-2.726912509132262e-07,2.726912509132262e-07,-2.980232161599933e-08,0.01655117367485397,0,evaluator_training_only,False,False
mpx_001,30,30,1,9.15,9.150000272691251,-2.726912509132262e-07,2.726912509132262e-07,-2.980232161599933e-08,0.01655117367485397,0,evaluator_training_only,False,False
mpx_001,31,31,1,9.15,9.150000272691251,-2.726912509132262e-07,2.726912509132262e-07,-2.980232161599933e-08,0.01655117367485397,0,evaluator_training_only,False,False
mpx_001,32,32,1,9.15,9.150000272691251,-2.726912509132262e-07,2.726912509132262e-07,-2.980232161599933e-08,0.01655117367485397,0,evaluator_training_only,False,False
mpx_001,33,33,1,9.15,9.150000272691251,-2.726912509132262e-07,2.726912509132262e-07,-2.980232161599933e-08,0.01655117367485397,0,evaluator_training_only,False,False
mpx_001,34,34,1,9.15,9.150000272691251,-2.726912509132262e-07,2.726912509132262e-07,-2.980232161599933e-08,0.01655117367485397,0,evaluator_training_only,False,False
mpx_001,35,35,1,9.15,9.150000272691251,-2.726912509132262e-07,2.726912509132262e-07,-2.980232161599933e-08,0.01655117367485397,0,evaluator_training_only,False,False
mpx_002,1,1,1,18.37,18.370000547468667,-5.474686659567851e-07,5.474686659567851e-07,-2.9802321700650395e-08,0.9331104419449118,0,evaluator_training_only,False,False
mpx_002,2,2,1,26.94,26.94000080287457,-8.02874570382528e-07,8.02874570382528e-07,-2.980232169469197e-08,0.6973695163572796,1,evaluator_training_only,False,False
mpx_002,3,3,1,26.35,26.3500007852912,-7.852911991790279e-07,7.852911991790279e-07,-2.980232166131032e-08,0.675779397655466,1,evaluator_training_only,False,False
mpx_002,4,4,1,26.46,26.460000788569456,-7.88569455068e-07,7.88569455068e-07,-2.980232167674979e-08,0.5554301336037744,0,evaluator_training_only,False,False
mpx_002,5,5,1,25.34,25.340000755190854,-7.551908538516727e-07,7.551908538516727e-07,-2.9802321678975216e-08,0.515177743431221,1,evaluator_training_only,False,False
mpx_002,6,6,1,30.39,30.390000905692585,-9.056925840411623e-07,9.056925840411623e-07,-2.9802321719296495e-08,0.4442219388752865,0,evaluator_training_only,False,False
mpx_002,7,7,1,33.910000000000004,33.91000101059676,-1.010596754724702e-06,1.010596754724702e-06,-2.9802321574950527e-08,0.31501435195407373,1,evaluator_training_only,False,False
mpx_002,8,8,1,33.97,33.9700010123849,-1.0123848994680884e-06,1.0123848994680884e-06,-2.980232173378475e-08,0.29340805820881233,0,evaluator_training_only,False,False
mpx_002,9,9,1,30.93,30.930000921785837,-9.217858369936494e-07,9.217858369936494e-07,-2.9802321678703245e-08,0.259046221570066,1,evaluator_training_only,False,False
mpx_002,10,10,1,27.75,27.750000827014453,-8.270144533639723e-07,8.270144533639723e-07,-2.9802321755568342e-08,0.24041992830492354,1,evaluator_training_only,False,False
mpx_002,11,11,1,24.82,24.820000739693647,-7.396936467785054e-07,7.396936467785054e-07,-2.980232170563728e-08,0.20475171764224853,0,evaluator_training_only,False,False
mpx_002,12,12,1,24.0,24.000000715255744,-7.152557444101149e-07,7.152557444101149e-07,-2.9802321795576375e-08,0.15284962703518618,0,evaluator_training_only,False,False
mpx_002,13,13,1,22.95,22.950000683963303,-6.839633037714066e-07,6.839633037714066e-07,-2.9802321716240182e-08,0.13549043876930741,0,evaluator_training_only,False,False
mpx_002,14,14,1,19.400000000000002,19.40000057816506,-5.7816505716346e-07,5.7816505716346e-07,-2.9802321646020565e-08,0.09444128082701826,1,evaluator_training_only,False,False
mpx_002,15,15,1,17.36,17.36000051736832,-5.173683206294299e-07,5.173683206294299e-07,-2.980232172872424e-08,0.07848494120732614,1,evaluator_training_only,False,False
mpx_002,16,16,1,16.29,16.290000485479837,-4.854798376641156e-07,4.854798376641156e-07,-2.9802321865910943e-08,0.07090922337170334,0,evaluator_training_only,False,False
mpx_002,17,17,1,16.01,16.010000477135186,-4.771351846954985e-07,4.771351846954985e-07,-2.9802321703670345e-08,0.06866486998324714,1,evaluator_training_only,False,False
mpx_002,18,18,1,13.18,13.180000392794613,-3.927946128357007e-07,3.927946128357007e-07,-2.9802321785243496e-08,0.03810307416738266,1,evaluator_training_only,False,False
mpx_002,19,19,1,12.85,12.850000382959845,-3.8295984516878434e-07,3.8295984516878434e-07,-2.980232169304995e-08,0.03633304931069891,0,evaluator_training_only,False,False
mpx_002,20,20,1,11.36,11.360000338554386,-3.3855438630325807e-07,3.3855438630325807e-07,-2.9802321849784445e-08,0.027114351831637774,1,evaluator_training_only,False,False
mpx_002,21,21,1,10.57,10.57000031501055,-3.1501054920113347e-07,3.1501054920113347e-07,-2.98023216474066e-08,0.023255306299161036,0,evaluator_training_only,False,False
mpx_002,22,22,1,10.51,10.510000313222411,-3.132224115631743e-07,3.132224115631743e-07,-2.980232181050611e-08,0.021124968185288872,1,evaluator_training_only,False,False
mpx_002,23,23,1,10.4,10.400000309944154,-3.0994415389784535e-07,3.0994415389784535e-07,-2.980232160199904e-08,0.021047119657311583,1,evaluator_training_only,False,False
mpx_002,24,24,1,11.11,11.110000331103803,-3.311038039299774e-07,3.311038039299774e-07,-2.980232169777816e-08,0.02110007839038411,0,evaluator_training_only,False,False
mpx_002,25,25,1,10.69,10.69000031858683,-3.185868298061223e-07,3.185868298061223e-07,-2.9802321825210018e-08,0.01560830213369198,0,evaluator_training_only,False,False
mpx_002,26,26,1,10.700000000000001,10.700000318884852,-3.188848509694253e-07,3.188848509694253e-07,-2.9802321632328635e-08,0.0156157990011123,0,evaluator_training_only,False,False
mpx_002,27,27,1,9.83,9.83000029295683,-2.9295683035002185e-07,2.9295683035002185e-07,-2.9802321629626467e-08,0.015484133856262414,0,evaluator_training_only,False,False
mpx_002,28,28,1,10.5,10.500000312924387,-3.129243868471576e-07,3.129243868471576e-07,-2.980232166869375e-08,0.015500327011118377,1,evaluator_training_only,False,False
mpx_002,29,29,1,10.24,10.240000305175784,-3.0517578331057393e-07,3.0517578331057393e-07,-2.980232170074483e-08,0.0151370774747776,1,evaluator_training_only,False,False
mpx_002,30,30,1,10.24,10.240000305175784,-3.0517578331057393e-07,3.0517578331057393e-07,-2.980232170074483e-08,0.0151370774747776,1,evaluator_training_only,False,False
mpx_002,31,31,1,10.22,10.220000304579736,-3.045797356548974e-07,3.045797356548974e-07,-2.9802321582946587e-08,0.015137407800747777,1,evaluator_training_only,False,False
mpx_002,32,32,1,10.22,10.220000304579736,-3.045797356548974e-07,3.045797356548974e-07,-2.9802321582946587e-08,0.015137407800747777,1,evaluator_training_only,False,False
mpx_002,33,33,1,10.22,10.220000304579736,-3.045797356548974e-07,3.045797356548974e-07,-2.9802321582946587e-08,0.015137407800747777,1,evaluator_training_only,False,False
mpx_002,34,34,1,10.22,10.220000304579736,-3.045797356548974e-07,3.045797356548974e-07,-2.9802321582946587e-08,0.015137407800747777,1,evaluator_training_only,False,False
mpx_002,35,35,1,10.22,10.220000304579736,-3.045797356548974e-07,3.045797356548974e-07,-2.9802321582946587e-08,0.015137407800747777,1,evaluator_training_only,False,False
mpx_002,36,36,1,10.22,10.220000304579736,-3.045797356548974e-07,3.045797356548974e-07,-2.9802321582946587e-08,0.015137407800747777,1,evaluator_training_only,False,False
mpx_002,37,37,1,10.22,10.220000304579736,-3.045797356548974e-07,3.045797356548974e-07,-2.9802321582946587e-08,0.015137407800747777,1,evaluator_training_only,False,False
mpx_003,1,1,1,18.37,18.370000547468667,-5.474686659567851e-07,5.474686659567851e-07,-2.9802321700650395e-08,0.9331104419449118,0,evaluator_training_only,False,False
mpx_003,2,2,1,26.77,26.770000797808176,-7.978081768555967e-07,7.978081768555967e-07,-2.980232174370791e-08,0.7018646466328146,1,evaluator_training_only,False,False
mpx_003,3,3,1,27.73,27.730000826418404,-8.264184039319389e-07,8.264184039319389e-07,-2.9802321648133856e-08,0.673996420352851,1,evaluator_training_only,False,False
mpx_003,4,4,1,26.01,26.01000077515841,-7.751584085724517e-07,7.751584085724517e-07,-2.9802321625179984e-08,0.5530055702707697,0,evaluator_training_only,False,False
mpx_003,5,5,1,25.650000000000002,25.650000764429574,-7.644295720865557e-07,7.644295720865557e-07,-2.9802321610322795e-08,0.5137702055609937,1,evaluator_training_only,False,False
mpx_003,6,6,1,29.810000000000002,29.810000888407238,-8.884072357773221e-07,8.884072357773221e-07,-2.980232168066836e-08,0.5435897035759709,1,evaluator_training_only,False,False
mpx_003,7,7,1,30.05,30.050000895559794,-8.95559793434586e-07,8.95559793434586e-07,-2.98023216886797e-08,0.4926743366987556,1,evaluator_training_only,False,False
mpx_003,8,8,1,28.78,28.780000857710846,-8.577108445706472e-07,8.577108445706472e-07,-2.980232171677806e-08,0.43675606301307685,1,evaluator_training_only,False,False
mpx_003,9,9,1,27.76,27.760000827312474,-8.273124727509185e-07,8.273124727509185e-07,-2.9802321617258142e-08,0.4150894599487457,1,evaluator_training_only,False,False
mpx_003,10,10,1,28.89,28.8900008609891,-8.609891004596193e-07,8.609891004596193e-07,-2.9802321730707687e-08,0.3844077108890257,1,evaluator_training_only,False,False
mpx_003,11,11,1,31.94,31.940000951886184,-9.518861823210045e-07,9.518861823210045e-07,-2.980232166413858e-08,0.30401571848025255,1,evaluator_training_only,False,False
mpx_003,12,12,1,30.57,30.570000911057,-9.110570005077534e-07,9.110570005077534e-07,-2.9802321666867505e-08,0.2791966931265318,1,evaluator_training_only,False,False
mpx_003,13,13,1,25.11,25.110000748336322,-7.483363226867823e-07,7.483363226867823e-07,-2.980232179946724e-08,0.2082606123894581,0,evaluator_training_only,False,False
mpx_003,14,14,1,22.32,22.32000066518784,-6.651878408092671e-07,6.651878408092671e-07,-2.980232172872424e-08,0.18719910403909648,1,evaluator_training_only,False,False
mpx_003,15,15,1,20.8,20.80000061988831,-6.198883077956907e-07,6.198883077956907e-07,-2.980232160199904e-08,0.16980953971492677,1,evaluator_training_only,False,False
mpx_003,16,16,1,19.77,19.77000058919192,-5.891919201417295e-07,5.891919201417295e-07,-2.9802321830169058e-08,0.1624638670598318,1,evaluator_training_only,False,False
mpx_003,17,17,1,16.55,16.55000049322844,-4.932284376479856e-07,4.932284376479856e-07,-2.9802321628316197e-08,0.1505094276728648,1,evaluator_training_only,False,False
mpx_003,18,18,1,16.43,16.430000489652162,-4.896521623720673e-07,4.896521623720673e-07,-2.9802321836840902e-08,0.11054440382636867,0,evaluator_training_only,False,False
mpx_003,19,19,1,16.21,16.210000483095648,-4.830956470414094e-07,4.830956470414094e-07,-2.980232156965068e-08,0.09716200236499802,0,evaluator_training_only,False,False
mpx_003,20,20,1,16.86,16.86000050246716,-5.024671594355823e-07,5.024671594355823e-07,-2.980232173552161e-08,0.09394061141750978,0,evaluator_training_only,False,False
mpx_003,21,21,1,14.040000000000001,14.04000041842461,-4.184246087390875e-07,4.184246087390875e-07,-2.980232167158566e-08,0.054469791053881514,1,evaluator_training_only,False,False
mpx_003,22,22,1,13.16,13.160000392198565,-3.9219856518002416e-07,3.9219856518002416e-07,-2.98023216938903e-08,0.03862698430028168,1,evaluator_training_only,False,False
mpx_003,23,23,1,12.07,12.070000359714033,-3.5971403278267644e-07,3.5971403278267644e-07,-2.98023216290276e-08,0.031258168510934915,1,evaluator_training_only,False,False
mpx_003,24,24,1,11.57,11.570000344812872,-3.448128715888288e-07,3.448128715888288e-07,-2.980232163462443e-08,0.027638464497492365,1,evaluator_training_only,False,False
mpx_003,25,25,1,11.22,11.22000033438206,-3.3438205981894953e-07,3.3438205981894953e-07,-2.9802321733831352e-08,0.025361029833516055,1,evaluator_training_only,False,False
mpx_003,26,26,1,11.36,11.360000338554386,-3.3855438630325807e-07,3.3855438630325807e-07,-2.9802321849784445e-08,0.025094266969870892,0,evaluator_training_only,False,False
mpx_003,27,27,1,10.05,10.050000299513343,-2.995133421279661e-07,2.995133421279661e-07,-2.9802321711619214e-08,0.01972913376658346,1,evaluator_training_only,False,False
mpx_003,28,28,1,9.48,9.480000282526019,-2.825260185801426e-07,2.825260185801426e-07,-2.980232174685773e-08,0.017814649055779935,1,evaluator_training_only,False,False
mpx_003,29,29,1,10.31,10.310000307261946,-3.072619456645498e-07,3.072619456645498e-07,-2.9802321678703242e-08,0.017021090718482224,1,evaluator_training_only,False,False
mpx_003,30,30,1,10.59,10.590000315606597,-3.1560659685681003e-07,3.1560659685681003e-07,-2.9802321761189865e-08,0.017140026660644955,1,evaluator_training_only,False,False
mpx_003,31,31,1,10.38,10.380000309348109,-3.0934810801852564e-07,3.0934810801852564e-07,-2.980232165695894e-08,0.01632177207811134,0,evaluator_training_only,False,False
mpx_003,32,32,1,10.03,10.030000298917296,-2.989172962486464e-07,2.989172962486464e-07,-2.9802321768715547e-08,0.013833113470887054,1,evaluator_training_only,False,False
mpx_003,33,33,1,9.82,9.820000292658808,-2.92658807410362e-07,2.92658807410362e-07,-2.9802321658701634e-08,0.01387523216431771,0,evaluator_training_only,False,False
mpx_003,34,34,1,9.82,9.820000292658808,-2.92658807410362e-07,2.92658807410362e-07,-2.9802321658701634e-08,0.01387523216431771,0,evaluator_training_only,False,False
mpx_003,35,35,1,9.82,9.820000292658808,-2.92658807410362e-07,2.92658807410362e-07,-2.9802321658701634e-08,0.01387523216431771,0,evaluator_training_only,False,False
mpx_003,36,36,1,9.82,9.820000292658808,-2.92658807410362e-07,2.92658807410362e-07,-2.9802321658701634e-08,0.01387523216431771,0,evaluator_training_only,False,False
mpx_003,37,37,1,9.82,9.820000292658808,-2.92658807410362e-07,2.92658807410362e-07,-2.9802321658701634e-08,0.01387523216431771,0,evaluator_training_only,False,False
mpx_003,38,38,1,9.82,9.820000292658808,-2.92658807410362e-07,2.92658807410362e-07,-2.9802321658701634e-08,0.01387523216431771,0,evaluator_training_only,False,False
mpx_003,39,39,1,9.82,9.820000292658808,-2.92658807410362e-07,2.92658807410362e-07,-2.9802321658701634e-08,0.01387523216431771,0,evaluator_training_only,False,False
mpx_003,40,40,1,9.82,9.820000292658808,-2.92658807410362e-07,2.92658807410362e-07,-2.9802321658701634e-08,0.01387523216431771,0,evaluator_training_only,False,False
mpx_003,41,41,1,9.82,9.820000292658808,-2.92658807410362e-07,2.92658807410362e-07,-2.9802321658701634e-08,0.01387523216431771,0,evaluator_training_only,False,False
mpx_004,1,1,1,18.37,18.370000547468667,-5.474686659567851e-07,5.474686659567851e-07,-2.9802321700650395e-08,0.9331104419449118,0,evaluator_training_only,False,False
mpx_004,2,2,1,25.87,25.870000770986085,-7.709860838645e-07,7.709860838645e-07,-2.980232164233957e-08,0.6949895006188376,1,evaluator_training_only,False,False
mpx_004,3,3,1,23.990000000000002,23.99000071495772,-7.149577179177413e-07,7.149577179177413e-07,-2.9802321659455666e-08,0.6775765558116562,1,evaluator_training_only,False,False
mpx_004,4,4,1,21.37,21.370000636875634,-6.368756331198711e-07,6.368756331198711e-07,-2.9802321672414532e-08,0.5614094583802824,1,evaluator_training_only,False,False
mpx_004,5,5,1,34.65,34.65000103265048,-1.0326504806812409e-06,1.0326504806812409e-06,-2.9802321786604877e-08,0.5804916669965559,1,evaluator_training_only,False,False
mpx_004,6,6,1,32.33,32.33000096350909,-9.635090947313074e-07,9.635090947313074e-07,-2.980232186874418e-08,0.4601381225563635,1,evaluator_training_only,False,False
mpx_004,7,7,1,33.69,33.69000100404025,-1.004040250052185e-06,1.004040250052185e-06,-2.9802321761040502e-08,0.4209380813376372,1,evaluator_training_only,False,False
mpx_004,8,8,1,31.78,31.780000947117813,-9.471178117337331e-07,9.471178117337331e-07,-2.980232169626883e-08,0.40511849176284026,0,evaluator_training_only,False,False
mpx_004,9,9,1,30.88,30.88000092029572,-9.202957222953501e-07,9.202957222953501e-07,-2.980232172501298e-08,0.37899822908240227,0,evaluator_training_only,False,False
mpx_004,10,10,1,29.01,29.010000864565377,-8.645653757355376e-07,8.645653757355376e-07,-2.9802321612184838e-08,0.2507524110104642,1,evaluator_training_only,False,False
mpx_004,11,11,1,23.86,23.86000071108342,-7.110834197021632e-07,7.110834197021632e-07,-2.980232181518132e-08,0.18722755013077594,1,evaluator_training_only,False,False
mpx_004,12,12,1,23.01,23.010000685751443,-6.857514414093657e-07,6.857514414093657e-07,-2.9802321641563696e-08,0.1800493325594893,1,evaluator_training_only,False,False
mpx_004,13,13,1,22.21,22.210000661909586,-6.619095849202949e-07,6.619095849202949e-07,-2.980232171066423e-08,0.1311560957578657,1,evaluator_training_only,False,False
mpx_004,14,14,1,19.77,19.77000058919192,-5.891919201417295e-07,5.891919201417295e-07,-2.9802321830169058e-08,0.10225505161948448,0,evaluator_training_only,False,False
mpx_004,15,15,1,18.3,18.300000545382503,-5.453825018264524e-07,5.453825018264524e-07,-2.980232161599933e-08,0.0916608289339698,1,evaluator_training_only,False,False
mpx_004,16,16,1,14.42,14.420000429749493,-4.2974949288066e-07,4.2974949288066e-07,-2.980232178038331e-08,0.04869397201214105,1,evaluator_training_only,False,False
mpx_004,17,17,1,13.72,13.720000408887866,-4.088878657881878e-07,4.088878657881878e-07,-2.9802321691135575e-08,0.04605168390423785,0,evaluator_training_only,False,False
mpx_004,18,18,1,12.02,12.020000358223918,-3.5822391808437715e-07,3.5822391808437715e-07,-2.980232174779307e-08,0.032163088580191235,1,evaluator_training_only,False,False
mpx_004,19,19,1,11.18,11.180000333189966,-3.3318996628395325e-07,3.3318996628395325e-07,-2.980232167747037e-08,0.030020696468619972,1,evaluator_training_only,False,False
mpx_004,20,20,1,10.67,10.670000317990782,-3.1799078215044574e-07,3.1799078215044574e-07,-2.9802321712613134e-08,0.02733876261442246,1,evaluator_training_only,False,False
mpx_004,21,21,1,10.290000000000001,10.290000306665899,-3.0666589800887323e-07,3.0666589800887323e-07,-2.9802321561663508e-08,0.02238246322468993,0,evaluator_training_only,False,False
mpx_004,22,22,1,10.09,10.090000300705436,-3.0070543566296237e-07,3.0070543566296237e-07,-2.980232177415681e-08,0.021448359449398317,0,evaluator_training_only,False,False
mpx_004,23,23,1,9.86,9.8600002938509,-2.9385090094535826e-07,2.9385090094535826e-07,-2.9802321722912697e-08,0.015709705625182164,1,evaluator_training_only,False,False
mpx_004,24,24,1,9.91,9.910000295341018,-2.953410174200144e-07,2.953410174200144e-07,-2.9802321757635354e-08,0.015421728895334856,0,evaluator_training_only,False,False
mpx_004,25,25,1,8.59,8.590000256001952,-2.560019520814194e-07,2.560019520814194e-07,-2.9802321822114883e-08,0.01537520747794182,1,evaluator_training_only,False,False
mpx_004,26,26,1,8.5,8.500000253319742,-2.53319742071767e-07,2.53319742071767e-07,-2.9802321708500064e-08,0.014707916791052926,1,evaluator_training_only,False,False
mpx_004,27,27,1,8.44,8.440000251531602,-2.51531602657451e-07,2.51531602657451e-07,-2.9802321701566977e-08,0.014790701739054444,0,evaluator_training_only,False,False
mpx_004,28,28,1,7.91,7.910000235736372,-2.3573637175644535e-07,2.3573637175644535e-07,-2.9802321710613673e-08,0.014551651809124279,0,evaluator_training_only,False,False
mpx_004,29,29,1,7.9,7.900000235438348,-2.3543834792860707e-07,2.3543834792860707e-07,-2.9802321634430087e-08,0.01457413800638028,0,evaluator_training_only,False,False
mpx_004,30,30,1,7.47,7.47000022262335,-2.226233499769137e-07,2.226233499769137e-07,-2.9802321732559704e-08,0.015035622186284363,0,evaluator_training_only,False,False
mpx_004,31,31,1,7.47,7.47000022262335,-2.226233499769137e-07,2.226233499769137e-07,-2.9802321732559704e-08,0.015035622186284363,0,evaluator_training_only,False,False
mpx_004,32,32,1,7.47,7.47000022262335,-2.226233499769137e-07,2.226233499769137e-07,-2.9802321732559704e-08,0.015035622186284363,0,evaluator_training_only,False,False
mpx_004,33,33,1,7.47,7.47000022262335,-2.226233499769137e-07,2.226233499769137e-07,-2.9802321732559704e-08,0.015035622186284363,0,evaluator_training_only,False,False
mpx_004,34,34,1,7.47,7.47000022262335,-2.226233499769137e-07,2.226233499769137e-07,-2.9802321732559704e-08,0.015035622186284363,0,evaluator_training_only,False,False
mpx_004,35,35,1,7.47,7.47000022262335,-2.226233499769137e-07,2.226233499769137e-07,-2.9802321732559704e-08,0.015035622186284363,0,evaluator_training_only,False,False
mpx_004,36,36,1,7.47,7.47000022262335,-2.226233499769137e-07,2.226233499769137e-07,-2.9802321732559704e-08,0.015035622186284363,0,evaluator_training_only,False,False
mpx_005,1,1,1,18.37,18.370000547468667,-5.474686659567851e-07,5.474686659567851e-07,-2.9802321700650395e-08,0.9331104419449118,0,evaluator_training_only,False,False
mpx_005,2,2,1,27.07,27.070000806748872,-8.067488721508198e-07,8.067488721508198e-07,-2.9802321688505e-08,0.691903420971924,1,evaluator_training_only,False,False
mpx_005,3,3,1,29.1,29.100000867247587,-8.6724758574519e-07,8.6724758574519e-07,-2.9802321646020565e-08,0.6701374289065439,1,evaluator_training_only,False,False
mpx_005,4,4,1,25.8,25.800000768899924,-7.68899923286881e-07,7.68899923286881e-07,-2.9802321719840234e-08,0.5527398516732619,0,evaluator_training_only,False,False
mpx_005,5,5,1,24.830000000000002,24.83000073999167,-7.399916697181652e-07,7.399916697181652e-07,-2.9802321694107747e-08,0.5137265894637257,1,evaluator_training_only,False,False
mpx_005,6,6,1,28.2,28.2000008404255,-8.404254998595206e-07,8.404254998595206e-07,-2.9802321801875514e-08,0.5104300497558925,1,evaluator_training_only,False,False
mpx_005,7,7,1,26.88,26.88000080108643,-8.010864327445688e-07,8.010864327445688e-07,-2.9802321758568943e-08,0.42071739859202145,1,evaluator_training_only,False,False
mpx_005,8,8,1,27.52,27.520000820159918,-8.201599186463682e-07,8.201599186463682e-07,-2.9802321737052996e-08,0.3904498139216504,1,evaluator_training_only,False,False
mpx_005,9,9,1,28.96,28.960000863075262,-8.630752610372383e-07,8.630752610372383e-07,-2.980232166144999e-08,0.32258699790665274,1,evaluator_training_only,False,False
mpx_005,10,10,1,30.1,30.10000089704991,-8.970499081328853e-07,8.970499081328853e-07,-2.9802321641153335e-08,0.277028608202188,1,evaluator_training_only,False,False
mpx_005,11,11,1,26.71,26.710000796020037,-7.960200356649239e-07,7.960200356649239e-07,-2.9802321675090928e-08,0.2042904194234749,1,evaluator_training_only,False,False
mpx_005,12,12,1,24.03,24.03000071614981,-7.161498096763808e-07,7.161498096763808e-07,-2.980232161187906e-08,0.1486042573072094,0,evaluator_training_only,False,False
mpx_005,13,13,1,22.68,22.680000675916677,-6.75916677295163e-07,6.75916677295163e-07,-2.9802321743883453e-08,0.10806787082649151,0,evaluator_training_only,False,False
mpx_005,14,14,1,21.02,21.020000626444823,-6.264448231263486e-07,6.264448231263486e-07,-2.980232181050611e-08,0.09068961744648264,0,evaluator_training_only,False,False
mpx_005,15,15,1,17.650000000000002,17.650000526010995,-5.260109929849932e-07,5.260109929849932e-07,-2.9802321660546422e-08,0.07478610752000929,0,evaluator_training_only,False,False
mpx_005,16,16,1,15.57,15.570000464022163,-4.640221629159669e-07,4.640221629159669e-07,-2.980232171400315e-08,0.05301854779065215,1,evaluator_training_only,False,False
mpx_005,17,17,1,15.35,15.350000457465653,-4.5746565291437946e-07,4.5746565291437946e-07,-2.9802321777253477e-08,0.05289720032775236,1,evaluator_training_only,False,False
mpx_005,18,18,1,13.51,13.510000402629379,-4.0262937872626026e-07,4.0262937872626026e-07,-2.9802321741448554e-08,0.04721058050669257,0,evaluator_training_only,False,False
mpx_005,19,19,1,13.02,13.02000038802624,-3.8802624047207246e-07,3.8802624047207246e-07,-2.980232172872424e-08,0.0449355112338778,1,evaluator_training_only,False,False
mpx_005,20,20,1,12.3,12.300000366568568,-3.6656856750028055e-07,3.6656856750028055e-07,-2.9802321672820012e-08,0.031727618108523536,1,evaluator_training_only,False,False
mpx_005,21,21,1,12.02,12.020000358223918,-3.5822391808437715e-07,3.5822391808437715e-07,-2.980232174779307e-08,0.022957020804800107,1,evaluator_training_only,False,False
mpx_005,22,22,1,11.8,11.800000351667407,-3.516674063064329e-07,3.516674063064329e-07,-2.9802321680163365e-08,0.021151254293291597,0,evaluator_training_only,False,False
mpx_005,23,23,1,11.08,11.080000330209735,-3.302097351109978e-07,3.302097351109978e-07,-2.9802321775269048e-08,0.01915883785664579,0,evaluator_training_only,False,False
mpx_005,24,24,1,10.78,10.780000321269037,-3.2126903803941786e-07,3.2126903803941786e-07,-2.9802321749986517e-08,0.018623270385519104,0,evaluator_training_only,False,False
mpx_005,25,25,1,10.58,10.580000315308574,-3.1530857391715017e-07,3.1530857391715017e-07,-2.9802321788300812e-08,0.01871355209330664,0,evaluator_training_only,False,False
mpx_005,26,26,1,10.23,10.23000030487776,-3.048777603709141e-07,3.048777603709141e-07,-2.980232172872424e-08,0.018587036956427116,0,evaluator_training_only,False,False
mpx_005,27,27,1,8.02,8.020000239014628,-2.390146285335959e-07,2.390146285335959e-07,-2.9802321871621573e-08,0.015319050073691165,1,evaluator_training_only,False,False
mpx_005,28,28,1,8.02,8.020000239014628,-2.390146285335959e-07,2.390146285335959e-07,-2.9802321871621573e-08,0.015319050073691165,1,evaluator_training_only,False,False
mpx_005,29,29,1,8.02,8.020000239014628,-2.390146285335959e-07,2.390146285335959e-07,-2.9802321871621573e-08,0.015319050073691165,1,evaluator_training_only,False,False
mpx_005,30,30,1,8.02,8.020000239014628,-2.390146285335959e-07,2.390146285335959e-07,-2.9802321871621573e-08,0.015319050073691165,1,evaluator_training_only,False,False
mpx_005,31,31,1,8.02,8.020000239014628,-2.390146285335959e-07,2.390146285335959e-07,-2.9802321871621573e-08,0.015319050073691165,1,evaluator_training_only,False,False
mpx_005,32,32,1,8.02,8.020000239014628,-2.390146285335959e-07,2.390146285335959e-07,-2.9802321871621573e-08,0.015319050073691165,1,evaluator_training_only,False,False
mpx_005,33,33,1,8.02,8.020000239014628,-2.390146285335959e-07,2.390146285335959e-07,-2.9802321871621573e-08,0.015319050073691165,1,evaluator_training_only,False,False
mpx_005,34,34,1,8.02,8.020000239014628,-2.390146285335959e-07,2.390146285335959e-07,-2.9802321871621573e-08,0.015319050073691165,1,evaluator_training_only,False,False
mpx_006,1,1,1,18.37,18.370000547468667,-5.474686659567851e-07,5.474686659567851e-07,-2.9802321700650395e-08,0.9331104419449118,0,evaluator_training_only,False,False
mpx_006,2,2,1,26.53,26.53000079065562,-7.906556191983327e-07,7.906556191983327e-07,-2.9802321735203903e-08,0.6909787269472545,1,evaluator_training_only,False,False
mpx_006,3,3,1,27.84,27.840000829696663,-8.296966633736247e-07,8.296966633736247e-07,-2.9802321790471903e-08,0.6760571138972743,1,evaluator_training_only,False,False
mpx_006,4,4,1,27.7,27.700000825524338,-8.25524338665673e-07,8.25524338665673e-07,-2.980232180733325e-08,0.5496033325373452,0,evaluator_training_only,False,False
mpx_006,5,5,1,26.560000000000002,26.56000079154969,-7.915496880173123e-07,7.915496880173123e-07,-2.9802321702834857e-08,0.5134395022997368,1,evaluator_training_only,False,False
mpx_006,6,6,1,29.73,29.730000886023053,-8.860230522600432e-07,8.860230522600432e-07,-2.9802321757635354e-08,0.42683722447457945,1,evaluator_training_only,False,False
mpx_006,7,7,1,28.810000000000002,28.810000858604916,-8.586049133896267e-07,8.586049133896267e-07,-2.9802321686956155e-08,0.39200458585922043,0,evaluator_training_only,False,False
mpx_006,8,8,1,28.07,28.070000836551195,-8.365511945385151e-07,8.365511945385151e-07,-2.9802321681772257e-08,0.38371937866455263,1,evaluator_training_only,False,False
mpx_006,9,9,1,26.61,26.610000793039806,-7.930398062683253e-07,7.930398062683253e-07,-2.9802321782559106e-08,0.36807345487022397,0,evaluator_training_only,False,False
mpx_006,10,10,1,28.89,28.8900008609891,-8.609891004596193e-07,8.609891004596193e-07,-2.9802321730707687e-08,0.318624749862243,1,evaluator_training_only,False,False
mpx_006,11,11,1,30.7575,32.370000964701184,-1.6125009647011836,1.6125009647011836,-0.04981467150586689,0.2746643568644435,1,evaluator_training_only,False,False
mpx_006,12,12,1,24.785,26.180000780224805,-1.3950007802248052,1.3950007802248052,-0.053284978558080336,0.2117212855788839,1,evaluator_training_only,False,False
mpx_006,13,13,1,21.96,23.260000693202024,-1.3000006932020227,1.3000006932020227,-0.05588996794750575,0.18739066846376645,1,evaluator_training_only,False,False
mpx_006,14,14,1,20.005,21.270000633895403,-1.2650006338954043,1.2650006338954043,-0.05947346479527261,0.17050711012289899,0,evaluator_training_only,False,False
mpx_006,15,15,1,19.12,20.390000607669357,-1.2700006076693562,1.2700006076693562,-0.06228546198236339,0.16340500407707825,1,evaluator_training_only,False,False
mpx_006,16,16,1,18.385,19.5900005838275,-1.2050005838274984,1.2050005838274984,-0.061511002956390164,0.1610827506327485,1,evaluator_training_only,False,False
mpx_006,17,17,1,17.7,19.110000569522384,-1.410000569522385,1.410000569522385,-0.0737833871010515,0.15295378241302948,1,evaluator_training_only,False,False
mpx_006,18,18,1,18.355,20.850000621378427,-2.495000621378427,2.495000621378427,-0.11966429482118061,0.11316922460772674,0,evaluator_training_only,False,False
mpx_006,19,19,1,17.302500000000002,19.68000058650971,-2.377500586509708,2.377500586509708,-0.12080795303123325,0.07361875389096009,0,evaluator_training_only,False,False
mpx_006,20,20,1,15.24,17.560000523328785,-2.320000523328785,2.320000523328785,-0.13211847688994208,0.0577589471352734,1,evaluator_training_only,False,False
mpx_006,21,21,1,13.352500000000001,16.010000477135186,-2.6575004771351853,2.6575004771351853,-0.16599003110153035,0.049519395811877795,0,evaluator_training_only,False,False
mpx_006,22,22,1,12.1675,14.690000437796119,-2.5225004377961184,2.5225004377961184,-0.17171547737370652,0.03373056957822508,0,evaluator_training_only,False,False
mpx_006,23,23,1,11.445,13.060000389218333,-1.6150003892183324,1.6150003892183324,-0.123660056744837,0.027952375844685188,1,evaluator_training_only,False,False
mpx_006,24,24,1,10.21,10.210000304281714,-3.042817127152375e-07,3.042817127152375e-07,-2.980232161086543e-08,0.014961435485158285,1,evaluator_training_only,False,False
mpx_006,25,25,1,10.14,10.140000302195551,-3.0219555036126167e-07,3.0219555036126167e-07,-2.9802321632656082e-08,0.014357262103505844,0,evaluator_training_only,False,False
mpx_006,26,26,1,8.72,8.720000259876253,-2.598762520733544e-07,2.598762520733544e-07,-2.9802321597298022e-08,0.0159710484115633,0,evaluator_training_only,False,False
mpx_006,27,27,1,8.64,8.640000257492067,-2.574920667797187e-07,2.574920667797187e-07,-2.980232165577052e-08,0.016118777544975076,0,evaluator_training_only,False,False
mpx_006,28,28,1,8.64,8.640000257492067,-2.574920667797187e-07,2.574920667797187e-07,-2.980232165577052e-08,0.016118777544975076,0,evaluator_training_only,False,False
mpx_006,29,29,1,9.17,9.170000273287298,-2.7328729856890277e-07,2.7328729856890277e-07,-2.980232174747075e-08,0.015128362964840497,1,evaluator_training_only,False,False
mpx_006,30,30,1,9.17,9.170000273287298,-2.7328729856890277e-07,2.7328729856890277e-07,-2.980232174747075e-08,0.015128362964840497,1,evaluator_training_only,False,False
mpx_006,31,31,1,9.17,9.170000273287298,-2.7328729856890277e-07,2.7328729856890277e-07,-2.980232174747075e-08,0.015128362964840497,1,evaluator_training_only,False,False
mpx_006,32,32,1,9.17,9.170000273287298,-2.7328729856890277e-07,2.7328729856890277e-07,-2.980232174747075e-08,0.015128362964840497,1,evaluator_training_only,False,False
mpx_006,33,33,1,9.17,9.170000273287298,-2.7328729856890277e-07,2.7328729856890277e-07,-2.980232174747075e-08,0.015128362964840497,1,evaluator_training_only,False,False
mpx_006,34,34,1,9.17,9.170000273287298,-2.7328729856890277e-07,2.7328729856890277e-07,-2.980232174747075e-08,0.015128362964840497,1,evaluator_training_only,False,False
mpx_006,35,35,1,9.17,9.170000273287298,-2.7328729856890277e-07,2.7328729856890277e-07,-2.980232174747075e-08,0.015128362964840497,1,evaluator_training_only,False,False
mpx_006,36,36,1,9.17,9.170000273287298,-2.7328729856890277e-07,2.7328729856890277e-07,-2.980232174747075e-08,0.015128362964840497,1,evaluator_training_only,False,False
mpx_007,1,1,1,18.37,18.370000547468667,-5.474686659567851e-07,5.474686659567851e-07,-2.9802321700650395e-08,0.9331104419449118,0,evaluator_training_only,False,False
mpx_007,2,2,1,26.05,26.050000776350505,-7.763505038838048e-07,7.763505038838048e-07,-2.9802321717725808e-08,0.6872602968150743,1,evaluator_training_only,False,False
mpx_007,3,3,1,27.22,27.220000811219222,-8.11219223351145e-07,8.11219223351145e-07,-2.980232179187835e-08,0.5712274481176348,1,evaluator_training_only,False,False
mpx_007,4,4,1,27.39,27.390000816285617,-8.162856168780763e-07,8.162856168780763e-07,-2.9802321743368738e-08,0.5346513939013546,1,evaluator_training_only,False,False
mpx_007,5,5,1,30.76,30.760000916719445,-9.167194434667181e-07,9.167194434667181e-07,-2.9802321721272765e-08,0.45367842051007645,1,evaluator_training_only,False,False
mpx_007,6,6,1,29.21,29.210000870525842,-8.705258416341621e-07,8.705258416341621e-07,-2.9802321660064054e-08,0.4081051923888741,1,evaluator_training_only,False,False
mpx_007,7,7,1,28.22,28.220000841021545,-8.410215457388404e-07,8.410215457388404e-07,-2.980232178151827e-08,0.3541367888472318,1,evaluator_training_only,False,False
mpx_007,8,8,1,28.060000000000002,28.060000836253174,-8.362531715988553e-07,8.362531715988553e-07,-2.9802321691966114e-08,0.33684486793470736,1,evaluator_training_only,False,False
mpx_007,9,9,1,30.37,30.37000090509654,-9.050965381618425e-07,9.050965381618425e-07,-2.9802321738158192e-08,0.3067237931185495,1,evaluator_training_only,False,False
mpx_007,10,10,1,29.32,29.320000873804098,-8.738040975231343e-07,8.738040975231343e-07,-2.9802321674002163e-08,0.20053391614289592,1,evaluator_training_only,False,False
mpx_007,11,11,1,25.72,25.72000076651574,-7.665157397696021e-07,7.665157397696021e-07,-2.980232180892898e-08,0.1779383612690155,1,evaluator_training_only,False,False
mpx_007,12,12,1,23.36,23.360000696182254,-6.961822549556018e-07,6.961822549556018e-07,-2.98023216698525e-08,0.14932371242441062,1,evaluator_training_only,False,False
mpx_007,13,13,1,22.64,22.640000674724583,-6.747245819838099e-07,6.747245819838099e-07,-2.9802321637608254e-08,0.1435423115108334,1,evaluator_training_only,False,False
mpx_007,14,14,1,17.52,17.52000052213669,-5.221366912167014e-07,5.221366912167014e-07,-2.98023216698525e-08,0.10009415302420972,0,evaluator_training_only,False,False
mpx_007,15,15,1,17.330000000000002,17.33000051647425,-5.164742482577367e-07,5.164742482577367e-07,-2.9802321573318235e-08,0.0975629338218657,1,evaluator_training_only,False,False
mpx_007,16,16,1,16.6,16.600000494718554,-4.947185523462849e-07,4.947185523462849e-07,-2.9802321542320694e-08,0.08423493044822257,0,evaluator_training_only,False,False
mpx_007,17,17,1,15.3,15.300000455975535,-4.559755346633665e-07,4.559755346633665e-07,-2.9802321638839016e-08,0.08198880474152125,0,evaluator_training_only,False,False
mpx_007,18,18,1,14.76,14.760000439882281,-4.398822817108794e-07,4.398822817108794e-07,-2.9802321720959764e-08,0.05007932272285298,1,evaluator_training_only,False,False
mpx_007,19,19,1,12.74,12.74000037968159,-3.796815892798122e-07,3.796815892798122e-07,-2.9802321661257407e-08,0.03254580520732884,1,evaluator_training_only,False,False
mpx_007,20,20,1,12.24,12.240000364780428,-3.6478042808596456e-07,3.6478042808596456e-07,-2.9802321667864453e-08,0.03128924847387329,1,evaluator_training_only,False,False
mpx_007,21,21,1,11.94,11.940000355839732,-3.5583973279074144e-07,3.5583973279074144e-07,-2.980232179111317e-08,0.031331955087698794,1,evaluator_training_only,False,False
mpx_007,22,22,1,10.46,10.460000311732294,-3.1173229331216135e-07,3.1173229331216135e-07,-2.9802321608204137e-08,0.021839575471353807,0,evaluator_training_only,False,False
mpx_007,23,23,1,10.53,10.530000313818457,-3.1381845744249404e-07,3.1381845744249404e-07,-2.980232175593309e-08,0.021590087689196194,1,evaluator_training_only,False,False
mpx_007,24,24,1,10.42,10.420000310540201,-3.105402015535219e-07,3.105402015535219e-07,-2.9802321717725808e-08,0.02116537318663347,0,evaluator_training_only,False,False
mpx_007,25,25,1,10.06,10.060000299811366,-2.9981136506762596e-07,2.9981136506762596e-07,-2.9802321683156183e-08,0.019430798764954484,0,evaluator_training_only,False,False
mpx_007,26,26,1,9.38,9.380000279545786,-2.795457856308303e-07,2.795457856308303e-07,-2.9802321673743804e-08,0.015092605425751532,1,evaluator_training_only,False,False
mpx_007,27,27,1,9.17,9.170000273287298,-2.7328729856890277e-07,2.7328729856890277e-07,-2.980232174747075e-08,0.014571536979744323,0,evaluator_training_only,False,False
mpx_007,28,28,1,8.96,8.96000026702881,-2.670288097306184e-07,2.670288097306184e-07,-2.980232162639954e-08,0.014527244057700171,1,evaluator_training_only,False,False
mpx_007,29,29,1,8.53,8.530000254213812,-2.542138126671034e-07,2.542138126671034e-07,-2.980232181605411e-08,0.014276012647597905,0,evaluator_training_only,False,False
mpx_007,30,30,1,8.53,8.530000254213812,-2.542138126671034e-07,2.542138126671034e-07,-2.980232181605411e-08,0.014276012647597905,0,evaluator_training_only,False,False
mpx_007,31,31,1,8.53,8.530000254213812,-2.542138126671034e-07,2.542138126671034e-07,-2.980232181605411e-08,0.014276012647597905,0,evaluator_training_only,False,False
mpx_007,32,32,1,8.53,8.530000254213812,-2.542138126671034e-07,2.542138126671034e-07,-2.980232181605411e-08,0.014276012647597905,0,evaluator_training_only,False,False
mpx_007,33,33,1,8.53,8.530000254213812,-2.542138126671034e-07,2.542138126671034e-07,-2.980232181605411e-08,0.014276012647597905,0,evaluator_training_only,False,False
mpx_007,34,34,1,8.53,8.530000254213812,-2.542138126671034e-07,2.542138126671034e-07,-2.980232181605411e-08,0.014276012647597905,0,evaluator_training_only,False,False
mpx_007,35,35,1,8.53,8.530000254213812,-2.542138126671034e-07,2.542138126671034e-07,-2.980232181605411e-08,0.014276012647597905,0,evaluator_training_only,False,False
mpx_008,1,1,1,18.37,18.370000547468667,-5.474686659567851e-07,5.474686659567851e-07,-2.9802321700650395e-08,0.9331104419449118,0,evaluator_training_only,False,False
mpx_008,2,2,1,27.29,27.290000813305383,-8.133053839287641e-07,8.133053839287641e-07,-2.9802321718225554e-08,0.6916465852265604,1,evaluator_training_only,False,False
mpx_008,3,3,1,24.98,24.980000744462018,-7.444620173657768e-07,7.444620173657768e-07,-2.9802321664494807e-08,0.673643505335121,1,evaluator_training_only,False,False
mpx_008,4,4,1,25.12,25.120000748634343,-7.486343420737285e-07,7.486343420737285e-07,-2.980232164660378e-08,0.5565244744246195,1,evaluator_training_only,False,False
mpx_008,5,5,1,25.18,25.180000750422483,-7.504224832644013e-07,7.504224832644013e-07,-2.9802321719621488e-08,0.5189238045929605,1,evaluator_training_only,False,False
mpx_008,6,6,1,30.14,30.140000898242004,-8.982420034442384e-07,8.982420034442384e-07,-2.9802321721119485e-08,0.4142566607250826,1,evaluator_training_only,False,False
mpx_008,7,7,1,37.71,37.710001123845586,-1.123845585482286e-06,1.123845585482286e-06,-2.9802321718087465e-08,0.3498771062216826,1,evaluator_training_only,False,False
mpx_008,8,8,1,35.74,35.74000106513501,-1.065135009525875e-06,1.065135009525875e-06,-2.9802321706278082e-08,0.3243877843941145,1,evaluator_training_only,False,False
mpx_008,9,9,1,27.61,27.610000822842128,-8.228421286560206e-07,8.228421286560206e-07,-2.980232177230767e-08,0.25954939695704227,1,evaluator_training_only,False,False
mpx_008,10,10,1,26.67,26.670000794827946,-7.948279439062844e-07,7.948279439062844e-07,-2.9802321717981487e-08,0.21775964857232508,0,evaluator_training_only,False,False
mpx_008,11,11,1,26.09,26.090000777542596,-7.775425956424442e-07,7.775425956424442e-07,-2.980232167381639e-08,0.21505627150271153,1,evaluator_training_only,False,False
mpx_008,12,12,1,24.91,24.910000742375857,-7.423758567881578e-07,7.423758567881578e-07,-2.980232174482672e-08,0.20704595185995622,1,evaluator_training_only,False,False
mpx_008,13,13,1,23.28,23.28000069379807,-6.937980678856093e-07,6.937980678856093e-07,-2.9802321615498974e-08,0.1943053088325228,1,evaluator_training_only,False,False
mpx_008,14,14,1,21.78,21.780000649094585,-6.490945843040663e-07,6.490945843040663e-07,-2.9802321623486716e-08,0.15422040030343698,1,evaluator_training_only,False,False
mpx_008,15,15,1,22.92,22.920000683069233,-6.830692313997133e-07,6.830692313997133e-07,-2.9802321598720085e-08,0.13684626184626184,1,evaluator_training_only,False,False
mpx_008,16,16,1,20.72,20.720000617504123,-6.175041242784118e-07,6.175041242784118e-07,-2.9802321712131046e-08,0.11113542373252228,1,evaluator_training_only,False,False
mpx_008,17,17,1,16.66,16.660000496506694,-4.965066935369578e-07,4.965066935369578e-07,-2.9802321653055557e-08,0.06833972078735935,0,evaluator_training_only,False,False
mpx_008,18,18,1,16.240000000000002,16.240000483989718,-4.83989715860389e-07,4.83989715860389e-07,-2.9802321517017967e-08,0.06646821085567772,0,evaluator_training_only,False,False
mpx_008,19,19,1,15.51,15.510000462234023,-4.622340235016509e-07,4.622340235016509e-07,-2.9802321710251695e-08,0.05350950226244344,1,evaluator_training_only,False,False
mpx_008,20,20,1,15.5,15.500000461936,-4.61936000561991e-07,4.61936000561991e-07,-2.980232172872424e-08,0.04949031711186942,1,evaluator_training_only,False,False
mpx_008,21,21,1,14.3,14.300000426173213,-4.261732122756712e-07,4.261732122756712e-07,-2.9802321648581817e-08,0.04426990877935328,1,evaluator_training_only,False,False
mpx_008,22,22,1,13.3,13.30000039637089,-3.9637088988797586e-07,3.9637088988797586e-07,-2.9802321659789704e-08,0.04412679581591168,1,evaluator_training_only,False,False
mpx_008,23,23,1,13.33,13.33000039726496,-3.972649604833123e-07,3.972649604833123e-07,-2.980232172872424e-08,0.04316541554765714,0,evaluator_training_only,False,False
mpx_008,24,24,1,11.790000000000001,11.790000351369384,-3.5136938336677304e-07,3.5136938336677304e-07,-2.9802321704423205e-08,0.03149247249565721,0,evaluator_training_only,False,False
mpx_008,25,25,1,10.85,10.8500003233552,-3.233552003933937e-07,3.233552003933937e-07,-2.980232172872424e-08,0.020230460776791786,0,evaluator_training_only,False,False
mpx_008,26,26,1,9.96,9.960000296831133,-2.968311321183137e-07,2.968311321183137e-07,-2.980232161366032e-08,0.016178418641012833,1,evaluator_training_only,False,False
mpx_008,27,27,1,9.83,9.83000029295683,-2.9295683035002185e-07,2.9295683035002185e-07,-2.9802321629626467e-08,0.015283921835518646,1,evaluator_training_only,False,False
mpx_008,28,28,1,9.75,9.750000290572645,-2.9057264505638614e-07,2.9057264505638614e-07,-2.9802321681707353e-08,0.015231879129069375,0,evaluator_training_only,False,False
mpx_008,29,29,1,9.75,9.750000290572645,-2.9057264505638614e-07,2.9057264505638614e-07,-2.9802321681707353e-08,0.015231879129069375,0,evaluator_training_only,False,False
mpx_008,30,30,1,9.75,9.750000290572645,-2.9057264505638614e-07,2.9057264505638614e-07,-2.9802321681707353e-08,0.015231879129069375,0,evaluator_training_only,False,False
mpx_008,31,31,1,9.75,9.750000290572645,-2.9057264505638614e-07,2.9057264505638614e-07,-2.9802321681707353e-08,0.015231879129069375,0,evaluator_training_only,False,False
mpx_008,32,32,1,9.75,9.750000290572645,-2.9057264505638614e-07,2.9057264505638614e-07,-2.9802321681707353e-08,0.015231879129069375,0,evaluator_training_only,False,False
mpx_008,33,33,1,9.75,9.750000290572645,-2.9057264505638614e-07,2.9057264505638614e-07,-2.9802321681707353e-08,0.015231879129069375,0,evaluator_training_only,False,False
mpx_008,34,34,1,9.75,9.750000290572645,-2.9057264505638614e-07,2.9057264505638614e-07,-2.9802321681707353e-08,0.015231879129069375,0,evaluator_training_only,False,False
mpx_008,35,35,1,9.75,9.750000290572645,-2.9057264505638614e-07,2.9057264505638614e-07,-2.9802321681707353e-08,0.015231879129069375,0,evaluator_training_only,False,False
mpx_009,1,1,1,18.37,18.370000547468667,-5.474686659567851e-07,5.474686659567851e-07,-2.9802321700650395e-08,0.9331104419449118,0,evaluator_training_only,False,False
mpx_009,2,2,1,26.69,26.69000079542399,-7.954239897856041e-07,7.954239897856041e-07,-2.9802321696520137e-08,0.6931586608442504,1,evaluator_training_only,False,False
mpx_009,3,3,1,26.77,26.770000797808176,-7.978081768555967e-07,7.978081768555967e-07,-2.980232174370791e-08,0.671183087319936,1,evaluator_training_only,False,False
mpx_009,4,4,1,28.53,28.530000850260265,-8.502602639737233e-07,8.502602639737233e-07,-2.9802321718681857e-08,0.5517583688690157,0,evaluator_training_only,False,False
mpx_009,5,5,1,28.77,28.77000085741282,-8.574128216309873e-07,8.574128216309873e-07,-2.9802321726732518e-08,0.5167324285652344,1,evaluator_training_only,False,False
mpx_009,6,6,1,28.93,28.930000862181192,-8.621811922182587e-07,8.621811922182587e-07,-2.980232169109082e-08,0.511695563428196,1,evaluator_training_only,False,False
mpx_009,7,7,1,29.88,29.8800008904934,-8.904933999076547e-07,8.904933999076547e-07,-2.9802321732559704e-08,0.42481448639566904,1,evaluator_training_only,False,False
mpx_009,8,8,1,26.650000000000002,26.650000794231897,-7.94231894474251e-07,7.94231894474251e-07,-2.9802321606164975e-08,0.39273315819103016,1,evaluator_training_only,False,False
mpx_009,9,9,1,30.1,30.10000089704991,-8.970499081328853e-07,8.970499081328853e-07,-2.9802321641153335e-08,0.3214830011723329,1,evaluator_training_only,False,False
mpx_009,10,10,1,28.26,28.260000842213636,-8.422136339447661e-07,8.422136339447661e-07,-2.9802321615174964e-08,0.24565986791695552,1,evaluator_training_only,False,False
mpx_009,11,11,1,24.59,24.590000732839112,-7.328391120609012e-07,7.328391120609012e-07,-2.980232168444873e-08,0.20979000660996142,0,evaluator_training_only,False,False
mpx_009,12,12,1,22.67,22.670000675618653,-6.756186508027895e-07,6.756186508027895e-07,-2.9802321599814077e-08,0.1738214665711246,1,evaluator_training_only,False,False
mpx_009,13,13,1,21.67,21.67000064581633,-6.458163284150942e-07,6.458163284150942e-07,-2.9802321604442464e-08,0.170093173992303,1,evaluator_training_only,False,False
mpx_009,14,14,1,21.06,21.060000627636914,-6.276369148849881e-07,6.276369148849881e-07,-2.980232175593309e-08,0.16133703041403924,0,evaluator_training_only,False,False
mpx_009,15,15,1,17.69,17.690000527203086,-5.272030847436326e-07,5.272030847436326e-07,-2.980232159591615e-08,0.13923061901972272,0,evaluator_training_only,False,False
mpx_009,16,16,1,19.900000000000002,19.90000059306622,-5.930662183573077e-07,5.930662183573077e-07,-2.9802321642339568e-08,0.10410541217467059,1,evaluator_training_only,False,False
mpx_009,17,17,1,18.5,18.500000551342968,-5.51342967725077e-07,5.51342967725077e-07,-2.9802321691555485e-08,0.06881010269622964,0,evaluator_training_only,False,False
mpx_009,18,18,1,16.77,16.77000049978495,-4.997849494259299e-07,4.997849494259299e-07,-2.980232167747037e-08,0.054885386611764356,0,evaluator_training_only,False,False
mpx_009,19,19,1,14.71,14.710000438392166,-4.3839216523622326e-07,4.3839216523622326e-07,-2.980232169756077e-08,0.04859850922157074,1,evaluator_training_only,False,False
mpx_009,20,20,1,14.38,14.380000428557398,-4.285573975693069e-07,4.285573975693069e-07,-2.980232161316422e-08,0.046887315693945296,0,evaluator_training_only,False,False
mpx_009,21,21,1,14.35,14.35000042766333,-4.2766333052668415e-07,4.2766333052668415e-07,-2.9802321796607942e-08,0.04650708565724083,0,evaluator_training_only,False,False
mpx_009,22,22,1,11.88,11.880000354051592,-3.540515916000686e-07,3.540515916000686e-07,-2.9802321637079897e-08,0.030204720075891988,1,evaluator_training_only,False,False
mpx_009,23,23,1,10.33,10.330000307857993,-3.0785799332022634e-07,3.0785799332022634e-07,-2.9802321795289773e-08,0.021663132142934693,1,evaluator_training_only,False,False
mpx_009,24,24,1,10.19,10.190000303685668,-3.0368566861227464e-07,3.0368566861227464e-07,-2.980232184119103e-08,0.020745416247439395,1,evaluator_training_only,False,False
mpx_009,25,25,1,9.53,9.530000284016134,-2.840161350547987e-07,2.840161350547987e-07,-2.9802321782839296e-08,0.016472391750788188,0,evaluator_training_only,False,False
mpx_009,26,26,1,9.33,9.33000027805567,-2.780556691561742e-07,2.780556691561742e-07,-2.980232163659911e-08,0.017100694444444443,0,evaluator_training_only,False,False
mpx_009,27,27,1,8.24,8.240000245571139,-2.455711385351833e-07,2.455711385351833e-07,-2.9802321749586556e-08,0.017921224907022772,1,evaluator_training_only,False,False
mpx_009,28,28,1,8.6,8.600000256299975,-2.5629997502107926e-07,2.5629997502107926e-07,-2.980232178869127e-08,0.01706203588661909,1,evaluator_training_only,False,False
mpx_009,29,29,1,8.6,8.600000256299975,-2.5629997502107926e-07,2.5629997502107926e-07,-2.980232178869127e-08,0.01706203588661909,1,evaluator_training_only,False,False
mpx_009,30,30,1,8.6,8.600000256299975,-2.5629997502107926e-07,2.5629997502107926e-07,-2.980232178869127e-08,0.01704746563418739,1,evaluator_training_only,False,False
mpx_009,31,31,1,8.6,8.600000256299975,-2.5629997502107926e-07,2.5629997502107926e-07,-2.980232178869127e-08,0.01704746563418739,1,evaluator_training_only,False,False
mpx_009,32,32,1,8.6,8.600000256299975,-2.5629997502107926e-07,2.5629997502107926e-07,-2.980232178869127e-08,0.01704746563418739,1,evaluator_training_only,False,False
mpx_009,33,33,1,8.6,8.600000256299975,-2.5629997502107926e-07,2.5629997502107926e-07,-2.980232178869127e-08,0.01704746563418739,1,evaluator_training_only,False,False
mpx_009,34,34,1,8.6,8.600000256299975,-2.5629997502107926e-07,2.5629997502107926e-07,-2.980232178869127e-08,0.01704746563418739,1,evaluator_training_only,False,False
mpx_009,35,35,1,8.6,8.600000256299975,-2.5629997502107926e-07,2.5629997502107926e-07,-2.980232178869127e-08,0.01704746563418739,1,evaluator_training_only,False,False
mpx_009,36,36,1,8.6,8.600000256299975,-2.5629997502107926e-07,2.5629997502107926e-07,-2.980232178869127e-08,0.01704746563418739,1,evaluator_training_only,False,False
mpx_010,1,1,1,18.37,18.370000547468667,-5.474686659567851e-07,5.474686659567851e-07,-2.9802321700650395e-08,0.9331104419449118,0,evaluator_training_only,False,False
mpx_010,2,2,1,28.63,28.630000853240496,-8.532404969230356e-07,8.532404969230356e-07,-2.980232174273447e-08,0.689359075092603,1,evaluator_training_only,False,False
mpx_010,3,3,1,26.37,26.370000785887246,-7.858872450583476e-07,7.858872450583476e-07,-2.9802321639631518e-08,0.673458834402403,1,evaluator_training_only,False,False
mpx_010,4,4,1,24.990000000000002,24.990000744760042,-7.447600403054366e-07,7.447600403054366e-07,-2.9802321653055554e-08,0.5549371209535562,0,evaluator_training_only,False,False
mpx_010,5,5,1,24.8,24.8000007390976,-7.390976008991856e-07,7.390976008991856e-07,-2.980232172872424e-08,0.5183478979480598,1,evaluator_training_only,False,False
mpx_010,6,6,1,30.28,30.28000090241433,-9.024143281521901e-07,9.024143281521901e-07,-2.9802321706015455e-08,0.5161327997259293,1,evaluator_training_only,False,False
mpx_010,7,7,1,27.67,27.670000824630268,-8.246302662939797e-07,8.246302662939797e-07,-2.980232171008613e-08,0.42744552979361117,1,evaluator_training_only,False,False
mpx_010,8,8,1,28.09,28.090000837147244,-8.371472439705485e-07,8.371472439705485e-07,-2.9802321787882414e-08,0.39136159507182994,1,evaluator_training_only,False,False
mpx_010,9,9,1,31.82,31.820000948309904,-9.483099034923725e-07,9.483099034923725e-07,-2.980232166029339e-08,0.32241747124414427,1,evaluator_training_only,False,False
mpx_010,10,10,1,28.68,28.68000085473061,-8.547306116213349e-07,8.547306116213349e-07,-2.980232169276075e-08,0.3099483468059649,0,evaluator_training_only,False,False
mpx_010,11,11,1,27.87,27.87000083059073,-8.305907286398906e-07,8.305907286398906e-07,-2.9802321632090367e-08,0.21504083007876182,1,evaluator_training_only,False,False
mpx_010,12,12,1,25.04,25.040000746250158,-7.462501585564496e-07,7.462501585564496e-07,-2.9802321737877887e-08,0.19097884515345934,0,evaluator_training_only,False,False
mpx_010,13,13,1,21.79,21.79000064939261,-6.493926107964398e-07,6.493926107964398e-07,-2.9802321773429663e-08,0.16589629138213258,1,evaluator_training_only,False,False
mpx_010,14,14,1,21.22,21.220000632405284,-6.324052854722595e-07,6.324052854722595e-07,-2.980232170712129e-08,0.16367279856986333,0,evaluator_training_only,False,False
mpx_010,15,15,1,20.46,20.46000060975552,-6.097555207418281e-07,6.097555207418281e-07,-2.980232172872424e-08,0.1613710084336481,1,evaluator_training_only,False,False
mpx_010,16,16,1,17.37,17.370000517666345,-5.176663435690898e-07,5.176663435690898e-07,-2.9802321712229756e-08,0.14400155467265505,0,evaluator_training_only,False,False
mpx_010,17,17,1,20.39,21.460000639557844,-1.0700006395578434,1.0700006395578434,-0.04986023334899068,0.10840488711742535,0,evaluator_training_only,False,False
mpx_010,18,18,1,18.35,19.320000575780874,-0.9700005757808725,0.9700005757808725,-0.05020706764350948,0.07317267044838675,1,evaluator_training_only,False,False
mpx_010,19,19,1,16.6,17.530000522434715,-0.9300005224347139,0.9300005224347139,-0.053051939230949176,0.05982949172363511,1,evaluator_training_only,False,False
mpx_010,20,20,1,15.73,16.240000483989718,-0.5100004839897174,0.5100004839897174,-0.03140396975311077,0.053708716838115865,0,evaluator_training_only,False,False
mpx_010,21,21,1,15.42,15.910000474154952,-0.49000047415495196,0.49000047415495196,-0.0307982689850283,0.05172799503503619,0,evaluator_training_only,False,False
mpx_010,22,22,1,15.35,15.840000472068791,-0.4900004720687914,0.4900004720687914,-0.030934372314749978,0.05154445727482679,1,evaluator_training_only,False,False
mpx_010,23,23,1,14.48,15.500000461936,-1.0200004619360001,1.0200004619360001,-0.06580647945403989,0.048979209589810835,1,evaluator_training_only,False,False
mpx_010,24,24,1,14.48,15.500000461936,-1.0200004619360001,1.0200004619360001,-0.06580647945403989,0.048979209589810835,1,evaluator_training_only,False,False
mpx_010,25,25,1,13.790000000000001,14.790000440776351,-1.0000004407763505,1.0000004407763505,-0.06761327998472047,0.03671707819671304,1,evaluator_training_only,False,False
mpx_010,26,26,1,13.24,13.800000411272052,-0.5600004112720516,0.5600004112720516,-0.04057973873787965,0.027684902288580154,0,evaluator_training_only,False,False
mpx_010,27,27,1,13.1,13.660000407099727,-0.5600004070997269,0.5600004070997269,-0.04099563619402742,0.026736619078847806,1,evaluator_training_only,False,False
mpx_010,28,28,1,12.05,12.630000376403334,-0.5800003764033335,0.5800003764033335,-0.0459224354012649,0.022656030438636315,1,evaluator_training_only,False,False
mpx_010,29,29,1,10.52,11.10000033080578,-0.5800003308057811,0.5800003308057811,-0.05225228049733555,0.02133031328221368,1,evaluator_training_only,False,False
mpx_010,30,30,1,10.3,10.8500003233552,-0.5500003233551993,0.5500003233551993,-0.050691272531236196,0.021272602591402894,0,evaluator_training_only,False,False
mpx_010,31,31,1,10.26,10.26000030577183,-3.057718309662505e-07,3.057718309662505e-07,-2.980232181808382e-08,0.014810551698514572,0,evaluator_training_only,False,False
mpx_010,32,32,1,10.41,10.410000310242179,-3.1024217861386205e-07,3.1024217861386205e-07,-2.9802321745237736e-08,0.014794580419580422,1,evaluator_training_only,False,False
mpx_010,33,33,1,10.41,10.410000310242179,-3.1024217861386205e-07,3.1024217861386205e-07,-2.9802321745237736e-08,0.014794580419580422,1,evaluator_training_only,False,False
mpx_010,34,34,1,10.41,10.410000310242179,-3.1024217861386205e-07,3.1024217861386205e-07,-2.9802321745237736e-08,0.014794580419580422,1,evaluator_training_only,False,False
mpx_010,35,35,1,10.41,10.410000310242179,-3.1024217861386205e-07,3.1024217861386205e-07,-2.9802321745237736e-08,0.014794580419580422,1,evaluator_training_only,False,False
mpx_010,36,36,1,10.41,10.410000310242179,-3.1024217861386205e-07,3.1024217861386205e-07,-2.9802321745237736e-08,0.014794580419580422,1,evaluator_training_only,False,False
mpx_010,37,37,1,10.41,10.410000310242179,-3.1024217861386205e-07,3.1024217861386205e-07,-2.9802321745237736e-08,0.014794580419580422,1,evaluator_training_only,False,False
mpx_010,38,38,1,10.41,10.410000310242179,-3.1024217861386205e-07,3.1024217861386205e-07,-2.9802321745237736e-08,0.014794580419580422,1,evaluator_training_only,False,False
mpx_010,39,39,1,10.41,10.410000310242179,-3.1024217861386205e-07,3.1024217861386205e-07,-2.9802321745237736e-08,0.014794580419580422,1,evaluator_training_only,False,False
mpx_010,40,40,1,10.41,10.410000310242179,-3.1024217861386205e-07,3.1024217861386205e-07,-2.9802321745237736e-08,0.014794580419580422,1,evaluator_training_only,False,False
