time_s,goal_id,poses,path_length_m,endpoint_x,endpoint_y,frontier_x,frontier_y,endpoint_error_m,usable
0.117069721,,34,1.770710705,1.715230190,-0.074579722,1.715230190,-0.074579722,0.000000000,1
1.130273342,,28,1.470710700,1.715230190,-0.074579722,1.715230190,-0.074579722,0.000000000,1
2.150469065,,18,0.970710693,1.715230190,-0.074579722,1.715230190,-0.074579722,0.000000000,1
3.169152498,,12,0.670710688,1.715230190,-0.074579722,1.715230190,-0.074579722,0.000000000,1
4.191645861,,8,0.470710685,1.715230190,-0.074579722,1.715230190,-0.074579722,0.000000000,1
5.091673136,,103,5.260427435,-2.684769876,-1.874579748,-2.684769876,-1.874579748,0.000000000,1
6.116017580,,99,5.060672220,-2.684769876,-1.874579748,-2.684769876,-1.874579748,0.000000000,1
7.146937609,,91,4.652351506,-2.684769876,-1.874579748,-2.684769876,-1.874579748,0.000000000,1
8.169669390,,82,4.177612748,-2.684769876,-1.874579748,-2.684769876,-1.874579748,0.000000000,1
9.187576532,,77,3.924084525,-2.684769876,-1.874579748,-2.684769876,-1.874579748,0.000000000,1
10.218942165,,69,3.539988269,-2.684769876,-1.874579748,-2.684769876,-1.874579748,0.000000000,1
11.248345375,,68,3.379189026,-2.684769876,-1.874579748,-2.684769876,-1.874579748,0.000000000,1
12.278523922,,60,3.074723809,-2.684769876,-1.874579748,-2.684769876,-1.874579748,0.000000000,1
13.300632477,,50,2.604757456,-2.684769876,-1.874579748,-2.684769876,-1.874579748,0.000000000,1
14.318605185,,46,2.353311143,-2.684769876,-1.874579748,-2.684769876,-1.874579748,0.000000000,1
15.347710371,,40,2.041873663,-2.684769876,-1.874579748,-2.684769876,-1.874579748,0.000000000,1
16.366403103,,40,2.047471915,-2.684769876,-1.874579748,-2.684769876,-1.874579748,0.000000000,1
17.390725851,,34,1.771148260,-2.684769876,-1.874579748,-2.684769876,-1.874579748,0.000000000,1
18.415827036,,24,1.262685714,-2.684769876,-1.874579748,-2.684769876,-1.874579748,0.000000000,1
19.444304466,,17,0.917820711,-2.684769876,-1.874579748,-2.684769876,-1.874579748,0.000000000,1
20.465540648,,13,0.712054163,-2.684769876,-1.874579748,-2.684769876,-1.874579748,0.000000000,1
21.487339258,,12,0.646546179,-2.684769876,-1.874579748,-2.684769876,-1.874579748,0.000000000,1
22.171013832,,85,4.232123726,0.962049342,-3.802159569,0.962049342,-3.802159569,0.000000000,1
23.157844543,,77,3.920754551,0.962049342,-3.802159569,0.962049342,-3.802159569,0.000000000,1
24.165939331,,75,3.774123746,0.962049342,-3.802159569,0.962049342,-3.802159569,0.000000000,1
25.196206808,,64,3.235063160,0.962049342,-3.802159569,0.962049342,-3.802159569,0.000000000,1
26.225768328,,58,2.917142189,0.962049342,-3.802159569,0.962049342,-3.802159569,0.000000000,1
27.244596481,,52,2.623050930,0.962049342,-3.802159569,0.962049342,-3.802159569,0.000000000,1
28.275303125,,44,2.225153276,0.962049342,-3.802159569,0.962049342,-3.802159569,0.000000000,1
29.296585560,,38,1.914744901,0.962049342,-3.802159569,0.962049342,-3.802159569,0.000000000,1
30.326270819,,30,1.518726511,0.962049342,-3.802159569,0.962049342,-3.802159569,0.000000000,1
31.354222536,,22,1.124728240,0.962049342,-3.802159569,0.962049342,-3.802159569,0.000000000,1
32.365070820,,16,0.814037969,0.962049342,-3.802159569,0.962049342,-3.802159569,0.000000000,1
33.380178928,,12,0.623396538,0.962049342,-3.802159569,0.962049342,-3.802159569,0.000000000,1
34.412325621,,7,0.370710684,0.962049342,-3.802159569,0.962049342,-3.802159569,0.000000000,1
35.153830051,,118,6.004322760,4.562049395,-1.802159539,4.562049395,-1.802159539,0.000000000,1
36.178178310,,115,5.819946414,4.562049395,-1.802159539,4.562049395,-1.802159539,0.000000000,1
37.195012331,,107,5.435436327,4.562049395,-1.802159539,4.562049395,-1.802159539,0.000000000,1
38.221460581,,99,5.061378001,4.562049395,-1.802159539,4.562049395,-1.802159539,0.000000000,1
39.247286558,,90,4.597702039,4.562049395,-1.802159539,4.562049395,-1.802159539,0.000000000,1
40.263813496,,79,4.061311394,4.562049395,-1.802159539,4.562049395,-1.802159539,0.000000000,1
41.295174599,,71,3.637347843,4.562049395,-1.802159539,4.562049395,-1.802159539,0.000000000,1
42.313803434,,59,2.982132011,4.562049395,-1.802159539,4.562049395,-1.802159539,0.000000000,1
43.344201565,,51,2.543998142,4.562049395,-1.802159539,4.562049395,-1.802159539,0.000000000,1
44.371183634,,48,2.420297779,4.562049395,-1.802159539,4.562049395,-1.802159539,0.000000000,1
45.392052889,,44,2.258559728,4.562049395,-1.802159539,4.562049395,-1.802159539,0.000000000,1
46.422961235,,36,1.862967181,4.562049395,-1.802159539,4.562049395,-1.802159539,0.000000000,1
47.447474241,,27,1.438682048,4.562049395,-1.802159539,4.562049395,-1.802159539,0.000000000,1
48.462169886,,17,0.949981213,4.562049395,-1.802159539,4.562049395,-1.802159539,0.000000000,1
49.490342379,,12,0.672166979,4.562049395,-1.802159539,4.562049395,-1.802159539,0.000000000,1
51.200816393,,79,4.032964239,6.362049422,0.207554968,6.362049422,0.207554968,0.000000000,1
52.228917360,,73,3.811582153,6.362049422,0.207554968,6.362049422,0.207554968,0.000000000,1
53.262885571,,66,3.407509792,6.362049422,0.207554968,6.362049422,0.207554968,0.000000000,1
54.291189909,,53,2.819331059,6.362049422,0.207554968,6.362049422,0.207554968,0.000000000,1
55.317198038,,43,2.215551910,6.362049422,0.207554968,6.362049422,0.207554968,0.000000000,1
56.345792770,,36,1.869472479,6.362049422,0.207554968,6.362049422,0.207554968,0.000000000,1
57.360362291,,26,1.387590692,6.362049422,0.207554968,6.362049422,0.207554968,0.000000000,1
58.387945414,,16,0.958231471,6.362049422,0.207554968,6.362049422,0.207554968,0.000000000,1
59.415814400,,12,0.703130653,6.362049422,0.207554968,6.362049422,0.207554968,0.000000000,1
61.211824179,,70,3.593380445,7.362049437,1.507554987,7.362049437,1.507554987,0.000000000,1
62.242470741,,67,3.433051513,7.362049437,1.507554987,7.362049437,1.507554987,0.000000000,1
63.269834757,,53,2.744767271,7.362049437,1.507554987,7.362049437,1.507554987,0.000000000,1
64.302061558,,42,2.189123404,7.362049437,1.507554987,7.362049437,1.507554987,0.000000000,1
65.326802969,,33,1.734540823,7.362049437,1.507554987,7.362049437,1.507554987,0.000000000,1
66.348602772,,23,1.260411479,7.362049437,1.507554987,7.362049437,1.507554987,0.000000000,1
67.370628119,,16,0.869884299,7.362049437,1.507554987,7.362049437,1.507554987,0.000000000,1
68.396668673,,11,0.657255240,7.362049437,1.507554987,7.362049437,1.507554987,0.000000000,1
70.217513561,,117,5.953826795,8.662049456,0.807554976,8.662049456,0.807554976,0.000000000,1
71.247076988,,112,5.702635611,8.662049456,0.807554976,8.662049456,0.807554976,0.000000000,1
72.278666496,,109,5.549375284,8.662049456,0.807554976,8.662049456,0.807554976,0.000000000,1
73.310508251,,109,5.549375284,8.662049456,0.807554976,8.662049456,0.807554976,0.000000000,1
74.339490891,,111,5.630649394,8.662049456,0.807554976,8.662049456,0.807554976,0.000000000,1
75.372959137,,101,5.158028663,8.662049456,0.807554976,8.662049456,0.807554976,0.000000000,1
76.379896879,,90,4.622442946,8.662049456,0.807554976,8.662049456,0.807554976,0.000000000,1
77.406573534,,82,4.195226421,8.662049456,0.807554976,8.662049456,0.807554976,0.000000000,1
78.429984093,,71,3.637658583,8.662049456,0.807554976,8.662049456,0.807554976,0.000000000,1
79.446118116,,61,3.121040971,8.662049456,0.807554976,8.662049456,0.807554976,0.000000000,1
80.476482868,,52,2.694298425,8.662049456,0.807554976,8.662049456,0.807554976,0.000000000,1
81.507422686,,43,2.271790854,8.662049456,0.807554976,8.662049456,0.807554976,0.000000000,1
82.533907413,,35,1.829686758,8.662049456,0.807554976,8.662049456,0.807554976,0.000000000,1
83.566968441,,22,1.226263166,8.662049456,0.807554976,8.662049456,0.807554976,0.000000000,1
84.578202963,,18,0.965599391,8.662049456,0.807554976,8.662049456,0.807554976,0.000000000,1
85.606343269,,13,0.724330979,8.662049456,0.807554976,8.662049456,0.807554976,0.000000000,1
87.265594721,,81,4.127397654,11.862049504,1.807554991,11.862049504,1.807554991,0.000000000,1
88.271568298,,81,4.110831006,11.862049504,1.807554991,11.862049504,1.807554991,0.000000000,1
89.284186363,,81,4.110831006,11.862049504,1.807554991,11.862049504,1.807554991,0.000000000,1
90.318898439,,78,3.973209670,11.862049504,1.807554991,11.862049504,1.807554991,0.000000000,1
91.335549355,,71,3.532718360,11.862049504,1.807554991,11.862049504,1.807554991,0.000000000,1
92.369240999,,60,3.041981843,11.862049504,1.807554991,11.862049504,1.807554991,0.000000000,1
93.396361589,,51,2.609070605,11.862049504,1.807554991,11.862049504,1.807554991,0.000000000,1
94.413908720,,44,2.247237734,11.862049504,1.807554991,11.862049504,1.807554991,0.000000000,1
95.442404509,,33,1.623020918,11.862049504,1.807554991,11.862049504,1.807554991,0.000000000,1
96.474859476,,22,1.212132052,11.862049504,1.807554991,11.862049504,1.807554991,0.000000000,1
97.504448891,,14,0.812132046,11.862049504,1.807554991,11.862049504,1.807554991,0.000000000,1
98.531618595,,8,0.470710685,11.862049504,1.807554991,11.862049504,1.807554991,0.000000000,1
99.232567787,,83,4.227931208,10.762049488,5.807555051,10.762049488,5.807555051,0.000000000,1
100.281228781,,83,4.222077086,10.762049488,5.807555051,10.762049488,5.807555051,0.000000000,1
101.293891430,,81,4.129101441,10.762049488,5.807555051,10.762049488,5.807555051,0.000000000,1
102.312109709,,73,3.730516377,10.762049488,5.807555051,10.762049488,5.807555051,0.000000000,1
103.329223633,,63,3.242714644,10.762049488,5.807555051,10.762049488,5.807555051,0.000000000,1
104.359758854,,53,2.745777809,10.762049488,5.807555051,10.762049488,5.807555051,0.000000000,1
105.391101599,,45,2.350695018,10.762049488,5.807555051,10.762049488,5.807555051,0.000000000,1
106.416882515,,35,1.861164966,10.762049488,5.807555051,10.762049488,5.807555051,0.000000000,1
107.446749687,,25,1.348630733,10.762049488,5.807555051,10.762049488,5.807555051,0.000000000,1
108.465939999,,17,0.936815778,10.762049488,5.807555051,10.762049488,5.807555051,0.000000000,1
109.496808052,,10,0.574006770,10.762049488,5.807555051,10.762049488,5.807555051,0.000000000,1
111.246688604,,310,15.661447172,7.162049434,6.007555054,7.162049434,6.007555054,0.000000000,1
112.279247999,,307,15.500727472,7.162049434,6.007555054,7.162049434,6.007555054,0.000000000,1
113.310786724,,300,15.155175009,7.162049434,6.007555054,7.162049434,6.007555054,0.000000000,1
114.336371422,,300,15.115955500,7.162049434,6.007555054,7.162049434,6.007555054,0.000000000,1
115.357349396,,300,15.115955500,7.162049434,6.007555054,7.162049434,6.007555054,0.000000000,1
116.388788939,,293,14.793288336,7.162049434,6.007555054,7.162049434,6.007555054,0.000000000,1
117.415596247,,285,14.408215035,7.162049434,6.007555054,7.162049434,6.007555054,0.000000000,1
118.435167789,,275,13.910918484,7.162049434,6.007555054,7.162049434,6.007555054,0.000000000,1
119.477692366,,265,13.412744814,7.162049434,6.007555054,7.162049434,6.007555054,0.000000000,1
120.495452404,,255,12.917407161,7.162049434,6.007555054,7.162049434,6.007555054,0.000000000,1
121.513397932,,247,12.441704852,7.162049434,6.007555054,7.162049434,6.007555054,0.000000000,1
122.547693014,,234,11.862508713,7.162049434,6.007555054,7.162049434,6.007555054,0.000000000,1
123.570941925,,220,11.174515818,7.162049434,6.007555054,7.162049434,6.007555054,0.000000000,1
124.601780176,,211,10.692021111,7.162049434,6.007555054,7.162049434,6.007555054,0.000000000,1
125.623326302,,202,10.243938340,7.162049434,6.007555054,7.162049434,6.007555054,0.000000000,1
126.644824266,,192,9.757590694,7.162049434,6.007555054,7.162049434,6.007555054,0.000000000,1
127.674268007,,183,9.279905075,7.162049434,6.007555054,7.162049434,6.007555054,0.000000000,1
128.684468269,,173,8.776482190,7.162049434,6.007555054,7.162049434,6.007555054,0.000000000,1
129.718100071,,162,8.230560976,7.162049434,6.007555054,7.162049434,6.007555054,0.000000000,1
130.745133877,,157,7.928950279,7.162049434,6.007555054,7.162049434,6.007555054,0.000000000,1
131.772982359,,143,7.271487982,7.162049434,6.007555054,7.162049434,6.007555054,0.000000000,1
132.794144154,,131,6.713370872,7.162049434,6.007555054,7.162049434,6.007555054,0.000000000,1
133.813368559,,121,6.190959634,7.162049434,6.007555054,7.162049434,6.007555054,0.000000000,1
134.845834970,,113,5.797707484,7.162049434,6.007555054,7.162049434,6.007555054,0.000000000,1
135.873250008,,100,5.143559221,7.162049434,6.007555054,7.162049434,6.007555054,0.000000000,1
136.899209499,,91,4.668392895,7.162049434,6.007555054,7.162049434,6.007555054,0.000000000,1
137.936158419,,81,4.182846127,7.162049434,6.007555054,7.162049434,6.007555054,0.000000000,1
138.955132961,,73,3.779717209,7.162049434,6.007555054,7.162049434,6.007555054,0.000000000,1
139.984497547,,62,3.226622240,7.162049434,6.007555054,7.162049434,6.007555054,0.000000000,1
140.999286413,,53,2.782264308,7.162049434,6.007555054,7.162049434,6.007555054,0.000000000,1
142.030329943,,43,2.273293486,7.162049434,6.007555054,7.162049434,6.007555054,0.000000000,1
143.054000616,,31,1.699125368,7.162049434,6.007555054,7.162049434,6.007555054,0.000000000,1
144.071927547,,23,1.255301541,7.162049434,6.007555054,7.162049434,6.007555054,0.000000000,1
145.100556850,,16,0.871702942,7.162049434,6.007555054,7.162049434,6.007555054,0.000000000,1
146.129869223,,6,0.496580411,7.162049434,6.007555054,7.162049434,6.007555054,0.000000000,1
147.246279478,,20,1.088416844,6.761606632,6.408599986,6.761606632,6.408599986,0.000000000,1
148.268288851,,17,0.946740673,6.761606632,6.408599986,6.761606632,6.408599986,0.000000000,1
149.296040535,,11,0.667950111,6.761606632,6.408599986,6.761606632,6.408599986,0.000000000,1
151.262626886,,126,6.428822305,1.461606553,4.408599956,1.461606553,4.408599956,0.000000000,1
152.280748129,,121,6.161042298,1.461606553,4.408599956,1.461606553,4.408599956,0.000000000,1
153.304694414,,111,5.628234151,1.461606553,4.408599956,1.461606553,4.408599956,0.000000000,1
154.331820250,,105,5.350608405,1.461606553,4.408599956,1.461606553,4.408599956,0.000000000,1
155.349944592,,97,4.948204248,1.461606553,4.408599956,1.461606553,4.408599956,0.000000000,1
156.380155087,,88,4.507717389,1.461606553,4.408599956,1.461606553,4.408599956,0.000000000,1
157.415172338,,77,3.945523947,1.461606553,4.408599956,1.461606553,4.408599956,0.000000000,1
158.428650856,,69,3.531436095,1.461606553,4.408599956,1.461606553,4.408599956,0.000000000,1
159.458432674,,58,2.973229693,1.461606553,4.408599956,1.461606553,4.408599956,0.000000000,1
160.484164476,,47,2.437541121,1.461606553,4.408599956,1.461606553,4.408599956,0.000000000,1
161.492314339,,39,2.031733739,1.461606553,4.408599956,1.461606553,4.408599956,0.000000000,1
162.511489153,,30,1.590915094,1.461606553,4.408599956,1.461606553,4.408599956,0.000000000,1
163.542712688,,21,1.137045254,1.461606553,4.408599956,1.461606553,4.408599956,0.000000000,1
164.560396671,,15,0.869086789,1.461606553,4.408599956,1.461606553,4.408599956,0.000000000,1
165.589814425,,14,0.797260784,1.461606553,4.408599956,1.461606553,4.408599956,0.000000000,1
167.259479523,,80,4.075282416,-0.538393477,5.608599974,-0.538393477,5.608599974,0.000000000,1
168.290305853,,82,4.117279976,-0.538393477,5.608599974,-0.538393477,5.608599974,0.000000000,1
169.316739082,,74,3.692285510,-0.538393477,5.608599974,-0.538393477,5.608599974,0.000000000,1
170.345371008,,59,3.039212461,-0.538393477,5.608599974,-0.538393477,5.608599974,0.000000000,1
171.369895697,,56,2.783212878,-0.538393477,5.608599974,-0.538393477,5.608599974,0.000000000,1
172.396956682,,38,1.883913630,-0.538393477,5.608599974,-0.538393477,5.608599974,0.000000000,1
173.416547060,,30,1.487663928,-0.538393477,5.608599974,-0.538393477,5.608599974,0.000000000,1
174.444541216,,22,1.090239281,-0.538393477,5.608599974,-0.538393477,5.608599974,0.000000000,1
175.477817774,,18,0.892563982,-0.538393477,5.608599974,-0.538393477,5.608599974,0.000000000,1
176.494973898,,14,0.705611141,-0.538393477,5.608599974,-0.538393477,5.608599974,0.000000000,1
178.257667303,,74,3.775373124,-2.338393504,4.208599953,-2.338393504,4.208599953,0.000000000,1
179.276320934,,79,4.033790892,-2.338393504,4.208599953,-2.338393504,4.208599953,0.000000000,1
180.293745756,,68,3.512669312,-2.338393504,4.208599953,-2.338393504,4.208599953,0.000000000,1
181.313590527,,62,3.285083774,-2.338393504,4.208599953,-2.338393504,4.208599953,0.000000000,1
182.335548401,,53,2.756906688,-2.338393504,4.208599953,-2.338393504,4.208599953,0.000000000,1
183.364618778,,45,2.430936057,-2.338393504,4.208599953,-2.338393504,4.208599953,0.000000000,1
186.313567877,,260,13.115097585,-9.238393607,2.208599923,-9.238393607,2.208599923,0.000000000,1
187.342484474,,256,12.897735203,-9.238393607,2.208599923,-9.238393607,2.208599923,0.000000000,1
188.377052069,,246,12.392790011,-9.238393607,2.208599923,-9.238393607,2.208599923,0.000000000,1
189.396467686,,236,11.886203781,-9.238393607,2.208599923,-9.238393607,2.208599923,0.000000000,1
190.426133394,,226,11.396647492,-9.238393607,2.208599923,-9.238393607,2.208599923,0.000000000,1
191.449273825,,218,10.982068282,-9.238393607,2.208599923,-9.238393607,2.208599923,0.000000000,1
192.477865219,,206,10.391576579,-9.238393607,2.208599923,-9.238393607,2.208599923,0.000000000,1
193.495355606,,197,9.914772452,-9.238393607,2.208599923,-9.238393607,2.208599923,0.000000000,1
194.515471935,,188,9.467295044,-9.238393607,2.208599923,-9.238393607,2.208599923,0.000000000,1
195.544381380,,178,8.995999200,-9.238393607,2.208599923,-9.238393607,2.208599923,0.000000000,1
196.562148094,,168,8.495169013,-9.238393607,2.208599923,-9.238393607,2.208599923,0.000000000,1
197.588536024,,158,7.978002258,-9.238393607,2.208599923,-9.238393607,2.208599923,0.000000000,1
198.613928318,,143,7.415443982,-9.238393607,2.208599923,-9.238393607,2.208599923,0.000000000,1
199.644795656,,135,6.995671944,-9.238393607,2.208599923,-9.238393607,2.208599923,0.000000000,1
200.663347244,,125,6.537643247,-9.238393607,2.208599923,-9.238393607,2.208599923,0.000000000,1
201.680465221,,121,6.154416142,-9.238393607,2.208599923,-9.238393607,2.208599923,0.000000000,1
202.710994244,,119,6.003583609,-9.238393607,2.208599923,-9.238393607,2.208599923,0.000000000,1
203.739639759,,107,5.457551723,-9.238393607,2.208599923,-9.238393607,2.208599923,0.000000000,1
204.769208431,,97,4.912603034,-9.238393607,2.208599923,-9.238393607,2.208599923,0.000000000,1
205.795958996,,88,4.425121823,-9.238393607,2.208599923,-9.238393607,2.208599923,0.000000000,1
206.824981213,,77,3.900353090,-9.238393607,2.208599923,-9.238393607,2.208599923,0.000000000,1
207.858123064,,67,3.367122088,-9.238393607,2.208599923,-9.238393607,2.208599923,0.000000000,1
208.878833294,,59,3.030468718,-9.238393607,2.208599923,-9.238393607,2.208599923,0.000000000,1
209.893693447,,48,2.465868111,-9.238393607,2.208599923,-9.238393607,2.208599923,0.000000000,1
210.927460194,,39,2.043798417,-9.238393607,2.208599923,-9.238393607,2.208599923,0.000000000,1
211.944425106,,31,1.604184017,-9.238393607,2.208599923,-9.238393607,2.208599923,0.000000000,1
212.976562977,,21,1.110992229,-9.238393607,2.208599923,-9.238393607,2.208599923,0.000000000,1
213.993347883,,15,0.819762833,-9.238393607,2.208599923,-9.238393607,2.208599923,0.000000000,1
215.024368525,,9,0.532834615,-9.238393607,2.208599923,-9.238393607,2.208599923,0.000000000,1
216.328250408,,63,3.260984492,-11.201491452,0.708599901,-11.201491452,0.708599901,0.000000000,1
217.345617771,,59,3.059978402,-11.201491452,0.708599901,-11.201491452,0.708599901,0.000000000,1
218.369285107,,50,2.567301408,-11.201491452,0.708599901,-11.201491452,0.708599901,0.000000000,1
219.394612074,,39,2.172253444,-11.201491452,0.708599901,-11.201491452,0.708599901,0.000000000,1
220.426685095,,32,1.766785463,-11.201491452,0.708599901,-11.201491452,0.708599901,0.000000000,1
221.457654953,,23,1.222855179,-11.201491452,0.708599901,-11.201491452,0.708599901,0.000000000,1
222.488712549,,17,0.938874517,-11.201491452,0.708599901,-11.201491452,0.708599901,0.000000000,1
223.496532440,,10,0.602322323,-11.201491452,0.708599901,-11.201491452,0.708599901,0.000000000,1
224.526311636,,8,0.502322321,-11.201491452,0.708599901,-11.201491452,0.708599901,0.000000000,1
225.338984966,,95,4.816885605,-12.116721844,3.308599940,-12.116721844,3.308599940,0.000000000,1
226.359638929,,90,4.592313565,-12.116721844,3.308599940,-12.116721844,3.308599940,0.000000000,1
227.379132509,,83,4.228435048,-12.116721844,3.308599940,-12.116721844,3.308599940,0.000000000,1
228.409446001,,75,3.831234331,-12.116721844,3.308599940,-12.116721844,3.308599940,0.000000000,1
229.438266277,,73,3.757574285,-12.116721844,3.308599940,-12.116721844,3.308599940,0.000000000,1
230.457718849,,73,3.757574285,-12.116721844,3.308599940,-12.116721844,3.308599940,0.000000000,1
231.478448629,,70,3.624837672,-12.116721844,3.308599940,-12.116721844,3.308599940,0.000000000,1
232.507977962,,70,3.624612853,-12.116721844,3.308599940,-12.116721844,3.308599940,0.000000000,1
233.527338028,,68,3.511463522,-12.116721844,3.308599940,-12.116721844,3.308599940,0.000000000,1
234.558302164,,64,3.319534994,-12.116721844,3.308599940,-12.116721844,3.308599940,0.000000000,1
235.576978922,,53,2.771529758,-12.116721844,3.308599940,-12.116721844,3.308599940,0.000000000,1
236.608011723,,48,2.464315882,-12.116721844,3.308599940,-12.116721844,3.308599940,0.000000000,1
237.636846542,,41,2.148321410,-12.116721844,3.308599940,-12.116721844,3.308599940,0.000000000,1
238.655233145,,26,1.446123792,-12.116721844,3.308599940,-12.116721844,3.308599940,0.000000000,1
239.683764935,,18,1.070199455,-12.116721844,3.308599940,-12.116721844,3.308599940,0.000000000,1
240.704998016,,12,0.670710688,-12.116721844,3.308599940,-12.116721844,3.308599940,0.000000000,1
241.724772453,,9,0.470710685,-12.116721844,3.308599940,-12.116721844,3.308599940,0.000000000,1
242.339104652,,83,4.342829327,-10.216721816,5.708599975,-10.216721816,5.708599975,0.000000000,1
243.354250669,,77,4.015007948,-10.216721816,5.708599975,-10.216721816,5.708599975,0.000000000,1
244.373551607,,65,3.247227672,-10.216721816,5.708599975,-10.216721816,5.708599975,0.000000000,1
245.408645868,,51,2.641418844,-10.216721816,5.708599975,-10.216721816,5.708599975,0.000000000,1
246.435800076,,44,2.208717202,-10.216721816,5.708599975,-10.216721816,5.708599975,0.000000000,1
247.465747118,,34,1.726785501,-10.216721816,5.708599975,-10.216721816,5.708599975,0.000000000,1
248.493261814,,23,1.139147894,-10.216721816,5.708599975,-10.216721816,5.708599975,0.000000000,1
249.522916317,,16,0.794198594,-10.216721816,5.708599975,-10.216721816,5.708599975,0.000000000,1
250.546292543,,12,0.599538425,-10.216721816,5.708599975,-10.216721816,5.708599975,0.000000000,1
252.310417891,,277,13.927489696,-10.416721819,-2.391400145,-10.416721819,-2.391400145,0.000000000,1
253.333446503,,270,13.664941617,-10.416721819,-2.391400145,-10.416721819,-2.391400145,0.000000000,1
254.344654322,,260,13.190876042,-10.416721819,-2.391400145,-10.416721819,-2.391400145,0.000000000,1
255.384352684,,248,12.618450318,-10.416721819,-2.391400145,-10.416721819,-2.391400145,0.000000000,1
256.412389517,,239,12.123263164,-10.416721819,-2.391400145,-10.416721819,-2.391400145,0.000000000,1
257.433496237,,231,11.639406044,-10.416721819,-2.391400145,-10.416721819,-2.391400145,0.000000000,1
258.463259459,,219,11.043522045,-10.416721819,-2.391400145,-10.416721819,-2.391400145,0.000000000,1
259.493212461,,210,10.623227231,-10.416721819,-2.391400145,-10.416721819,-2.391400145,0.000000000,1
260.530356646,,199,10.056588191,-10.416721819,-2.391400145,-10.416721819,-2.391400145,0.000000000,1
261.546843529,,191,9.636158817,-10.416721819,-2.391400145,-10.416721819,-2.391400145,0.000000000,1
262.568857193,,179,9.163718139,-10.416721819,-2.391400145,-10.416721819,-2.391400145,0.000000000,1
263.595058918,,172,8.703615736,-10.416721819,-2.391400145,-10.416721819,-2.391400145,0.000000000,1
264.619693279,,160,8.198511999,-10.416721819,-2.391400145,-10.416721819,-2.391400145,0.000000000,1
265.644794703,,150,7.678992495,-10.416721819,-2.391400145,-10.416721819,-2.391400145,0.000000000,1
266.660563707,,142,7.273425260,-10.416721819,-2.391400145,-10.416721819,-2.391400145,0.000000000,1
267.693527699,,134,6.765589397,-10.416721819,-2.391400145,-10.416721819,-2.391400145,0.000000000,1
268.723484039,,122,6.287106415,-10.416721819,-2.391400145,-10.416721819,-2.391400145,0.000000000,1
269.745896339,,114,5.767660586,-10.416721819,-2.391400145,-10.416721819,-2.391400145,0.000000000,1
270.776180983,,101,5.248257196,-10.416721819,-2.391400145,-10.416721819,-2.391400145,0.000000000,1
271.802843332,,93,4.844207072,-10.416721819,-2.391400145,-10.416721819,-2.391400145,0.000000000,1
272.828525782,,83,4.308895026,-10.416721819,-2.391400145,-10.416721819,-2.391400145,0.000000000,1
273.862461805,,74,3.793282459,-10.416721819,-2.391400145,-10.416721819,-2.391400145,0.000000000,1
274.881533146,,65,3.329273347,-10.416721819,-2.391400145,-10.416721819,-2.391400145,0.000000000,1
275.908136606,,53,2.715917527,-10.416721819,-2.391400145,-10.416721819,-2.391400145,0.000000000,1
276.941383362,,45,2.316662687,-10.416721819,-2.391400145,-10.416721819,-2.391400145,0.000000000,1
277.970936775,,35,1.818562940,-10.416721819,-2.391400145,-10.416721819,-2.391400145,0.000000000,1
278.990378141,,25,1.322666500,-10.416721819,-2.391400145,-10.416721819,-2.391400145,0.000000000,1
280.009906769,,17,0.928789476,-10.416721819,-2.391400145,-10.416721819,-2.391400145,0.000000000,1
281.040608883,,11,0.637720743,-10.416721819,-2.391400145,-10.416721819,-2.391400145,0.000000000,1
282.356025219,,170,8.587111347,-10.216721816,-7.791400226,-10.216721816,-7.791400226,0.000000000,1
283.379711628,,166,8.382282057,-10.216721816,-7.791400226,-10.216721816,-7.791400226,0.000000000,1
284.397648335,,160,8.068153577,-10.216721816,-7.791400226,-10.216721816,-7.791400226,0.000000000,1
285.416903973,,152,7.678095268,-10.216721816,-7.791400226,-10.216721816,-7.791400226,0.000000000,1
286.449484348,,146,7.368628953,-10.216721816,-7.791400226,-10.216721816,-7.791400226,0.000000000,1
287.464623451,,138,6.997871220,-10.216721816,-7.791400226,-10.216721816,-7.791400226,0.000000000,1
288.496375322,,131,6.634003001,-10.216721816,-7.791400226,-10.216721816,-7.791400226,0.000000000,1
289.513691664,,125,6.331384640,-10.216721816,-7.791400226,-10.216721816,-7.791400226,0.000000000,1
290.551908255,,118,5.969477133,-10.216721816,-7.791400226,-10.216721816,-7.791400226,0.000000000,1
291.574355841,,110,5.596448117,-10.216721816,-7.791400226,-10.216721816,-7.791400226,0.000000000,1
292.595400333,,103,5.201655408,-10.216721816,-7.791400226,-10.216721816,-7.791400226,0.000000000,1
293.622238874,,96,4.876916138,-10.216721816,-7.791400226,-10.216721816,-7.791400226,0.000000000,1
294.657695293,,88,4.500507888,-10.216721816,-7.791400226,-10.216721816,-7.791400226,0.000000000,1
295.674119711,,81,4.130362160,-10.216721816,-7.791400226,-10.216721816,-7.791400226,0.000000000,1
296.699607849,,74,3.790426396,-10.216721816,-7.791400226,-10.216721816,-7.791400226,0.000000000,1
297.718458652,,70,3.545249976,-10.216721816,-7.791400226,-10.216721816,-7.791400226,0.000000000,1
298.739321709,,65,3.321741942,-10.216721816,-7.791400226,-10.216721816,-7.791400226,0.000000000,1
299.776295185,,65,3.338573105,-10.216721816,-7.791400226,-10.216721816,-7.791400226,0.000000000,1
300.785175085,,57,2.908360373,-10.216721816,-7.791400226,-10.216721816,-7.791400226,0.000000000,1
301.805046082,,48,2.478244798,-10.216721816,-7.791400226,-10.216721816,-7.791400226,0.000000000,1
302.828613520,,37,1.920434427,-10.216721816,-7.791400226,-10.216721816,-7.791400226,0.000000000,1
303.850183010,,28,1.466047648,-10.216721816,-7.791400226,-10.216721816,-7.791400226,0.000000000,1
304.879727840,,19,1.041783496,-10.216721816,-7.791400226,-10.216721816,-7.791400226,0.000000000,1
305.908980846,,11,0.617519421,-10.216721816,-7.791400226,-10.216721816,-7.791400226,0.000000000,1
308.385631323,,66,3.394044776,-12.680387950,-7.591400223,-12.680387950,-7.591400223,0.000000000,1
309.412024021,,66,3.394044776,-12.680387950,-7.591400223,-12.680387950,-7.591400223,0.000000000,1
310.446182489,,61,3.125147646,-12.680387950,-7.591400223,-12.680387950,-7.591400223,0.000000000,1
311.474868774,,51,2.625547126,-12.680387950,-7.591400223,-12.680387950,-7.591400223,0.000000000,1
312.493237972,,39,2.034475874,-12.680387950,-7.591400223,-12.680387950,-7.591400223,0.000000000,1
313.523198128,,30,1.604516942,-12.680387950,-7.591400223,-12.680387950,-7.591400223,0.000000000,1
314.545196533,,20,1.099096799,-12.680387950,-7.591400223,-12.680387950,-7.591400223,0.000000000,1
315.563519955,,13,0.738533473,-12.680387950,-7.591400223,-12.680387950,-7.591400223,0.000000000,1
316.591199398,,10,0.677650423,-12.680387950,-7.591400223,-12.680387950,-7.591400223,0.000000000,1
318.361000061,,44,2.643715847,-11.980387939,-8.691400239,-11.980387939,-8.691400239,0.000000000,1
319.387793541,,39,2.287199440,-11.980387939,-8.691400239,-11.980387939,-8.691400239,0.000000000,1
320.412772179,,28,1.808848576,-11.980387939,-8.691400239,-11.980387939,-8.691400239,0.000000000,1
321.436393261,,27,1.435614424,-11.980387939,-8.691400239,-11.980387939,-8.691400239,0.000000000,1
322.456972599,,22,1.274091886,-11.980387939,-8.691400239,-11.980387939,-8.691400239,0.000000000,1
323.475957632,,22,1.101698235,-11.980387939,-8.691400239,-11.980387939,-8.691400239,0.000000000,1
324.506347418,,22,1.101698235,-11.980387939,-8.691400239,-11.980387939,-8.691400239,0.000000000,1
325.522541523,,24,1.188114673,-11.980387939,-8.691400239,-11.980387939,-8.691400239,0.000000000,1
326.556009054,,24,1.188114673,-11.980387939,-8.691400239,-11.980387939,-8.691400239,0.000000000,1
327.584333658,,24,1.188114673,-11.980387939,-8.691400239,-11.980387939,-8.691400239,0.000000000,1
328.612927437,,24,1.188114673,-11.980387939,-8.691400239,-11.980387939,-8.691400239,0.000000000,1
329.637447596,,24,1.188114673,-11.980387939,-8.691400239,-11.980387939,-8.691400239,0.000000000,1
330.656678200,,24,1.188114673,-11.980387939,-8.691400239,-11.980387939,-8.691400239,0.000000000,1
331.716418266,,24,1.188114673,-11.980387939,-8.691400239,-11.980387939,-8.691400239,0.000000000,1
332.746042967,,24,1.188114673,-11.980387939,-8.691400239,-11.980387939,-8.691400239,0.000000000,1
333.774369478,,24,1.188114673,-11.980387939,-8.691400239,-11.980387939,-8.691400239,0.000000000,1
334.795067787,,24,1.188114673,-11.980387939,-8.691400239,-11.980387939,-8.691400239,0.000000000,1
335.813109398,,24,1.188114673,-11.980387939,-8.691400239,-11.980387939,-8.691400239,0.000000000,1
336.844182014,,24,1.188114673,-11.980387939,-8.691400239,-11.980387939,-8.691400239,0.000000000,1
337.876010180,,24,1.188114673,-11.980387939,-8.691400239,-11.980387939,-8.691400239,0.000000000,1
338.895320892,,24,1.188114673,-11.980387939,-8.691400239,-11.980387939,-8.691400239,0.000000000,1
339.923994780,,24,1.188114673,-11.980387939,-8.691400239,-11.980387939,-8.691400239,0.000000000,1
340.945097685,,24,1.188114673,-11.980387939,-8.691400239,-11.980387939,-8.691400239,0.000000000,1
341.972697258,,24,1.188114673,-11.980387939,-8.691400239,-11.980387939,-8.691400239,0.000000000,1
342.100242138,,36,1.974771686,-12.303650826,-9.106722740,-11.980387939,-8.691400239,0.526299985,0
343.127218008,,36,1.974771686,-12.303650826,-9.106722740,-11.980387939,-8.691400239,0.526299985,0
344.157755613,,36,1.974771686,-12.303650826,-9.106722740,-11.980387939,-8.691400239,0.526299985,0
345.189140320,,9,0.607328443,-12.303650826,-9.106722740,-11.980387939,-8.691400239,0.526299985,0
346.084283113,,19,0.933660134,-11.980387939,-8.691400239,-11.980387939,-8.691400239,0.000000000,1
347.111922026,,19,0.933660134,-11.980387939,-8.691400239,-11.980387939,-8.691400239,0.000000000,1
348.133416414,,16,0.806717433,-11.980387939,-8.691400239,-11.980387939,-8.691400239,0.000000000,1
349.431200743,,74,3.717626009,-9.780387906,-10.991400274,-9.780387906,-10.991400274,0.000000000,1
350.434476376,,78,3.881827473,-9.780387906,-10.991400274,-9.780387906,-10.991400274,0.000000000,1
351.464724541,,74,3.702529342,-9.780387906,-10.991400274,-9.780387906,-10.991400274,0.000000000,1
352.495938301,,63,3.142045367,-9.780387906,-10.991400274,-9.780387906,-10.991400274,0.000000000,1
353.508044243,,53,2.723880272,-9.780387906,-10.991400274,-9.780387906,-10.991400274,0.000000000,1
354.536529303,,43,2.305108832,-9.780387906,-10.991400274,-9.780387906,-10.991400274,0.000000000,1
355.565435886,,31,1.693668446,-9.780387906,-10.991400274,-9.780387906,-10.991400274,0.000000000,1
356.591046810,,20,1.070710694,-9.780387906,-10.991400274,-9.780387906,-10.991400274,0.000000000,1
357.620196819,,14,0.770710690,-9.780387906,-10.991400274,-9.780387906,-10.991400274,0.000000000,1
358.642988205,,8,0.470710685,-9.780387906,-10.991400274,-9.780387906,-10.991400274,0.000000000,1
360.402055740,,301,15.155885406,-7.280387869,-10.091400260,-7.280387869,-10.091400260,0.000000000,1
361.414809942,,297,14.958694540,-7.280387869,-10.091400260,-7.280387869,-10.091400260,0.000000000,1
362.439141035,,289,14.560576819,-7.280387869,-10.091400260,-7.280387869,-10.091400260,0.000000000,1
363.477019310,,283,14.250370471,-7.280387869,-10.091400260,-7.280387869,-10.091400260,0.000000000,1
364.480872154,,281,14.131628587,-7.280387869,-10.091400260,-7.280387869,-10.091400260,0.000000000,1
365.495971441,,267,13.429743802,-7.280387869,-10.091400260,-7.280387869,-10.091400260,0.000000000,1
366.525782108,,261,13.128610287,-7.280387869,-10.091400260,-7.280387869,-10.091400260,0.000000000,1
367.542624712,,254,12.797585254,-7.280387869,-10.091400260,-7.280387869,-10.091400260,0.000000000,1
368.584849834,,252,12.701014774,-7.280387869,-10.091400260,-7.280387869,-10.091400260,0.000000000,1
369.611619234,,240,12.111723257,-7.280387869,-10.091400260,-7.280387869,-10.091400260,0.000000000,1
370.634607792,,232,11.680207943,-7.280387869,-10.091400260,-7.280387869,-10.091400260,0.000000000,1
371.663594961,,226,11.380431236,-7.280387869,-10.091400260,-7.280387869,-10.091400260,0.000000000,1
372.684660912,,219,11.016914831,-7.280387869,-10.091400260,-7.280387869,-10.091400260,0.000000000,1
373.714139700,,211,10.636213750,-7.280387869,-10.091400260,-7.280387869,-10.091400260,0.000000000,1
374.745311499,,204,10.282862211,-7.280387869,-10.091400260,-7.280387869,-10.091400260,0.000000000,1
375.770876408,,196,9.895535902,-7.280387869,-10.091400260,-7.280387869,-10.091400260,0.000000000,1
376.797740698,,189,9.536018662,-7.280387869,-10.091400260,-7.280387869,-10.091400260,0.000000000,1
377.821679354,,185,9.324066443,-7.280387869,-10.091400260,-7.280387869,-10.091400260,0.000000000,1
378.858155012,,176,8.893418815,-7.280387869,-10.091400260,-7.280387869,-10.091400260,0.000000000,1
379.880366802,,170,8.608182412,-7.280387869,-10.091400260,-7.280387869,-10.091400260,0.000000000,1
380.910180330,,167,8.454249712,-7.280387869,-10.091400260,-7.280387869,-10.091400260,0.000000000,1
381.934317350,,166,8.403747349,-7.280387869,-10.091400260,-7.280387869,-10.091400260,0.000000000,1
382.945719242,,160,8.096558138,-7.280387869,-10.091400260,-7.280387869,-10.091400260,0.000000000,1
383.971184731,,153,7.709625426,-7.280387869,-10.091400260,-7.280387869,-10.091400260,0.000000000,1
385.011782646,,142,7.163330351,-7.280387869,-10.091400260,-7.280387869,-10.091400260,0.000000000,1
386.033620119,,131,6.603819679,-7.280387869,-10.091400260,-7.280387869,-10.091400260,0.000000000,1
387.063422203,,122,6.183028488,-7.280387869,-10.091400260,-7.280387869,-10.091400260,0.000000000,1
388.097247601,,113,5.723757684,-7.280387869,-10.091400260,-7.280387869,-10.091400260,0.000000000,1
389.120050192,,103,5.218847402,-7.280387869,-10.091400260,-7.280387869,-10.091400260,0.000000000,1
390.131955147,,93,4.725905646,-7.280387869,-10.091400260,-7.280387869,-10.091400260,0.000000000,1
391.165675163,,83,4.249253978,-7.280387869,-10.091400260,-7.280387869,-10.091400260,0.000000000,1
392.194052935,,74,3.768241998,-7.280387869,-10.091400260,-7.280387869,-10.091400260,0.000000000,1
393.209922552,,63,3.235185022,-7.280387869,-10.091400260,-7.280387869,-10.091400260,0.000000000,1
394.231651068,,53,2.743758403,-7.280387869,-10.091400260,-7.280387869,-10.091400260,0.000000000,1
395.258371592,,43,2.247748789,-7.280387869,-10.091400260,-7.280387869,-10.091400260,0.000000000,1
396.279616594,,34,1.761901906,-7.280387869,-10.091400260,-7.280387869,-10.091400260,0.000000000,1
397.308935165,,23,1.211132591,-7.280387869,-10.091400260,-7.280387869,-10.091400260,0.000000000,1
398.328216314,,15,0.809681769,-7.280387869,-10.091400260,-7.280387869,-10.091400260,0.000000000,1
399.358727455,,11,0.619447732,-7.280387869,-10.091400260,-7.280387869,-10.091400260,0.000000000,1
400.376551628,,86,4.311778685,-5.796131381,-11.095763872,-5.796131381,-11.095763872,0.000000000,1
401.394082546,,73,3.810413267,-5.796131381,-11.095763872,-5.796131381,-11.095763872,0.000000000,1
402.406688452,,45,2.257547451,-5.796131381,-11.095763872,-5.796131381,-11.095763872,0.000000000,1
403.435505629,,40,1.992317927,-5.796131381,-11.095763872,-5.796131381,-11.095763872,0.000000000,1
404.467339516,,25,1.251639489,-5.796131381,-11.095763872,-5.796131381,-11.095763872,0.000000000,1
405.493148565,,17,0.862932556,-5.796131381,-11.095763872,-5.796131381,-11.095763872,0.000000000,1
406.522130489,,12,0.580858239,-5.796131381,-11.095763872,-5.796131381,-11.095763872,0.000000000,1
408.418741226,,39,2.039897465,-5.896131383,-9.895763854,-5.896131383,-9.895763854,0.000000000,1
409.443211317,,40,2.072930159,-5.896131383,-9.895763854,-5.896131383,-9.895763854,0.000000000,1
410.477431536,,25,1.338675410,-5.896131383,-9.895763854,-5.896131383,-9.895763854,0.000000000,1
411.506435871,,19,1.048516823,-5.896131383,-9.895763854,-5.896131383,-9.895763854,0.000000000,1
413.412985325,,125,6.423578880,-3.496131347,-11.495763878,-3.496131347,-11.495763878,0.000000000,1
414.440463781,,124,6.391675599,-3.496131347,-11.495763878,-3.496131347,-11.495763878,0.000000000,1
415.456616879,,120,6.176417266,-3.496131347,-11.495763878,-3.496131347,-11.495763878,0.000000000,1
416.487576723,,110,5.684525572,-3.496131347,-11.495763878,-3.496131347,-11.495763878,0.000000000,1
417.508828402,,93,4.973465564,-3.496131347,-11.495763878,-3.496131347,-11.495763878,0.000000000,1
418.532499790,,86,4.530410781,-3.496131347,-11.495763878,-3.496131347,-11.495763878,0.000000000,1
419.561990261,,80,4.137099555,-3.496131347,-11.495763878,-3.496131347,-11.495763878,0.000000000,1
420.583043814,,74,3.766008987,-3.496131347,-11.495763878,-3.496131347,-11.495763878,0.000000000,1
421.612934113,,65,3.517515447,-3.496131347,-11.495763878,-3.496131347,-11.495763878,0.000000000,1
422.646567583,,77,4.069581577,-3.496131347,-11.495763878,-3.496131347,-11.495763878,0.000000000,1
423.673216105,,57,2.915753478,-3.496131347,-11.495763878,-3.496131347,-11.495763878,0.000000000,1
424.701816797,,41,2.209216389,-3.496131347,-11.495763878,-3.496131347,-11.495763878,0.000000000,1
425.728478193,,31,1.643212332,-3.496131347,-11.495763878,-3.496131347,-11.495763878,0.000000000,1
426.759397507,,19,1.070710694,-3.496131347,-11.495763878,-3.496131347,-11.495763878,0.000000000,1
427.772201061,,13,0.770710690,-3.496131347,-11.495763878,-3.496131347,-11.495763878,0.000000000,1
428.800243616,,8,0.512132042,-3.496131347,-11.495763878,-3.496131347,-11.495763878,0.000000000,1
431.407828808,,282,14.157928351,2.403868741,-7.895763825,2.403868741,-7.895763825,0.000000000,1
432.438897371,,278,13.953984691,2.403868741,-7.895763825,2.403868741,-7.895763825,0.000000000,1
433.463098526,,270,13.563206093,2.403868741,-7.895763825,2.403868741,-7.895763825,0.000000000,1
434.495929956,,262,13.219602089,2.403868741,-7.895763825,2.403868741,-7.895763825,0.000000000,1
435.517607689,,255,12.845283063,2.403868741,-7.895763825,2.403868741,-7.895763825,0.000000000,1
436.543670416,,246,12.407978011,2.403868741,-7.895763825,2.403868741,-7.895763825,0.000000000,1
437.580098152,,239,12.057972413,2.403868741,-7.895763825,2.403868741,-7.895763825,0.000000000,1
438.611909389,,234,11.761335644,2.403868741,-7.895763825,2.403868741,-7.895763825,0.000000000,1
439.640456200,,226,11.369000180,2.403868741,-7.895763825,2.403868741,-7.895763825,0.000000000,1
440.664820433,,220,11.079158355,2.403868741,-7.895763825,2.403868741,-7.895763825,0.000000000,1
441.698155165,,212,10.692748008,2.403868741,-7.895763825,2.403868741,-7.895763825,0.000000000,1
442.724605799,,206,10.369055098,2.403868741,-7.895763825,2.403868741,-7.895763825,0.000000000,1
443.762151718,,200,10.088519993,2.403868741,-7.895763825,2.403868741,-7.895763825,0.000000000,1
444.781695604,,193,9.710560819,2.403868741,-7.895763825,2.403868741,-7.895763825,0.000000000,1
445.809545517,,186,9.358034063,2.403868741,-7.895763825,2.403868741,-7.895763825,0.000000000,1
446.839522839,,179,9.076880752,2.403868741,-7.895763825,2.403868741,-7.895763825,0.000000000,1
447.862116575,,172,8.709291525,2.403868741,-7.895763825,2.403868741,-7.895763825,0.000000000,1
448.895022631,,173,8.689765297,2.403868741,-7.895763825,2.403868741,-7.895763825,0.000000000,1
449.922756672,,172,8.704213195,2.403868741,-7.895763825,2.403868741,-7.895763825,0.000000000,1
450.942594051,,170,8.585475053,2.403868741,-7.895763825,2.403868741,-7.895763825,0.000000000,1
451.961225748,,163,8.195145475,2.403868741,-7.895763825,2.403868741,-7.895763825,0.000000000,1
452.991578579,,152,7.683706273,2.403868741,-7.895763825,2.403868741,-7.895763825,0.000000000,1
454.025063038,,142,7.128863650,2.403868741,-7.895763825,2.403868741,-7.895763825,0.000000000,1
455.040835381,,131,6.627329089,2.403868741,-7.895763825,2.403868741,-7.895763825,0.000000000,1
456.077797890,,122,6.125558973,2.403868741,-7.895763825,2.403868741,-7.895763825,0.000000000,1
457.107777596,,111,5.625425862,2.403868741,-7.895763825,2.403868741,-7.895763825,0.000000000,1
458.130186558,,102,5.135477882,2.403868741,-7.895763825,2.403868741,-7.895763825,0.000000000,1
459.155419350,,91,4.624542677,2.403868741,-7.895763825,2.403868741,-7.895763825,0.000000000,1
460.171870232,,79,4.042546137,2.403868741,-7.895763825,2.403868741,-7.895763825,0.000000000,1
461.194105387,,69,3.552756545,2.403868741,-7.895763825,2.403868741,-7.895763825,0.000000000,1
462.225399494,,57,2.933523437,2.403868741,-7.895763825,2.403868741,-7.895763825,0.000000000,1
463.242605925,,48,2.526420613,2.403868741,-7.895763825,2.403868741,-7.895763825,0.000000000,1
464.272423744,,39,2.061079687,2.403868741,-7.895763825,2.403868741,-7.895763825,0.000000000,1
465.302358389,,29,1.510148782,2.403868741,-7.895763825,2.403868741,-7.895763825,0.000000000,1
466.327963352,,19,1.055009765,2.403868741,-7.895763825,2.403868741,-7.895763825,0.000000000,1
467.358005762,,12,0.688610230,2.403868741,-7.895763825,2.403868741,-7.895763825,0.000000000,1
468.388095379,,8,0.474909393,2.403868741,-7.895763825,2.403868741,-7.895763825,0.000000000,1
469.481741190,,59,3.122304980,0.403868711,-8.802122571,0.403868711,-8.802122571,0.000000000,1
470.481514692,,52,2.711044067,0.403868711,-8.802122571,0.403868711,-8.802122571,0.000000000,1
471.502494574,,43,2.338510532,0.403868711,-8.802122571,0.403868711,-8.802122571,0.000000000,1
472.527963161,,31,1.723348347,0.403868711,-8.802122571,0.403868711,-8.802122571,0.000000000,1
473.557489395,,24,1.315359283,0.403868711,-8.802122571,0.403868711,-8.802122571,0.000000000,1
474.581976414,,16,0.911013538,0.403868711,-8.802122571,0.403868711,-8.802122571,0.000000000,1
475.609297276,,12,0.660307481,0.403868711,-8.802122571,0.403868711,-8.802122571,0.000000000,1
476.620172501,,9,0.552154822,0.403868711,-8.802122571,0.403868711,-8.802122571,0.000000000,1
478.446282387,,62,3.071054106,1.403868726,-10.071003382,1.403868726,-10.071003382,0.000000000,1
479.470299721,,54,2.678347539,1.403868726,-10.071003382,1.403868726,-10.071003382,0.000000000,1
480.486582041,,37,1.875079638,1.403868726,-10.071003382,1.403868726,-10.071003382,0.000000000,1
481.513195992,,29,1.422022379,1.403868726,-10.071003382,1.403868726,-10.071003382,0.000000000,1
482.537568569,,19,0.957364730,1.403868726,-10.071003382,1.403868726,-10.071003382,0.000000000,1
483.566980362,,14,0.742716621,1.403868726,-10.071003382,1.403868726,-10.071003382,0.000000000,1
484.586526871,,10,0.530381464,1.403868726,-10.071003382,1.403868726,-10.071003382,0.000000000,1
486.425926924,,59,3.122308930,1.403868726,-12.092914243,1.403868726,-12.092914243,0.000000000,1
487.458857059,,58,3.078259583,1.403868726,-12.092914243,1.403868726,-12.092914243,0.000000000,1
488.487658978,,61,3.230828804,1.403868726,-12.092914243,1.403868726,-12.092914243,0.000000000,1
489.517811537,,53,2.765472278,1.403868726,-12.092914243,1.403868726,-12.092914243,0.000000000,1
490.546506882,,40,2.211106011,1.403868726,-12.092914243,1.403868726,-12.092914243,0.000000000,1
491.564564943,,31,1.777579835,1.403868726,-12.092914243,1.403868726,-12.092914243,0.000000000,1
492.584617376,,23,1.377061335,1.403868726,-12.092914243,1.403868726,-12.092914243,0.000000000,1
494.421854019,,139,7.491122027,1.503868728,-11.746810001,1.503868728,-11.746810001,0.000000000,1
495.442161560,,136,7.326903444,1.503868728,-11.746810001,1.503868728,-11.746810001,0.000000000,1
496.466606140,,135,7.249236401,1.503868728,-11.746810001,1.503868728,-11.746810001,0.000000000,1
497.494624853,,135,7.249277219,1.503868728,-11.746810001,1.503868728,-11.746810001,0.000000000,1
498.524007797,,129,6.871520712,1.503868728,-11.746810001,1.503868728,-11.746810001,0.000000000,1
499.553121328,,120,6.389589098,1.503868728,-11.746810001,1.503868728,-11.746810001,0.000000000,1
500.582393169,,108,5.768289568,1.503868728,-11.746810001,1.503868728,-11.746810001,0.000000000,1
501.614557028,,97,5.228113557,1.503868728,-11.746810001,1.503868728,-11.746810001,0.000000000,1
502.631558180,,86,4.731501232,1.503868728,-11.746810001,1.503868728,-11.746810001,0.000000000,1
503.648624897,,76,4.239573415,1.503868728,-11.746810001,1.503868728,-11.746810001,0.000000000,1
504.676015854,,66,3.731575410,1.503868728,-11.746810001,1.503868728,-11.746810001,0.000000000,1
507.410107851,,113,5.754711949,6.803868807,-9.646809970,6.803868807,-9.646809970,0.000000000,1
508.441713095,,112,5.701784335,6.803868807,-9.646809970,6.803868807,-9.646809970,0.000000000,1
509.458496571,,112,5.701783946,6.803868807,-9.646809970,6.803868807,-9.646809970,0.000000000,1
510.480653763,,104,5.300728253,6.803868807,-9.646809970,6.803868807,-9.646809970,0.000000000,1
511.512580872,,96,4.874525512,6.803868807,-9.646809970,6.803868807,-9.646809970,0.000000000,1
512.541310310,,83,4.249137912,6.803868807,-9.646809970,6.803868807,-9.646809970,0.000000000,1
513.571135998,,74,3.811300867,6.803868807,-9.646809970,6.803868807,-9.646809970,0.000000000,1
514.594956160,,64,3.299030510,6.803868807,-9.646809970,6.803868807,-9.646809970,0.000000000,1
515.620102882,,53,2.717742589,6.803868807,-9.646809970,6.803868807,-9.646809970,0.000000000,1
516.648039579,,44,2.276994422,6.803868807,-9.646809970,6.803868807,-9.646809970,0.000000000,1
517.678218126,,33,1.753849258,6.803868807,-9.646809970,6.803868807,-9.646809970,0.000000000,1
518.698441744,,24,1.235566670,6.803868807,-9.646809970,6.803868807,-9.646809970,0.000000000,1
519.713833332,,17,0.896486272,6.803868807,-9.646809970,6.803868807,-9.646809970,0.000000000,1
520.745078087,,10,0.537349957,6.803868807,-9.646809970,6.803868807,-9.646809970,0.000000000,1
522.447436571,,89,4.496138108,7.903868823,-12.696857188,7.903868823,-12.696857188,0.000000000,1
523.473834038,,84,4.172417780,7.903868823,-12.696857188,7.903868823,-12.696857188,0.000000000,1
524.504643917,,73,3.671971065,7.903868823,-12.696857188,7.903868823,-12.696857188,0.000000000,1
525.536668539,,63,3.155854201,7.903868823,-12.696857188,7.903868823,-12.696857188,0.000000000,1
526.555475235,,52,2.648896270,7.903868823,-12.696857188,7.903868823,-12.696857188,0.000000000,1
527.586145878,,46,2.348582151,7.903868823,-12.696857188,7.903868823,-12.696857188,0.000000000,1
528.606430769,,34,1.828509993,7.903868823,-12.696857188,7.903868823,-12.696857188,0.000000000,1
529.634713888,,24,1.279283658,7.903868823,-12.696857188,7.903868823,-12.696857188,0.000000000,1
530.663540840,,17,1.021220905,7.903868823,-12.696857188,7.903868823,-12.696857188,0.000000000,1
531.684734583,,15,0.853879909,7.903868823,-12.696857188,7.903868823,-12.696857188,0.000000000,1
532.710674524,,11,0.655466045,7.903868823,-12.696857188,7.903868823,-12.696857188,0.000000000,1
534.483730555,,82,4.104408751,11.603868878,-10.693747612,11.603868878,-10.693747612,0.000000000,1
535.491997004,,79,3.960061875,11.603868878,-10.693747612,11.603868878,-10.693747612,0.000000000,1
536.524135113,,79,3.948336656,11.603868878,-10.693747612,11.603868878,-10.693747612,0.000000000,1
537.556033373,,75,3.772902461,11.603868878,-10.693747612,11.603868878,-10.693747612,0.000000000,1
538.574576378,,65,3.269344905,11.603868878,-10.693747612,11.603868878,-10.693747612,0.000000000,1
539.602975368,,58,2.878186888,11.603868878,-10.693747612,11.603868878,-10.693747612,0.000000000,1
540.621785402,,47,2.329985096,11.603868878,-10.693747612,11.603868878,-10.693747612,0.000000000,1
541.648304939,,36,1.806893323,11.603868878,-10.693747612,11.603868878,-10.693747612,0.000000000,1
542.683438540,,25,1.280387478,11.603868878,-10.693747612,11.603868878,-10.693747612,0.000000000,1
543.701802015,,17,0.858588272,11.603868878,-10.693747612,11.603868878,-10.693747612,0.000000000,1
544.728251219,,12,0.580809084,11.603868878,-10.693747612,11.603868878,-10.693747612,0.000000000,1
546.453368187,,42,2.202543310,9.803868851,-10.000821982,9.803868851,-10.000821982,0.000000000,1
547.478591204,,42,2.202543310,9.803868851,-10.000821982,9.803868851,-10.000821982,0.000000000,1
548.509230137,,34,1.807273987,9.803868851,-10.000821982,9.803868851,-10.000821982,0.000000000,1
549.539345026,,24,1.317263126,9.803868851,-10.000821982,9.803868851,-10.000821982,0.000000000,1
550.549053669,,17,0.948634628,9.803868851,-10.000821982,9.803868851,-10.000821982,0.000000000,1
551.575074673,,11,0.639348037,9.803868851,-10.000821982,9.803868851,-10.000821982,0.000000000,1
552.608403683,,7,0.436075472,9.803868851,-10.000821982,9.803868851,-10.000821982,0.000000000,1
553.451224804,,76,3.902234295,8.803868837,-6.700821933,8.803868837,-6.700821933,0.000000000,1
554.477236271,,77,3.925036680,8.803868837,-6.700821933,8.803868837,-6.700821933,0.000000000,1
555.507156134,,76,3.902234295,8.803868837,-6.700821933,8.803868837,-6.700821933,0.000000000,1
556.528461933,,68,3.490207811,8.803868837,-6.700821933,8.803868837,-6.700821933,0.000000000,1
557.556223631,,58,2.984746013,8.803868837,-6.700821933,8.803868837,-6.700821933,0.000000000,1
558.585426092,,47,2.454950926,8.803868837,-6.700821933,8.803868837,-6.700821933,0.000000000,1
559.607693911,,37,1.970932634,8.803868837,-6.700821933,8.803868837,-6.700821933,0.000000000,1
560.635761499,,27,1.430238527,8.803868837,-6.700821933,8.803868837,-6.700821933,0.000000000,1
561.662286282,,19,1.024509841,8.803868837,-6.700821933,8.803868837,-6.700821933,0.000000000,1
562.674085617,,14,0.772352055,8.803868837,-6.700821933,8.803868837,-6.700821933,0.000000000,1
563.694149256,,9,0.538020521,8.803868837,-6.700821933,8.803868837,-6.700821933,0.000000000,1
