decision_id,mapex_policy_decision_id,time_s,map_generation,candidate_total,candidate_selectable,candidate_suppressed,ensemble_prediction_ms,all_frontier_scoring_ms,total_computation_ms,prediction_save_ms,selected_x,selected_y,selected_distance_m,selected_information_gain,selected_score,selected_visible_unknown_cells,selected_region_size,selection_verified_max_score,near_frontier_fallback,below_1m_count,outcome,raw_map,canvas_map,g1_map,g2_map,g3_map,mean_map,variance_map
1,1,0.000000000,12,1,1,0,1408.181782001,93.811619001,1545.278795998,19.455480000,0.880995705,0.208488921,0.905329257,315.060852051,348.006926460,10363,593,1,1,1,selected,decision_maps/decision_000001_raw.npz,decision_maps/decision_000001_canvas.npz,predictions/decision_000001_g1.npz,predictions/decision_000001_g2.npz,predictions/decision_000001_g3.npz,predictions/decision_000001_mean.npz,predictions/decision_000001_variance.npz
2,2,3.998646736,16,19,19,0,1527.040807003,2642.445315003,4336.222165999,16.065645003,-2.628283557,-2.591511120,4.155470664,28.940303802,6.964386503,7995,50,1,0,0,selected,decision_maps/decision_000002_raw.npz,decision_maps/decision_000002_canvas.npz,predictions/decision_000002_g1.npz,predictions/decision_000002_g2.npz,predictions/decision_000002_g3.npz,predictions/decision_000002_mean.npz,predictions/decision_000002_variance.npz
3,3,20.998775244,33,11,11,0,1475.806990999,1046.057656000,2766.017870999,10.844797998,-3.242056385,-5.228525378,3.001720651,33.664924622,11.215209054,1141,17,1,0,0,selected,decision_maps/decision_000003_raw.npz,decision_maps/decision_000003_canvas.npz,predictions/decision_000003_g1.npz,predictions/decision_000003_g2.npz,predictions/decision_000003_g3.npz,predictions/decision_000003_mean.npz,predictions/decision_000003_variance.npz
4,4,34.998451948,47,11,11,0,1335.878978000,908.370923000,2481.576628998,11.559018003,1.685424840,-10.728525460,7.164507508,75.319862366,10.512915547,1562,42,1,0,0,selected,decision_maps/decision_000004_raw.npz,decision_maps/decision_000004_canvas.npz,predictions/decision_000004_g1.npz,predictions/decision_000004_g2.npz,predictions/decision_000004_g3.npz,predictions/decision_000004_mean.npz,predictions/decision_000004_variance.npz
5,5,61.998499632,74,11,11,0,1512.123100998,876.019692001,2680.520829999,12.986619997,-3.114575231,-8.643901458,4.936857219,31.595539093,6.399929691,757,13,1,0,0,selected,decision_maps/decision_000005_raw.npz,decision_maps/decision_000005_canvas.npz,predictions/decision_000005_g1.npz,predictions/decision_000005_g2.npz,predictions/decision_000005_g3.npz,predictions/decision_000005_mean.npz,predictions/decision_000005_variance.npz
6,6,84.998609066,97,9,9,0,1524.968981001,772.630724998,2586.803004000,10.463362003,-6.014575274,-6.243901422,3.844336288,37.412399292,9.731822735,1083,25,1,0,0,selected,decision_maps/decision_000006_raw.npz,decision_maps/decision_000006_canvas.npz,predictions/decision_000006_g1.npz,predictions/decision_000006_g2.npz,predictions/decision_000006_g3.npz,predictions/decision_000006_mean.npz,predictions/decision_000006_variance.npz
7,7,117.998507023,130,7,7,0,1332.420366001,728.857967002,2343.236487999,11.048086999,10.765169919,4.528099831,19.658202071,64.143554688,3.262941059,1210,234,1,0,0,selected,decision_maps/decision_000007_raw.npz,decision_maps/decision_000007_canvas.npz,predictions/decision_000007_g1.npz,predictions/decision_000007_g2.npz,predictions/decision_000007_g3.npz,predictions/decision_000007_mean.npz,predictions/decision_000007_variance.npz
8,8,178.998741150,191,13,13,0,1896.387793000,603.830327000,2878.960194001,21.223019001,-1.633776755,9.029149001,13.006911755,141.988815308,10.916412595,4230,148,1,0,0,selected,decision_maps/decision_000008_raw.npz,decision_maps/decision_000008_canvas.npz,predictions/decision_000008_g1.npz,predictions/decision_000008_g2.npz,predictions/decision_000008_g3.npz,predictions/decision_000008_mean.npz,predictions/decision_000008_variance.npz
9,9,211.998934269,224,12,12,0,1862.068636998,426.235480998,2680.278812000,22.883681999,-7.233776839,4.229148929,7.380670844,50.859249115,6.890870788,782,261,1,0,0,selected,decision_maps/decision_000009_raw.npz,decision_maps/decision_000009_canvas.npz,predictions/decision_000009_g1.npz,predictions/decision_000009_g2.npz,predictions/decision_000009_g3.npz,predictions/decision_000009_mean.npz,predictions/decision_000009_variance.npz
10,10,244.998447180,257,11,11,0,1773.024243001,420.656816998,2610.350880001,18.905743000,2.162986936,11.029149031,11.279480033,36.242424011,3.213128966,931,62,1,0,0,selected,decision_maps/decision_000010_raw.npz,decision_maps/decision_000010_canvas.npz,predictions/decision_000010_g1.npz,predictions/decision_000010_g2.npz,predictions/decision_000010_g3.npz,predictions/decision_000010_mean.npz,predictions/decision_000010_variance.npz
11,11,278.998706102,291,10,10,0,1771.815913002,366.801214001,2547.503413000,20.727157000,21.150123545,6.529148964,19.680697465,75.479988098,3.835229327,1713,21,1,0,0,selected,decision_maps/decision_000011_raw.npz,decision_maps/decision_000011_canvas.npz,predictions/decision_000011_g1.npz,predictions/decision_000011_g2.npz,predictions/decision_000011_g3.npz,predictions/decision_000011_mean.npz,predictions/decision_000011_variance.npz
12,12,333.998973608,346,18,18,0,2203.454020000,742.256520003,3467.557481999,26.957773000,20.953538381,12.030400129,5.856941039,88.628219604,15.132168654,3415,13,1,0,0,selected,decision_maps/decision_000012_raw.npz,decision_maps/decision_000012_canvas.npz,predictions/decision_000012_g1.npz,predictions/decision_000012_g2.npz,predictions/decision_000012_g3.npz,predictions/decision_000012_mean.npz,predictions/decision_000012_variance.npz
13,13,350.998644829,363,16,16,0,2285.627822999,636.221555000,3484.769931998,24.205238002,26.653538466,2.530399987,10.735955351,96.459442139,8.984709696,3812,47,1,0,0,selected,decision_maps/decision_000013_raw.npz,decision_maps/decision_000013_canvas.npz,predictions/decision_000013_g1.npz,predictions/decision_000013_g2.npz,predictions/decision_000013_g3.npz,predictions/decision_000013_mean.npz,predictions/decision_000013_variance.npz
14,14,387.998611450,400,22,22,0,2562.145632000,908.729808998,4116.197071002,32.042770999,28.253538490,-2.969600095,6.056919173,64.214546204,10.601849615,2279,16,1,0,0,selected,decision_maps/decision_000014_raw.npz,decision_maps/decision_000014_canvas.npz,predictions/decision_000014_g1.npz,predictions/decision_000014_g2.npz,predictions/decision_000014_g3.npz,predictions/decision_000014_mean.npz,predictions/decision_000014_variance.npz
15,15,406.998434782,419,21,21,0,2375.945619999,759.122842999,3763.249170999,27.773369002,28.853538499,-5.069600126,2.312275302,67.695968628,29.276777109,1766,44,1,0,0,selected,decision_maps/decision_000015_raw.npz,decision_maps/decision_000015_canvas.npz,predictions/decision_000015_g1.npz,predictions/decision_000015_g2.npz,predictions/decision_000015_g3.npz,predictions/decision_000015_mean.npz,predictions/decision_000015_variance.npz
16,16,420.998538017,433,22,22,0,2560.067393002,894.878502000,4138.483636001,25.965621000,18.853538350,-8.069600171,10.277613615,135.551788330,13.189033311,7688,204,1,0,0,selected,decision_maps/decision_000016_raw.npz,decision_maps/decision_000016_canvas.npz,predictions/decision_000016_g1.npz,predictions/decision_000016_g2.npz,predictions/decision_000016_g3.npz,predictions/decision_000016_mean.npz,predictions/decision_000016_variance.npz
17,17,449.998799086,462,27,27,0,2522.047992999,906.467858000,4153.512843997,25.761619003,22.553538405,-1.673344088,7.076981575,34.799556732,4.917288022,811,76,1,0,0,selected,decision_maps/decision_000017_raw.npz,decision_maps/decision_000017_canvas.npz,predictions/decision_000017_g1.npz,predictions/decision_000017_g2.npz,predictions/decision_000017_g3.npz,predictions/decision_000017_mean.npz,predictions/decision_000017_variance.npz
18,18,479.998572588,492,24,24,0,2365.062832003,772.115320000,3860.461495999,23.753882000,23.153538414,0.526655945,2.532498403,20.308223724,8.019047002,227,41,1,0,0,selected,decision_maps/decision_000018_raw.npz,decision_maps/decision_000018_canvas.npz,predictions/decision_000018_g1.npz,predictions/decision_000018_g2.npz,predictions/decision_000018_g3.npz,predictions/decision_000018_mean.npz,predictions/decision_000018_variance.npz
19,19,510.998455524,523,22,22,0,2368.663341000,721.738076001,3821.197025001,23.126104999,35.153538593,-6.773344164,14.305330364,82.052261353,5.735782346,8818,21,1,0,0,selected,decision_maps/decision_000019_raw.npz,decision_maps/decision_000019_canvas.npz,predictions/decision_000019_g1.npz,predictions/decision_000019_g2.npz,predictions/decision_000019_g3.npz,predictions/decision_000019_mean.npz,predictions/decision_000019_variance.npz
20,20,567.999014378,580,26,26,0,2727.661690002,1007.171951002,4508.920589000,29.039899000,33.154975650,-10.256344078,4.232224009,63.098487854,14.909061457,5998,293,1,0,0,selected,decision_maps/decision_000020_raw.npz,decision_maps/decision_000020_canvas.npz,predictions/decision_000020_g1.npz,predictions/decision_000020_g2.npz,predictions/decision_000020_g3.npz,predictions/decision_000020_mean.npz,predictions/decision_000020_variance.npz
21,21,582.999350548,595,30,30,0,2869.426543999,1170.732724000,4897.728431999,27.734171003,45.554975834,-6.056344016,12.805005164,118.157478333,9.227444801,4089,14,1,0,0,selected,decision_maps/decision_000021_raw.npz,decision_maps/decision_000021_canvas.npz,predictions/decision_000021_g1.npz,predictions/decision_000021_g2.npz,predictions/decision_000021_g3.npz,predictions/decision_000021_mean.npz,predictions/decision_000021_variance.npz
22,22,630.998899937,643,26,26,0,2811.419101999,942.708947998,4662.561452002,23.979349000,43.054975797,0.243656078,6.565750529,87.638313293,13.347798231,4695,197,1,0,0,selected,decision_maps/decision_000022_raw.npz,decision_maps/decision_000022_canvas.npz,predictions/decision_000022_g1.npz,predictions/decision_000022_g2.npz,predictions/decision_000022_g3.npz,predictions/decision_000022_mean.npz,predictions/decision_000022_variance.npz
23,23,651.998895884,664,24,24,0,2772.450581000,927.866612998,4714.165690999,23.601772002,45.654975836,8.543656202,8.976428818,40.590866089,4.521939282,1399,135,1,0,0,selected,decision_maps/decision_000023_raw.npz,decision_maps/decision_000023_canvas.npz,predictions/decision_000023_g1.npz,predictions/decision_000023_g2.npz,predictions/decision_000023_g3.npz,predictions/decision_000023_mean.npz,predictions/decision_000023_variance.npz
24,24,673.998702765,686,24,23,1,2784.281256998,771.285281000,4559.759202999,18.802993000,35.354975682,6.743656175,7.831790195,66.896682739,8.541684733,3049,25,1,0,0,selected,decision_maps/decision_000024_raw.npz,decision_maps/decision_000024_canvas.npz,predictions/decision_000024_g1.npz,predictions/decision_000024_g2.npz,predictions/decision_000024_g3.npz,predictions/decision_000024_mean.npz,predictions/decision_000024_variance.npz
25,25,698.999354601,711,25,24,1,2742.834180001,886.423006999,4652.211200999,16.875971000,27.654975568,8.743656205,7.870210109,31.308258057,3.978071439,3107,320,1,0,0,selected,decision_maps/decision_000025_raw.npz,decision_maps/decision_000025_canvas.npz,predictions/decision_000025_g1.npz,predictions/decision_000025_g2.npz,predictions/decision_000025_g3.npz,predictions/decision_000025_mean.npz,predictions/decision_000025_variance.npz
26,26,721.998499393,734,24,23,1,2695.712679000,751.419963999,4547.401109998,15.984393998,17.854975422,1.543656097,12.325176218,26.658332825,2.162916972,288,34,1,0,0,selected,decision_maps/decision_000026_raw.npz,decision_maps/decision_000026_canvas.npz,predictions/decision_000026_g1.npz,predictions/decision_000026_g2.npz,predictions/decision_000026_g3.npz,predictions/decision_000026_mean.npz,predictions/decision_000026_variance.npz
27,27,810.998615980,823,21,21,0,2709.200015001,686.149599002,4500.524973999,16.254296999,16.354275320,-3.066175239,4.778921795,10.978389740,2.297252437,91,26,1,0,0,selected,decision_maps/decision_000027_raw.npz,decision_maps/decision_000027_canvas.npz,predictions/decision_000027_g1.npz,predictions/decision_000027_g2.npz,predictions/decision_000027_g3.npz,predictions/decision_000027_mean.npz,predictions/decision_000027_variance.npz
28,28,861.998488665,874,21,21,0,2688.100307001,615.659068000,4397.176540999,16.022221000,17.255597378,-2.069705211,1.682865555,19.275766373,11.454133288,229,104,1,0,0,selected,decision_maps/decision_000028_raw.npz,decision_maps/decision_000028_canvas.npz,predictions/decision_000028_g1.npz,predictions/decision_000028_g2.npz,predictions/decision_000028_g3.npz,predictions/decision_000028_mean.npz,predictions/decision_000028_variance.npz
29,29,895.998602867,908,19,19,0,2684.507466001,574.028112998,4342.352358999,15.146050999,6.955593368,-10.970282188,13.493279571,33.497940063,2.482564738,951,48,1,0,0,selected,decision_maps/decision_000029_raw.npz,decision_maps/decision_000029_canvas.npz,predictions/decision_000029_g1.npz,predictions/decision_000029_g2.npz,predictions/decision_000029_g3.npz,predictions/decision_000029_mean.npz,predictions/decision_000029_variance.npz
30,30,936.998917580,949,18,18,0,2707.724986998,520.109277000,4385.373054000,15.559520001,8.555593392,-11.770282200,1.877419070,31.250598907,16.645510538,703,34,1,0,0,selected,decision_maps/decision_000030_raw.npz,decision_maps/decision_000030_canvas.npz,predictions/decision_000030_g1.npz,predictions/decision_000030_g2.npz,predictions/decision_000030_g3.npz,predictions/decision_000030_mean.npz,predictions/decision_000030_variance.npz
31,31,1033.998678207,1046,15,14,1,2837.477330002,432.045486003,4380.502054999,14.641026999,19.555729698,-11.164841713,10.690413135,24.558315277,2.297227896,403,52,1,0,0,selected,decision_maps/decision_000031_raw.npz,decision_maps/decision_000031_canvas.npz,predictions/decision_000031_g1.npz,predictions/decision_000031_g2.npz,predictions/decision_000031_g3.npz,predictions/decision_000031_mean.npz,predictions/decision_000031_variance.npz
32,32,1067.999556541,1080,15,13,2,2781.529853997,406.191567999,4289.536504999,16.108182001,25.355765102,-7.766343457,6.017969842,4.954596043,0.823300244,34,25,1,0,0,selected,decision_maps/decision_000032_raw.npz,decision_maps/decision_000032_canvas.npz,predictions/decision_000032_g1.npz,predictions/decision_000032_g2.npz,predictions/decision_000032_g3.npz,predictions/decision_000032_mean.npz,predictions/decision_000032_variance.npz
33,33,1159.998444080,1172,14,13,1,2651.576060998,373.484541000,4107.863716999,17.318713999,23.056028485,-7.975211303,2.561662823,3.856297970,1.505388584,243,21,1,0,0,selected,decision_maps/decision_000033_raw.npz,decision_maps/decision_000033_canvas.npz,predictions/decision_000033_g1.npz,predictions/decision_000033_g2.npz,predictions/decision_000033_g3.npz,predictions/decision_000033_mean.npz,predictions/decision_000033_variance.npz
34,34,1183.998666763,1196,13,12,1,2609.857449002,376.898627001,4101.575831999,15.732700998,9.156028278,9.824788963,22.900239840,22.982795715,1.003605022,640,55,1,0,0,selected,decision_maps/decision_000034_raw.npz,decision_maps/decision_000034_canvas.npz,predictions/decision_000034_g1.npz,predictions/decision_000034_g2.npz,predictions/decision_000034_g3.npz,predictions/decision_000034_mean.npz,predictions/decision_000034_variance.npz
35,35,1286.998892069,1299,13,12,1,2726.929320997,358.340236002,4160.725789996,14.347733995,6.255026630,10.729103776,3.364602207,12.947947502,3.848284791,647,45,1,0,0,selected,decision_maps/decision_000035_raw.npz,decision_maps/decision_000035_canvas.npz,predictions/decision_000035_g1.npz,predictions/decision_000035_g2.npz,predictions/decision_000035_g3.npz,predictions/decision_000035_mean.npz,predictions/decision_000035_variance.npz
36,36,1357.998661518,1370,11,9,2,2710.577888996,286.521434005,4096.322391997,14.163721004,45.953312697,7.823251450,39.527461933,22.346199036,0.565333516,1078,14,1,0,0,selected,decision_maps/decision_000036_raw.npz,decision_maps/decision_000036_canvas.npz,predictions/decision_000036_g1.npz,predictions/decision_000036_g2.npz,predictions/decision_000036_g3.npz,predictions/decision_000036_mean.npz,predictions/decision_000036_variance.npz
37,37,1479.998772621,1492,9,8,1,2816.717039001,183.687801000,4110.702646001,18.819542005,28.549224543,0.922998326,18.458553401,7.755618095,0.420163917,79,41,1,0,0,selected,decision_maps/decision_000037_raw.npz,decision_maps/decision_000037_canvas.npz,predictions/decision_000037_g1.npz,predictions/decision_000037_g2.npz,predictions/decision_000037_g3.npz,predictions/decision_000037_mean.npz,predictions/decision_000037_variance.npz
38,38,1560.999221087,1573,8,7,1,2801.683876001,166.613148001,4069.528471002,15.068727997,28.446915563,-1.275539467,2.533770962,4.009678841,1.582494590,67,28,1,0,0,selected,decision_maps/decision_000038_raw.npz,decision_maps/decision_000038_canvas.npz,predictions/decision_000038_g1.npz,predictions/decision_000038_g2.npz,predictions/decision_000038_g3.npz,predictions/decision_000038_mean.npz,predictions/decision_000038_variance.npz
39,39,1591.998805285,1604,7,6,1,2773.952478994,144.223396004,4019.370902999,14.299089002,23.146541887,7.924803674,10.992016278,8.311771393,0.756164400,270,19,1,0,0,selected,decision_maps/decision_000039_raw.npz,decision_maps/decision_000039_canvas.npz,predictions/decision_000039_g1.npz,predictions/decision_000039_g2.npz,predictions/decision_000039_g3.npz,predictions/decision_000039_mean.npz,predictions/decision_000039_variance.npz
40,40,1661.998560190,1674,6,5,1,2819.948739998,95.678290003,4041.121638002,13.400226002,25.446537534,7.728037040,2.219446349,4.107245922,1.850572294,25,26,1,0,0,selected,decision_maps/decision_000040_raw.npz,decision_maps/decision_000040_canvas.npz,predictions/decision_000040_g1.npz,predictions/decision_000040_g2.npz,predictions/decision_000040_g3.npz,predictions/decision_000040_mean.npz,predictions/decision_000040_variance.npz
41,41,1679.998617172,1692,5,4,1,2821.882139004,88.839568001,4009.235578000,14.978083003,41.346636805,-7.171901080,20.368225863,7.004575253,0.343897171,233,74,1,0,0,selected,decision_maps/decision_000041_raw.npz,decision_maps/decision_000041_canvas.npz,predictions/decision_000041_g1.npz,predictions/decision_000041_g2.npz,predictions/decision_000041_g3.npz,predictions/decision_000041_mean.npz,predictions/decision_000041_variance.npz
42,42,1749.999129295,1762,4,3,1,2783.514178001,44.818055998,3995.890562997,14.143165004,11.347009891,-7.780506818,29.684329047,4.627976894,0.155906401,36,25,1,0,0,selected,decision_maps/decision_000042_raw.npz,decision_maps/decision_000042_canvas.npz,predictions/decision_000042_g1.npz,predictions/decision_000042_g2.npz,predictions/decision_000042_g3.npz,predictions/decision_000042_mean.npz,predictions/decision_000042_variance.npz
43,43,1824.998746634,1837,3,2,1,2783.344764001,31.680831002,3934.408919005,13.587604997,17.447754491,-2.878640786,7.505590618,2.147250175,0.286086770,22,12,1,0,0,selected,decision_maps/decision_000043_raw.npz,decision_maps/decision_000043_canvas.npz,predictions/decision_000043_g1.npz,predictions/decision_000043_g2.npz,predictions/decision_000043_g3.npz,predictions/decision_000043_mean.npz,predictions/decision_000043_variance.npz
44,44,1892.998800993,1905,2,1,1,2858.559210996,20.916886999,3993.267688995,14.163632004,nan,nan,nan,nan,nan,nan,nan,,0,0,way2_early_stop,decision_maps/decision_000044_raw.npz,decision_maps/decision_000044_canvas.npz,predictions/decision_000044_g1.npz,predictions/decision_000044_g2.npz,predictions/decision_000044_g3.npz,predictions/decision_000044_mean.npz,predictions/decision_000044_variance.npz
