run_id,decision_id,decision_time_s,available,mode,x,y,yaw,lower_time_s,upper_time_s,bracket_gap_s,source_row,source_col,availability_reason
mpx_009,1,0.0,False,outside_trajectory_range,nan,nan,nan,nan,nan,nan,,,outside_trajectory_range
mpx_009,2,7.000249147,True,interpolated,-1.6153173712907085,0.0113325381562633,-0.008151238,6.713132858,8.664081335,1.9509484770000007,1202,479,interpolated
mpx_009,3,18.000035286,True,interpolated,-2.910766836024355,1.81435397312746,-2.872284329,17.895313263,20.029608727,2.134295464000001,1238,453,interpolated
mpx_009,4,43.999458551,False,interpolated,-8.513340378316684,1.5962164130576877,3.021847302,43.998525143,46.378094196,2.3795690529999973,1233,341,source_not_reference_traversable
mpx_009,5,54.999813795,True,interpolated,-10.595376978979923,-0.13309272310831197,-2.1998021073589036,54.596282244,57.366611719,2.770329474999997,1199,300,interpolated
mpx_009,6,89.999652147,True,interpolated,-10.321657029561512,-3.031497495201355,-3.045976984092203,89.578287363,92.459982395,2.881695031999996,1141,305,interpolated
mpx_009,7,115.999305248,True,interpolated,-9.43383369862477,-8.068103680051035,-2.334531529349437,115.892627954,118.639224052,2.7465960979999977,1040,323,interpolated
mpx_009,8,141.999834299,True,interpolated,-7.561308938,-10.410279937,-1.302528417,141.521736383,144.640844345,3.1191079620000153,993,360,interpolated
mpx_009,9,179.000471354,True,interpolated,3.610670011,-8.11300818,-0.859806015,178.748410463,181.86730957,3.1188991070000043,1039,584,interpolated
mpx_009,10,201.999664783,True,interpolated,6.794383853320001,-1.5001745205928045,1.916756642,201.603270054,204.83555603,3.232285975999986,1171,647,interpolated
mpx_009,11,215.000159264,False,interpolated,5.049494028,1.36631417,2.523094926,214.949842691,217.689200401,2.7393577100000073,1229,612,source_not_reference_traversable
mpx_009,12,240.999667645,True,interpolated,10.902610698119195,1.9698839652239617,0.881217568,240.501335621,243.570239544,3.0689039229999935,1241,730,interpolated
mpx_009,13,256.999428749,True,interpolated,9.455576599,4.658448007,0.661712054,256.753829718,259.539205313,2.785375595000005,1295,701,interpolated
mpx_009,14,296.000364304,False,interpolated,6.194576162,5.460786311,0.342639312,295.95949626,298.514032841,2.554536581000036,1311,635,source_not_reference_traversable
mpx_009,15,339.999655247,False,interpolated,5.957008811294218,-10.288709753955887,-1.231695246435025,339.544437885,342.414628983,2.8701910980000207,996,631,source_not_reference_traversable
mpx_009,16,350.999540806,True,interpolated,7.620627276,-12.518003679,-0.530289605,350.514803171,353.432970762,2.918167591000042,951,664,interpolated
mpx_009,17,366.000038862,False,interpolated,9.199204568,-10.129990053,2.640905128,365.55785203,368.201127529,2.6432754990000262,999,695,source_not_reference_traversable
mpx_009,18,377.000233173,False,interpolated,9.478709431,-7.239944557,0.764028436,376.780110598,379.147038937,2.366928338999969,1057,701,source_not_reference_traversable
mpx_009,19,436.999767542,True,interpolated,-2.769106012144832,-11.652117434012496,-2.38066850785289,436.51710701,439.268672705,2.751565694999954,968,456,interpolated
mpx_009,20,473.9991436,False,interpolated,-0.24507160204286957,-8.796755818131349,-1.5581177090448117,473.694491863,476.098386526,2.403894663000017,1026,507,source_not_reference_traversable
mpx_009,21,485.000334263,False,interpolated,-0.26684918009778863,-12.560114446458776,-0.7595647643721912,484.734187126,487.124052525,2.38986539900003,950,506,source_not_reference_traversable
mpx_009,22,545.999406576,True,interpolated,-12.558750717581885,-10.210320959391751,-1.453264761096976,545.866308928,548.156717539,2.290408611000089,997,260,interpolated
mpx_009,23,595.999756098,True,interpolated,-12.278877806994677,3.378678523985685,1.498241902,595.785925627,597.832496166,2.046570539000072,1269,266,interpolated
mpx_009,24,606.00001812,True,interpolated,-10.601612188679676,5.825678829322706,0.062002882,605.964822292,607.846212387,1.8813900950000289,1318,299,interpolated
mpx_009,25,643.999503136,False,interpolated,-2.277464121384437,5.114442664977698,-0.156537135,643.798932791,645.986917496,2.1879847050000762,1304,466,source_not_reference_traversable
mpx_009,26,692.000129461,False,interpolated,-14.332014573,-6.3396007,-2.074769979,691.680354595,693.984473228,2.3041186329999164,1075,225,source_outside_decision_domain
mpx_009,27,727.999589443,True,interpolated,-9.524352658,-11.025755713,-0.445711382,727.956394196,729.992314339,2.0359201429999985,981,321,interpolated
mpx_009,28,765.99955821,True,interpolated,0.867292234,-3.579929235,1.929092788,765.532134533,769.819706202,4.2875716690000445,1130,529,interpolated
mpx_009,29,767.876120329,True,interpolated,0.867292234,-3.579929235,1.929092788,765.532134533,769.819706202,4.2875716690000445,1130,529,interpolated
mpx_009,30,769.820225716,True,interpolated,0.867292234,-3.579929235,1.929092788,769.819706202,771.667003155,1.8472969529999546,1130,529,interpolated
mpx_009,31,771.667545557,True,interpolated,0.867292234,-3.579929235,1.929092788,771.667003155,773.673785925,2.0067827699999725,1130,529,interpolated
mpx_009,32,773.674462795,True,interpolated,0.867292234,-3.579929235,1.929092788,773.673785925,775.693063259,2.019277334000094,1130,529,interpolated
mpx_009,33,775.693615437,True,interpolated,0.867292234,-3.579929235,1.929092788,775.693063259,777.696782351,2.003719091999983,1130,529,interpolated
mpx_009,34,777.697296858,True,interpolated,0.867292234,-3.579929235,1.929092788,777.696782351,779.689209938,1.992427586999952,1130,529,interpolated
mpx_009,35,779.689649105,True,interpolated,0.867292234,-3.579929235,1.929092788,779.689209938,781.644794703,1.955584765000026,1130,529,interpolated
mpx_009,36,781.645233154,True,interpolated,0.867292234,-3.579929235,1.929092788,781.644794703,783.517602921,1.8728082180000456,1130,529,interpolated
