decision_id,mapex_policy_decision_id,time_s,map_generation,candidate_total,candidate_selectable,candidate_suppressed,ensemble_prediction_ms,all_frontier_scoring_ms,total_computation_ms,selected_x,selected_y,selected_distance_m,selected_information_gain,selected_score,selected_visible_unknown_cells,selected_region_size,selection_verified_max_score,outcome,raw_map,canvas_map,g1_map,g2_map,g3_map,mean_map,variance_map
1,1,0.000000000,13,2,0,2,1156.836135000,114.909014999,1308.831363000,nan,nan,nan,nan,nan,nan,nan,,NO_SELECTION,decision_maps/decision_000001_raw.npz,decision_maps/decision_000001_canvas.npz,predictions/decision_000001_g1.npz,predictions/decision_000001_g2.npz,predictions/decision_000001_g3.npz,predictions/decision_000001_mean.npz,predictions/decision_000001_variance.npz
2,2,7.999647141,21,12,0,12,1126.099378000,319.120826000,1533.118326000,nan,nan,nan,nan,nan,nan,nan,,NO_SELECTION,decision_maps/decision_000002_raw.npz,decision_maps/decision_000002_canvas.npz,predictions/decision_000002_g1.npz,predictions/decision_000002_g2.npz,predictions/decision_000002_g3.npz,predictions/decision_000002_mean.npz,predictions/decision_000002_variance.npz
3,3,19.000132084,32,17,0,17,1150.338687000,583.756123000,1858.164130000,nan,nan,nan,nan,nan,nan,nan,,NO_SELECTION,decision_maps/decision_000003_raw.npz,decision_maps/decision_000003_canvas.npz,predictions/decision_000003_g1.npz,predictions/decision_000003_g2.npz,predictions/decision_000003_g3.npz,predictions/decision_000003_mean.npz,predictions/decision_000003_variance.npz
4,4,44.999970436,58,26,0,26,1351.394691001,806.508796000,2354.369939000,nan,nan,nan,nan,nan,nan,nan,,NO_SELECTION,decision_maps/decision_000004_raw.npz,decision_maps/decision_000004_canvas.npz,predictions/decision_000004_g1.npz,predictions/decision_000004_g2.npz,predictions/decision_000004_g3.npz,predictions/decision_000004_mean.npz,predictions/decision_000004_variance.npz
5,5,57.999014139,71,24,0,24,1185.052812000,739.156177000,2104.027980000,nan,nan,nan,nan,nan,nan,nan,,NO_SELECTION,decision_maps/decision_000005_raw.npz,decision_maps/decision_000005_canvas.npz,predictions/decision_000005_g1.npz,predictions/decision_000005_g2.npz,predictions/decision_000005_g3.npz,predictions/decision_000005_mean.npz,predictions/decision_000005_variance.npz
6,6,92.999129295,106,24,0,24,1305.468894000,738.182394000,2266.004363000,nan,nan,nan,nan,nan,nan,nan,,NO_SELECTION,decision_maps/decision_000006_raw.npz,decision_maps/decision_000006_canvas.npz,predictions/decision_000006_g1.npz,predictions/decision_000006_g2.npz,predictions/decision_000006_g3.npz,predictions/decision_000006_mean.npz,predictions/decision_000006_variance.npz
7,7,116.999091387,130,29,0,29,1386.317096000,912.428869000,2579.092364001,nan,nan,nan,nan,nan,nan,nan,,NO_SELECTION,decision_maps/decision_000007_raw.npz,decision_maps/decision_000007_canvas.npz,predictions/decision_000007_g1.npz,predictions/decision_000007_g2.npz,predictions/decision_000007_g3.npz,predictions/decision_000007_mean.npz,predictions/decision_000007_variance.npz
8,8,140.999164104,154,31,0,31,1387.009711000,885.010940000,2526.297505000,nan,nan,nan,nan,nan,nan,nan,,NO_SELECTION,decision_maps/decision_000008_raw.npz,decision_maps/decision_000008_canvas.npz,predictions/decision_000008_g1.npz,predictions/decision_000008_g2.npz,predictions/decision_000008_g3.npz,predictions/decision_000008_mean.npz,predictions/decision_000008_variance.npz
9,9,155.999607563,169,29,0,29,1405.656072000,847.043087000,2516.592907999,nan,nan,nan,nan,nan,nan,nan,,NO_SELECTION,decision_maps/decision_000009_raw.npz,decision_maps/decision_000009_canvas.npz,predictions/decision_000009_g1.npz,predictions/decision_000009_g2.npz,predictions/decision_000009_g3.npz,predictions/decision_000009_mean.npz,predictions/decision_000009_variance.npz
10,10,175.999165058,189,29,0,29,1405.700390000,891.858151001,2562.683429000,nan,nan,nan,nan,nan,nan,nan,,NO_SELECTION,decision_maps/decision_000010_raw.npz,decision_maps/decision_000010_canvas.npz,predictions/decision_000010_g1.npz,predictions/decision_000010_g2.npz,predictions/decision_000010_g3.npz,predictions/decision_000010_mean.npz,predictions/decision_000010_variance.npz
11,11,211.999258518,225,31,0,31,1491.780944000,953.783937000,2770.364243000,nan,nan,nan,nan,nan,nan,nan,,NO_SELECTION,decision_maps/decision_000011_raw.npz,decision_maps/decision_000011_canvas.npz,predictions/decision_000011_g1.npz,predictions/decision_000011_g2.npz,predictions/decision_000011_g3.npz,predictions/decision_000011_mean.npz,predictions/decision_000011_variance.npz
12,12,238.999161720,252,31,0,31,1510.650689999,686.370435000,2524.897834000,nan,nan,nan,nan,nan,nan,nan,,NO_SELECTION,decision_maps/decision_000012_raw.npz,decision_maps/decision_000012_canvas.npz,predictions/decision_000012_g1.npz,predictions/decision_000012_g2.npz,predictions/decision_000012_g3.npz,predictions/decision_000012_mean.npz,predictions/decision_000012_variance.npz
13,13,248.999216557,262,29,0,29,1498.861861000,641.155819000,2498.143393000,nan,nan,nan,nan,nan,nan,nan,,NO_SELECTION,decision_maps/decision_000013_raw.npz,decision_maps/decision_000013_canvas.npz,predictions/decision_000013_g1.npz,predictions/decision_000013_g2.npz,predictions/decision_000013_g3.npz,predictions/decision_000013_mean.npz,predictions/decision_000013_variance.npz
14,14,277.999580860,291,25,0,25,1470.853031999,478.867167000,2320.374790000,nan,nan,nan,nan,nan,nan,nan,,NO_SELECTION,decision_maps/decision_000014_raw.npz,decision_maps/decision_000014_canvas.npz,predictions/decision_000014_g1.npz,predictions/decision_000014_g2.npz,predictions/decision_000014_g3.npz,predictions/decision_000014_mean.npz,predictions/decision_000014_variance.npz
15,15,284.999690056,298,24,0,24,1486.347656000,467.113408000,2357.897841001,nan,nan,nan,nan,nan,nan,nan,,NO_SELECTION,decision_maps/decision_000015_raw.npz,decision_maps/decision_000015_canvas.npz,predictions/decision_000015_g1.npz,predictions/decision_000015_g2.npz,predictions/decision_000015_g3.npz,predictions/decision_000015_mean.npz,predictions/decision_000015_variance.npz
16,16,326.999559641,340,20,0,20,1491.756242000,417.199895000,2285.020629000,nan,nan,nan,nan,nan,nan,nan,,NO_SELECTION,decision_maps/decision_000016_raw.npz,decision_maps/decision_000016_canvas.npz,predictions/decision_000016_g1.npz,predictions/decision_000016_g2.npz,predictions/decision_000016_g3.npz,predictions/decision_000016_mean.npz,predictions/decision_000016_variance.npz
17,17,363.999745131,377,20,0,20,1488.918411000,415.930257000,2297.994277000,nan,nan,nan,nan,nan,nan,nan,,NO_SELECTION,decision_maps/decision_000017_raw.npz,decision_maps/decision_000017_canvas.npz,predictions/decision_000017_g1.npz,predictions/decision_000017_g2.npz,predictions/decision_000017_g3.npz,predictions/decision_000017_mean.npz,predictions/decision_000017_variance.npz
18,18,377.999643087,391,20,0,20,1493.657135000,462.007574000,2405.784896000,nan,nan,nan,nan,nan,nan,nan,,NO_SELECTION,decision_maps/decision_000018_raw.npz,decision_maps/decision_000018_canvas.npz,predictions/decision_000018_g1.npz,predictions/decision_000018_g2.npz,predictions/decision_000018_g3.npz,predictions/decision_000018_mean.npz,predictions/decision_000018_variance.npz
19,19,388.000113010,401,17,0,17,1495.546510000,361.123673000,2287.468797000,nan,nan,nan,nan,nan,nan,nan,,NO_SELECTION,decision_maps/decision_000019_raw.npz,decision_maps/decision_000019_canvas.npz,predictions/decision_000019_g1.npz,predictions/decision_000019_g2.npz,predictions/decision_000019_g3.npz,predictions/decision_000019_mean.npz,predictions/decision_000019_variance.npz
20,20,403.000031471,416,16,0,16,1487.778624000,350.503124000,2254.419703000,nan,nan,nan,nan,nan,nan,nan,,NO_SELECTION,decision_maps/decision_000020_raw.npz,decision_maps/decision_000020_canvas.npz,predictions/decision_000020_g1.npz,predictions/decision_000020_g2.npz,predictions/decision_000020_g3.npz,predictions/decision_000020_mean.npz,predictions/decision_000020_variance.npz
21,21,414.999815941,428,14,0,14,1505.655945000,270.464607999,2197.893938001,nan,nan,nan,nan,nan,nan,nan,,NO_SELECTION,decision_maps/decision_000021_raw.npz,decision_maps/decision_000021_canvas.npz,predictions/decision_000021_g1.npz,predictions/decision_000021_g2.npz,predictions/decision_000021_g3.npz,predictions/decision_000021_mean.npz,predictions/decision_000021_variance.npz
22,22,492.000713825,505,13,0,13,1430.114389000,227.779472000,2088.433066000,nan,nan,nan,nan,nan,nan,nan,,NO_SELECTION,decision_maps/decision_000022_raw.npz,decision_maps/decision_000022_canvas.npz,predictions/decision_000022_g1.npz,predictions/decision_000022_g2.npz,predictions/decision_000022_g3.npz,predictions/decision_000022_mean.npz,predictions/decision_000022_variance.npz
23,23,542.999597788,556,9,0,9,1430.198773000,150.365656000,2022.004592000,nan,nan,nan,nan,nan,nan,nan,,NO_SELECTION,decision_maps/decision_000023_raw.npz,decision_maps/decision_000023_canvas.npz,predictions/decision_000023_g1.npz,predictions/decision_000023_g2.npz,predictions/decision_000023_g3.npz,predictions/decision_000023_mean.npz,predictions/decision_000023_variance.npz
24,24,611.999230146,625,7,0,7,1507.309300000,100.058776000,2035.433200001,nan,nan,nan,nan,nan,nan,nan,,NO_SELECTION,decision_maps/decision_000024_raw.npz,decision_maps/decision_000024_canvas.npz,predictions/decision_000024_g1.npz,predictions/decision_000024_g2.npz,predictions/decision_000024_g3.npz,predictions/decision_000024_mean.npz,predictions/decision_000024_variance.npz
25,25,622.999424219,636,5,0,5,1525.716925001,91.109719000,2086.455088000,nan,nan,nan,nan,nan,nan,nan,,NO_SELECTION,decision_maps/decision_000025_raw.npz,decision_maps/decision_000025_canvas.npz,predictions/decision_000025_g1.npz,predictions/decision_000025_g2.npz,predictions/decision_000025_g3.npz,predictions/decision_000025_mean.npz,predictions/decision_000025_variance.npz
26,26,625.999557257,639,5,0,5,1506.351145000,84.069075000,2041.593824000,nan,nan,nan,nan,nan,nan,nan,,NO_SELECTION,decision_maps/decision_000026_raw.npz,decision_maps/decision_000026_canvas.npz,predictions/decision_000026_g1.npz,predictions/decision_000026_g2.npz,predictions/decision_000026_g3.npz,predictions/decision_000026_mean.npz,predictions/decision_000026_variance.npz
27,27,685.999638796,699,4,0,4,1511.361436000,70.119245001,2029.739008000,nan,nan,nan,nan,nan,nan,nan,,NO_SELECTION,decision_maps/decision_000027_raw.npz,decision_maps/decision_000027_canvas.npz,predictions/decision_000027_g1.npz,predictions/decision_000027_g2.npz,predictions/decision_000027_g3.npz,predictions/decision_000027_mean.npz,predictions/decision_000027_variance.npz
28,28,708.999437571,722,3,0,3,1517.956854000,35.013447000,1990.686766000,nan,nan,nan,nan,nan,nan,nan,,NO_SELECTION,decision_maps/decision_000028_raw.npz,decision_maps/decision_000028_canvas.npz,predictions/decision_000028_g1.npz,predictions/decision_000028_g2.npz,predictions/decision_000028_g3.npz,predictions/decision_000028_mean.npz,predictions/decision_000028_variance.npz
29,29,711.999462128,725,3,0,3,1503.958204000,35.757060999,1994.806293000,nan,nan,nan,nan,nan,nan,nan,,NO_SELECTION,decision_maps/decision_000029_raw.npz,decision_maps/decision_000029_canvas.npz,predictions/decision_000029_g1.npz,predictions/decision_000029_g2.npz,predictions/decision_000029_g3.npz,predictions/decision_000029_mean.npz,predictions/decision_000029_variance.npz
30,30,714.999659061,728,3,0,3,1510.392405000,36.935732001,2001.279137000,nan,nan,nan,nan,nan,nan,nan,,NO_SELECTION,decision_maps/decision_000030_raw.npz,decision_maps/decision_000030_canvas.npz,predictions/decision_000030_g1.npz,predictions/decision_000030_g2.npz,predictions/decision_000030_g3.npz,predictions/decision_000030_mean.npz,predictions/decision_000030_variance.npz
31,31,773.999298811,787,2,0,2,1518.054118000,23.144763000,1982.544661000,nan,nan,nan,nan,nan,nan,nan,,NO_SELECTION,decision_maps/decision_000031_raw.npz,decision_maps/decision_000031_canvas.npz,predictions/decision_000031_g1.npz,predictions/decision_000031_g2.npz,predictions/decision_000031_g3.npz,predictions/decision_000031_mean.npz,predictions/decision_000031_variance.npz
32,32,810.999511719,824,1,0,1,1442.295484000,6.042138000,1909.993926000,nan,nan,nan,nan,nan,nan,nan,,NO_SELECTION,decision_maps/decision_000032_raw.npz,decision_maps/decision_000032_canvas.npz,predictions/decision_000032_g1.npz,predictions/decision_000032_g2.npz,predictions/decision_000032_g3.npz,predictions/decision_000032_mean.npz,predictions/decision_000032_variance.npz
33,33,813.999698639,827,1,0,1,1435.015991000,3.897863000,1918.686493000,nan,nan,nan,nan,nan,nan,nan,,NO_SELECTION,decision_maps/decision_000033_raw.npz,decision_maps/decision_000033_canvas.npz,predictions/decision_000033_g1.npz,predictions/decision_000033_g2.npz,predictions/decision_000033_g3.npz,predictions/decision_000033_mean.npz,predictions/decision_000033_variance.npz
34,34,815.999197245,829,1,0,1,1446.818884000,4.006722001,1878.653664000,nan,nan,nan,nan,nan,nan,nan,,NO_SELECTION,decision_maps/decision_000034_raw.npz,decision_maps/decision_000034_canvas.npz,predictions/decision_000034_g1.npz,predictions/decision_000034_g2.npz,predictions/decision_000034_g3.npz,predictions/decision_000034_mean.npz,predictions/decision_000034_variance.npz
35,35,817.910487413,829,1,0,1,1447.154868000,5.012237000,1912.346076000,nan,nan,nan,nan,nan,nan,nan,,NO_SELECTION,decision_maps/decision_000035_raw.npz,decision_maps/decision_000035_canvas.npz,predictions/decision_000035_g1.npz,predictions/decision_000035_g2.npz,predictions/decision_000035_g3.npz,predictions/decision_000035_mean.npz,predictions/decision_000035_variance.npz
36,36,819.999345064,833,1,0,1,1450.202325000,4.521727000,1946.103980000,nan,nan,nan,nan,nan,nan,nan,,NO_SELECTION,decision_maps/decision_000036_raw.npz,decision_maps/decision_000036_canvas.npz,predictions/decision_000036_g1.npz,predictions/decision_000036_g2.npz,predictions/decision_000036_g3.npz,predictions/decision_000036_mean.npz,predictions/decision_000036_variance.npz
37,37,822.999588728,836,1,0,1,1457.367513000,4.302564000,1892.238424000,nan,nan,nan,nan,nan,nan,nan,,NO_SELECTION,decision_maps/decision_000037_raw.npz,decision_maps/decision_000037_canvas.npz,predictions/decision_000037_g1.npz,predictions/decision_000037_g2.npz,predictions/decision_000037_g3.npz,predictions/decision_000037_mean.npz,predictions/decision_000037_variance.npz
38,38,824.999333620,838,1,0,1,1460.955861000,4.037651000,1915.252092000,nan,nan,nan,nan,nan,nan,nan,,NO_SELECTION,decision_maps/decision_000038_raw.npz,decision_maps/decision_000038_canvas.npz,predictions/decision_000038_g1.npz,predictions/decision_000038_g2.npz,predictions/decision_000038_g3.npz,predictions/decision_000038_mean.npz,predictions/decision_000038_variance.npz
