section,domain,metric,run_macro_median,run_macro_q25,run_macro_q75,contributor_n
Q1,MAPEX_UNKNOWN_VALID,MAPEX_U_mean:PRE_median,0.04264229235315018,0.03953121175348235,0.046182298714808646,10
Q1,MAPEX_UNKNOWN_VALID,MAPEX_U_mean:ANCHOR,0.042089934392208914,0.03484924171989023,0.04402823321560334,10
Q1,MAPEX_UNKNOWN_VALID,MAPEX_U_mean:POST_median,0.03594171371018076,0.032956268091796616,0.04015472456536427,10
Q1,MAPEX_UNKNOWN_VALID,MAPEX_U_mean:anchor_minus_PRE,-0.00021884834406135298,-0.00637027013017624,0.0006122490662453395,10
Q1,MAPEX_UNKNOWN_VALID,MAPEX_U_mean:POST_minus_PRE,-0.005943012756224681,-0.009287103585005577,0.0001335545407956766,10
Q1,MAPEX_UNKNOWN_VALID,MAPEX_U_p95:PRE_median,0.3295265801250935,0.3186648391187191,0.33175224214792254,10
Q1,MAPEX_UNKNOWN_VALID,MAPEX_U_p95:ANCHOR,0.3101552240550518,0.306467643752694,0.32058427482843393,10
Q1,MAPEX_UNKNOWN_VALID,MAPEX_U_p95:POST_median,0.3058734595775603,0.2753534648567437,0.3094557344913481,10
Q1,MAPEX_UNKNOWN_VALID,MAPEX_U_p95:anchor_minus_PRE,-0.010779740661382792,-0.019033569097518938,-0.005373840406537073,10
Q1,MAPEX_UNKNOWN_VALID,MAPEX_U_p95:POST_minus_PRE,-0.021620827913284457,-0.05150444507598889,-0.013385941460728648,10
Q1,MAPEX_UNKNOWN_VALID,MAPEX_U_disagreement:PRE_median,0.05212236027588095,0.04911559740883727,0.0563434120309864,10
Q1,MAPEX_UNKNOWN_VALID,MAPEX_U_disagreement:ANCHOR,0.05371839392716004,0.04524757628205904,0.05890429737234103,10
Q1,MAPEX_UNKNOWN_VALID,MAPEX_U_disagreement:POST_median,0.04916902493343826,0.042289534967266396,0.053081034487587775,10
Q1,MAPEX_UNKNOWN_VALID,MAPEX_U_disagreement:anchor_minus_PRE,0.002426841203669674,-0.0056244301537484356,0.0033100848427052958,10
Q1,MAPEX_UNKNOWN_VALID,MAPEX_U_disagreement:POST_minus_PRE,-0.0020001310966298314,-0.005802841505876601,0.0028796924240614176,10
Q2_W10,STRUCTURAL_GT,HighUErrorRate,0.33355201499531395,0.2876268230818009,0.3710342639593909,10
Q2_W10,STRUCTURAL_GT,BaselineErrorRate,0.28185902717235367,0.2597320258847773,0.2949816602013204,10
Q2_W10,STRUCTURAL_GT,ErrorEnrichment95,1.223474629048678,1.129980659590502,1.3632473511801506,10
Q2_W10,STRUCTURAL_GT,ErrorCapture95,0.06119955238376482,0.05656986392753738,0.06851409892646895,10
Q2_W10,STRUCTURAL_GT,MissedFreeCapture95,0.09611509650302512,0.07341163454796454,0.12182313074581909,10
Q2_W10,STRUCTURAL_GT,FalseOpenCapture95,0.044624423483062,0.038272975914598634,0.051797104848254276,10
Q2_W10,LATER_OBSERVED,HighUErrorRate,0.3161764705882353,0.2674323520666072,0.3570739771318363,10
Q2_W10,LATER_OBSERVED,BaselineErrorRate,0.1067989750881364,0.09297722097071158,0.11964606706750139,10
Q2_W10,LATER_OBSERVED,ErrorEnrichment95,2.925120625288895,2.5465180223858277,3.0771838739983393,10
Q2_W10,LATER_OBSERVED,ErrorCapture95,0.1469715503483338,0.12747581915991957,0.1544215425531915,10
Q2_W10,LATER_OBSERVED,MissedFreeCapture95,0.15023191508340022,0.11492402388981432,0.1798406862745098,10
Q2_W10,LATER_OBSERVED,FalseOpenCapture95,0.10764693490625658,0.09899028629856851,0.1307631160572337,10
