decision_id,rank,row,col,x,y,distance_m,region_size,below_1m,selected
1,1,127,81,0.780995704,0.284521034,0.831207861,575,1,1
2,1,97,102,2.870653902,-2.723557208,3.696311292,12,0,1
2,2,102,45,-2.829346183,-2.223557200,4.063776267,16,0,0
2,3,172,60,-1.329346160,4.776442904,5.011019211,24,0,0
2,4,177,86,1.270653878,5.276442912,5.223713714,22,0,0
2,5,125,134,6.070653950,0.076442834,5.573314259,6217,0,0
2,6,173,48,-2.529346178,4.876442906,5.646046440,110,0,0
2,7,104,21,-5.229346218,-2.023557197,6.111409946,446,0,0
2,8,139,18,-5.529346223,1.476442855,6.179692973,573,0,0
2,9,71,48,-2.529346178,-5.323557246,6.219963161,104,0,0
2,10,69,143,6.970653963,-5.523557249,8.581520429,13,0,0
2,11,185,143,6.970653963,6.076442924,8.803276214,12,0,0
2,12,60,146,7.270653968,-6.423557263,9.411020747,13,0,0
2,13,167,170,9.670654004,4.276442897,10.074958934,11,0,0
2,14,40,136,6.270653953,-8.423557292,10.303213234,12,0,0
2,15,21,86,1.270653878,-10.323557321,10.462439304,15,0,0
2,16,209,142,6.870653962,8.476442959,10.517159980,35,0,0
2,17,69,176,10.270654012,-5.523557249,11.280766394,16,0,0
2,18,240,86,1.270653878,11.576443006,11.492212544,48,0,0
2,19,241,78,0.470653866,11.676443007,11.566202709,15,0,0
2,20,7,81,0.770653871,-11.723557342,11.836982105,13,0,0
2,21,182,183,10.970654023,5.776442919,11.907714441,21,0,0
2,22,94,198,12.470654045,-3.023557212,12.376537457,28,0,0
2,23,67,188,11.470654030,-5.723557252,12.427587468,42,0,0
2,24,97,205,13.170654056,-2.723557208,12.986180305,16,0,0
3,1,43,66,-0.729346151,-8.123628687,6.633749181,97,0,1
3,2,71,35,-3.829346198,-5.323628646,7.116768045,36,0,0
3,3,28,76,0.270653863,-9.623628710,7.585582458,16,0,0
3,4,16,87,1.370653880,-10.823628728,8.495760769,50,0,0
3,5,27,147,7.370653969,-9.723628711,8.677823864,27,0,0
3,6,178,41,-3.229346189,5.376371514,9.784298985,19,0,0
3,7,90,200,12.670654048,-3.423628617,10.048343840,14,0,0
3,8,100,203,12.970654053,-2.423628603,10.298906551,26,0,0
3,9,150,203,12.970654053,2.576371472,11.450417939,25,0,0
3,10,75,220,14.670654078,-4.923628640,12.255670479,167,0,0
3,11,224,77,0.370653865,9.976371582,12.616087119,21,0,0
3,12,224,148,7.470653971,9.976371582,13.300380139,35,0,0
3,13,235,88,1.470653881,11.076371599,13.557767426,48,0,0
3,14,241,77,0.370653865,11.676371608,14.290934802,18,0,0
3,15,176,228,15.470654090,5.176371511,14.887571655,167,0,0
4,1,12,108,1.893064273,-11.243844946,4.405469507,93,0,1
4,2,62,28,-6.106935846,-6.243844872,5.491017052,44,0,0
4,3,79,21,-6.806935856,-4.543844847,6.793627943,219,0,0
4,4,67,5,-8.406935880,-5.743844864,7.840624334,24,0,0
4,5,27,162,7.293064354,-9.743844924,8.362420846,26,0,0
4,6,178,57,-3.206935803,5.356155301,13.354384902,19,0,0
4,7,81,234,14.493064461,-4.343844844,15.711812364,87,0,0
4,8,207,86,-0.306935759,8.256155344,16.051166770,58,0,0
4,9,106,230,14.093064455,-1.843844806,16.069195904,87,0,0
4,10,73,245,15.593064478,-5.143844856,16.641193733,11,0,0
4,11,150,219,12.993064439,2.556155259,17.269514868,25,0,0
4,12,90,251,16.193064487,-3.443844830,17.574971017,90,0,0
4,13,223,92,0.293064250,9.856155368,17.678567543,16,0,0
4,14,108,257,16.793064496,-1.643844803,18.669450079,191,0,0
4,15,235,104,1.493064268,11.056155386,18.985934064,45,0,0
4,16,116,264,17.493064506,-0.843844791,19.600722308,12,0,0
4,17,227,163,7.393064355,10.256155374,19.830849228,35,0,0
4,18,64,283,19.393064534,-6.043844869,20.304961770,118,0,0
4,19,177,238,14.893064467,5.256155299,20.433781152,14,0,0
4,20,178,248,15.893064482,5.356155301,21.274821320,171,0,0
5,1,27,162,7.293056339,-9.750170382,5.769224057,26,0,1
5,2,62,29,-6.006943860,-6.250170330,9.018546063,31,0,0
5,3,81,22,-6.706943870,-4.350170302,10.686979841,189,0,0
5,4,74,15,-7.406943880,-5.050170312,10.844284090,25,0,0
5,5,69,4,-8.506943897,-5.550170320,11.535105032,39,0,0
5,6,90,235,14.593056447,-3.450170288,14.974194349,11,0,0
5,7,80,243,15.393056459,-4.450170303,15.213886055,51,0,0
5,8,93,250,16.093056470,-3.150170284,16.428425261,34,0,0
5,9,178,57,-3.206943818,5.349829843,17.057369864,18,0,0
5,10,150,219,12.993056424,2.549829801,17.662957643,25,0,0
5,11,112,253,16.393056474,-1.250170256,17.665664414,420,0,0
5,12,87,268,17.893056497,-3.750170293,17.777308326,25,0,0
5,13,64,283,19.393056519,-6.050170327,18.410022976,113,0,0
5,14,205,86,-0.306943775,8.049829883,19.149488737,53,0,0
5,15,223,92,0.293056234,9.849829910,20.892950595,16,0,0
5,16,178,248,15.893056467,5.349829843,21.675533634,171,0,0
5,17,232,103,1.393056251,10.749829923,21.749799063,35,0,0
5,18,226,162,7.293056339,10.149829914,21.885395125,29,0,0
6,1,32,137,4.792852711,-9.251396318,2.447120768,13,0,1
6,2,6,134,4.492852706,-11.851396357,3.691265053,25,0,0
6,3,80,243,15.392852869,-4.451396247,9.530854301,52,0,0
6,4,94,242,15.292852867,-3.051396226,10.246053035,32,0,0
6,5,111,226,13.692852843,-1.351396201,10.304139129,61,0,0
6,6,86,267,17.792852904,-3.851396238,11.917402060,23,0,0
6,7,64,283,19.392852928,-6.051396271,12.604371769,113,0,0
6,8,111,259,16.992852892,-1.351396201,12.636348633,274,0,0
6,9,150,219,12.992852833,2.548603857,13.246700914,26,0,0
6,10,62,29,-6.007147450,-6.251396274,13.608618766,31,0,0
6,11,82,23,-6.607147459,-4.251396244,14.763782800,226,0,0
6,12,74,16,-7.307147470,-5.051396256,15.174696118,17,0,0
6,13,68,5,-8.407147486,-5.651396265,16.082309244,40,0,0
6,14,179,248,15.892852876,5.448603901,17.172056431,172,0,0
6,15,178,57,-3.207147409,5.348603899,18.057136648,18,0,0
6,16,205,86,-0.307147365,8.048603939,18.992955974,51,0,0
6,17,226,162,7.292852748,10.148603971,19.530685940,29,0,0
6,18,221,92,0.292852644,9.648603963,20.257787448,12,0,0
6,19,234,104,1.492852662,10.948603983,21.126353336,40,0,0
7,1,80,243,15.392852869,-4.451396247,9.541515256,52,0,1
7,2,94,242,15.292852867,-3.051396226,10.260729780,32,0,0
7,3,111,226,13.692852843,-1.351396201,10.325670147,61,0,0
7,4,86,267,17.792852904,-3.851396238,11.925977397,23,0,0
7,5,64,283,19.392852928,-6.051396271,12.605441976,113,0,0
7,6,111,259,16.992852892,-1.351396201,12.651738658,274,0,0
7,7,150,219,12.992852833,2.548603857,13.273970588,26,0,0
7,8,62,29,-6.007147450,-6.251396274,13.624649719,31,0,0
7,9,82,23,-6.607147459,-4.251396244,14.783537012,226,0,0
7,10,74,16,-7.307147470,-5.051396256,15.192495136,17,0,0
7,11,68,5,-8.407147486,-5.651396265,16.098396695,40,0,0
7,12,179,248,15.892852876,5.448603901,17.197476865,172,0,0
7,13,178,57,-3.207147409,5.348603899,18.089923439,18,0,0
7,14,205,86,-0.307147365,8.048603939,19.027724252,51,0,0
7,15,226,162,7.292852748,10.148603971,19.564940917,29,0,0
7,16,221,92,0.292852644,9.648603963,20.292844897,12,0,0
7,17,234,104,1.492852662,10.948603983,21.161605076,40,0,0
8,1,94,242,15.292852867,-3.051396226,10.260729780,32,0,1
8,2,111,226,13.692852843,-1.351396201,10.325670147,61,0,0
8,3,86,267,17.792852904,-3.851396238,11.925977397,23,0,0
8,4,64,283,19.392852928,-6.051396271,12.605441976,113,0,0
8,5,111,259,16.992852892,-1.351396201,12.651738658,274,0,0
8,6,150,219,12.992852833,2.548603857,13.273970588,26,0,0
8,7,62,29,-6.007147450,-6.251396274,13.624649719,31,0,0
8,8,82,23,-6.607147459,-4.251396244,14.783537012,226,0,0
8,9,74,16,-7.307147470,-5.051396256,15.192495136,17,0,0
8,10,68,5,-8.407147486,-5.651396265,16.098396695,40,0,0
8,11,179,248,15.892852876,5.448603901,17.197476865,172,0,0
8,12,178,57,-3.207147409,5.348603899,18.089923439,18,0,0
8,13,205,86,-0.307147365,8.048603939,19.027724252,51,0,0
8,14,226,162,7.292852748,10.148603971,19.564940917,29,0,0
8,15,221,92,0.292852644,9.648603963,20.292844897,12,0,0
8,16,234,104,1.492852662,10.948603983,21.161605076,40,0,0
9,1,112,260,17.067324383,-1.255382695,2.867852977,226,0,1
9,2,115,217,12.767324319,-0.955382690,3.329833712,50,0,0
9,3,92,302,21.267324445,-3.255382725,6.173295873,50,0,0
9,4,151,219,12.967324322,2.644617363,6.348541978,26,0,0
9,5,56,301,21.167324444,-6.855382778,7.018400238,23,0,0
9,6,93,324,23.467324478,-3.155382723,8.374725237,32,0,0
9,7,178,247,15.767324363,5.344617404,8.707568177,180,0,0
9,8,97,330,24.067324487,-2.755382717,8.991582948,11,0,0
9,9,88,346,25.667324511,-3.655382731,10.577552448,21,0,0
9,10,83,382,29.267324565,-4.155382738,14.196370328,38,0,0
9,11,72,385,29.567324569,-5.255382754,14.599356044,15,0,0
9,12,66,386,29.667324571,-5.855382763,14.788776162,31,0,0
9,13,60,389,29.967324575,-6.455382772,15.196174089,28,0,0
9,14,232,154,6.467324225,10.744617484,16.514208975,44,0,0
9,15,60,405,31.567324599,-6.455382772,16.765337205,33,0,0
9,16,242,163,7.367324238,11.744617499,16.945888640,33,0,0
9,17,244,154,6.467324225,11.944617502,17.548640842,19,0,0
9,18,209,85,-0.432675878,8.444617450,19.491022720,72,0,0
9,19,234,104,1.467324150,10.944617487,19.739912491,41,0,0
9,20,179,54,-3.532675924,5.444617405,20.593436632,32,0,0
9,21,62,28,-6.132675963,-6.255382769,21.426928307,47,0,0
9,22,86,24,-6.532675969,-3.855382734,21.633456584,222,0,0
10,1,115,217,12.767324319,-0.955382690,3.326047518,50,0,1
10,2,92,302,21.267324445,-3.255382725,6.159124402,50,0,0
10,3,151,219,12.967324322,2.644617363,6.335307290,26,0,0
10,4,56,301,21.167324444,-6.855382778,7.015914029,23,0,0
10,5,93,324,23.467324478,-3.155382723,8.360386716,32,0,0
10,6,178,247,15.767324363,5.344617404,8.687516430,180,0,0
10,7,97,330,24.067324487,-2.755382717,8.976448924,11,0,0
10,8,88,346,25.667324511,-3.655382731,10.564199854,21,0,0
10,9,83,382,29.267324565,-4.155382738,14.183555006,38,0,0
10,10,72,385,29.567324569,-5.255382754,14.588043613,15,0,0
10,11,66,386,29.667324571,-5.855382763,14.778287371,31,0,0
10,12,60,389,29.967324575,-6.455382772,15.186443358,28,0,0
10,13,232,154,6.467324225,10.744617484,16.505276061,44,0,0
10,14,60,405,31.567324599,-6.455382772,16.755185656,33,0,0
10,15,242,163,7.367324238,11.744617499,16.935317888,33,0,0
10,16,244,154,6.467324225,11.944617502,17.538932116,19,0,0
10,17,209,85,-0.432675878,8.444617450,19.490641349,72,0,0
10,18,234,104,1.467324150,10.944617487,19.735781454,41,0,0
10,19,179,54,-3.532675924,5.444617405,20.597948800,32,0,0
10,20,62,28,-6.132675963,-6.255382769,21.443348384,47,0,0
10,21,86,24,-6.532675969,-3.855382734,21.647867012,222,0,0
11,1,151,219,12.965216132,2.645954343,3.973614847,26,0,1
11,2,98,270,18.065216208,-2.654045736,5.474958898,22,0,0
11,3,179,248,15.865216175,5.445954384,7.448578835,165,0,0
11,4,92,301,21.165216254,-3.254045745,8.629508723,50,0,0
11,5,56,301,21.165216254,-6.854045799,10.066705239,23,0,0
11,6,92,325,23.565216290,-3.254045745,10.981742069,31,0,0
11,7,97,329,23.965216295,-2.754045738,11.301551619,12,0,0
11,8,88,352,26.265216330,-3.654045751,13.710242430,29,0,0
11,9,242,164,7.465216050,11.745954478,14.097970426,37,0,0
11,10,237,151,6.165216030,11.245954471,14.190754791,87,0,0
11,11,82,377,28.765216367,-4.254045760,16.276714507,12,0,0
11,12,209,85,-0.434784068,8.445954429,16.412750068,72,0,0
11,13,234,104,1.465215960,10.945954466,16.672082094,41,0,0
11,14,77,381,29.165216373,-4.754045768,16.765493470,39,0,0
11,15,71,381,29.165216373,-5.354045777,16.898524399,13,0,0
11,16,65,387,29.765216382,-5.954045786,17.629833869,14,0,0
11,17,178,53,-3.634784116,5.345954383,17.694054191,25,0,0
11,18,82,394,30.465216392,-4.254045760,17.951518631,12,0,0
11,19,62,399,30.965216400,-6.254045790,18.866513713,80,0,0
11,20,62,29,-6.034784152,-6.254045790,19.426035567,40,0,0
11,21,86,24,-6.534784159,-3.854045754,19.454998588,212,0,0
11,22,68,5,-8.434784187,-5.654045781,21.627812381,16,0,0
12,1,179,248,15.873479966,5.439486828,4.256116184,171,0,1
12,2,142,259,16.973479982,1.739486773,4.458444654,97,0,0
12,3,98,270,18.073479999,-2.660513292,7.645327153,20,0,0
12,4,240,165,7.573479842,11.539486919,10.180974190,40,0,0
12,5,236,151,6.173479821,11.139486913,10.621933228,66,0,0
12,6,93,307,21.773480054,-3.160513300,10.867905738,64,0,0
12,7,244,154,6.473479826,11.939486925,11.099397141,19,0,0
12,8,92,324,23.473480079,-3.260513301,12.381762512,32,0,0
12,9,55,301,21.173480045,-6.960513356,12.901193644,25,0,0
12,10,234,104,1.473479751,10.939486910,13.862404544,41,0,0
12,11,194,77,-1.226520289,6.939486851,14.481013707,67,0,0
12,12,89,351,26.173480119,-3.560513306,14.929050585,37,0,0
12,13,211,61,-2.826520313,8.639486876,16.549347946,341,0,0
12,14,86,377,28.773480158,-3.860513310,17.434568094,12,0,0
12,15,183,33,-5.626520355,5.839486834,18.514216650,113,0,0
12,16,82,391,30.173480179,-4.260513316,18.882861861,24,0,0
12,17,67,385,29.573480170,-5.760513339,18.946733967,11,0,0
12,18,71,387,29.773480173,-5.360513333,18.952433916,13,0,0
12,19,79,397,30.773480188,-4.560513321,19.551270346,13,0,0
12,20,73,399,30.973480191,-5.160513330,19.965535693,14,0,0
12,21,86,23,-6.626520369,-3.860513310,20.331924017,220,0,0
12,22,61,29,-6.026520361,-6.360513348,20.728930438,40,0,0
12,23,62,405,31.573480200,-6.260513346,20.964347157,70,0,0
13,1,143,259,16.973479982,1.839486775,3.715162194,78,0,1
13,2,189,301,21.173480045,6.439486843,5.768630220,17,0,0
13,3,147,315,22.573480066,2.239486781,7.667573357,151,0,0
13,4,152,323,23.373480078,2.739486788,8.242277848,36,0,0
13,5,98,270,18.073479999,-2.660513292,8.321169911,20,0,0
13,6,240,165,7.573479842,11.539486919,10.132419495,40,0,0
13,7,93,307,21.773480054,-3.160513300,10.485782021,64,0,0
13,8,166,353,26.373480122,4.139486809,10.904875874,330,0,0
13,9,158,352,26.273480121,3.339486797,10.917497633,32,0,0
13,10,236,151,6.173479821,11.139486913,11.046794945,66,0,0
13,11,244,154,6.473479826,11.939486925,11.249668956,19,0,0
13,12,92,324,23.473480079,-3.260513301,11.652290018,32,0,0
13,13,55,301,21.173480045,-6.960513356,13.463309219,25,0,0
13,14,163,381,29.173480164,3.839486804,13.720886295,18,0,0
13,15,89,351,26.173480119,-3.560513306,13.826889033,37,0,0
13,16,234,104,1.473479751,10.939486910,15.156792706,40,0,0
13,17,86,377,28.773480158,-3.860513310,16.083856923,12,0,0
13,18,190,80,-0.926520285,6.539486845,16.502553713,22,0,0
13,19,82,391,30.173480179,-4.260513316,17.469961170,24,0,0
13,20,71,387,29.773480173,-5.360513333,17.770757762,13,0,0
13,21,67,385,29.573480170,-5.760513339,17.854927685,11,0,0
13,22,79,397,30.773480188,-4.560513321,18.136676613,13,0,0
13,23,213,63,-2.626520310,8.839486879,18.502276334,229,0,0
13,24,73,399,30.973480191,-5.160513330,18.633946977,14,0,0
13,25,199,52,-3.726520326,7.439486858,19.375803212,28,0,0
13,26,62,405,31.573480200,-6.260513346,19.754956779,70,0,0
13,27,180,35,-5.426520352,5.539486830,20.954823278,44,0,0
13,28,188,30,-5.926520359,6.339486842,21.480054785,25,0,0
13,29,86,23,-6.626520369,-3.860513310,23.957486366,220,0,0
13,30,61,29,-6.026520361,-6.360513348,24.486658870,40,0,0
14,1,154,266,17.663836900,2.849763609,1.573524927,19,0,1
14,2,99,270,18.063836906,-2.650236473,4.558559780,20,0,0
14,3,97,287,19.763836931,-2.850236476,5.509316604,35,0,0
14,4,95,292,20.263836939,-3.050236479,5.966312376,30,0,0
14,5,154,324,23.463836986,2.849763609,6.945283144,33,0,0
14,6,139,325,23.563836988,1.349763587,6.952442430,44,0,0
14,7,206,301,21.163836952,8.049763686,7.830447681,61,0,0
14,8,97,320,23.063836980,-2.850236476,7.873943593,34,0,0
14,9,93,324,23.463836986,-3.250236482,8.431709285,33,0,0
14,10,90,351,26.163837027,-3.550236487,10.880732936,37,0,0
14,11,33,301,21.163836952,-9.250236571,11.831280211,327,0,0
14,12,233,160,7.063836742,10.749763727,13.178864749,14,0,0
14,13,84,377,28.763837065,-4.150236495,13.468930848,11,0,0
14,14,244,163,7.363836746,11.849763743,13.755642924,37,0,0
14,15,160,392,30.263837088,3.449763618,13.760071050,11,0,0
14,16,233,152,6.263836730,10.749763727,13.769917132,45,0,0
14,17,150,395,30.563837092,2.449763603,13.966513981,200,0,0
14,18,80,385,29.563837077,-4.550236501,14.363243429,42,0,0
14,19,72,381,29.163837071,-5.350236513,14.377219505,13,0,0
14,20,246,153,6.363836731,12.049763746,14.588985141,30,0,0
14,21,83,390,30.063837085,-4.250236497,14.691955987,22,0,0
14,22,65,387,29.763837080,-6.050236524,15.246023833,15,0,0
14,23,63,399,30.963837098,-6.250236527,16.387752560,73,0,0
14,24,176,422,33.263837132,5.049763642,16.983928051,42,0,0
14,25,164,430,34.063837144,3.849763624,17.580161654,12,0,0
14,26,235,104,1.463836658,10.949763730,17.768794755,41,0,0
14,27,190,80,-0.936163377,6.449763662,18.193296502,24,0,0
14,28,185,440,35.063837159,5.949763655,18.934180390,72,0,0
14,29,169,446,35.663837168,4.349763631,19.232064318,82,0,0
14,30,193,63,-2.636163403,6.749763667,19.913041874,12,0,0
14,31,165,456,36.663837183,3.949763625,20.173768279,103,0,0
14,32,214,63,-2.636163403,8.849763698,20.548978461,232,0,0
14,33,177,49,-4.036163423,5.149763643,20.945612944,17,0,0
14,34,197,48,-4.136163425,7.149763673,21.465453625,30,0,0
14,35,182,30,-5.936163452,5.649763651,22.902937246,36,0,0
14,36,188,31,-5.836163450,6.249763660,22.916703748,24,0,0
14,37,87,24,-6.536163461,-3.850236491,23.804773461,211,0,0
14,38,62,29,-6.036163453,-6.350236528,24.033927630,35,0,0
15,1,99,270,18.063836906,-2.650236473,5.164037456,20,0,1
15,2,154,324,23.463836986,2.849763609,5.708343358,33,0,0
15,3,97,287,19.763836931,-2.850236476,5.715980653,35,0,0
15,4,139,325,23.563836988,1.349763587,5.911943666,44,0,0
15,5,95,292,20.263836939,-3.050236479,6.091185747,30,0,0
15,6,206,301,21.163836952,8.049763686,6.502934268,61,0,0
15,7,97,320,23.063836980,-2.850236476,7.533180185,34,0,0
15,8,93,324,23.463836986,-3.250236482,8.098857954,33,0,0
15,9,90,351,26.163837027,-3.550236487,10.353434670,37,0,0
15,10,33,301,21.163836952,-9.250236571,12.236675684,327,0,0
15,11,160,392,30.263837088,3.449763618,12.533577898,11,0,0
15,12,150,395,30.563837092,2.449763603,12.798054821,200,0,0
15,13,84,377,28.763837065,-4.150236495,12.854936553,11,0,0
15,14,233,160,7.063836742,10.749763727,13.509517045,14,0,0
15,15,80,385,29.563837077,-4.550236501,13.746651895,42,0,0
15,16,72,381,29.163837071,-5.350236513,13.842716057,13,0,0
15,17,244,163,7.363836746,11.849763743,13.982984425,37,0,0
15,18,83,390,30.063837085,-4.250236497,14.031219182,22,0,0
15,19,233,152,6.263836730,10.749763727,14.151690924,45,0,0
15,20,65,387,29.763837080,-6.050236524,14.735871879,15,0,0
15,21,246,153,6.363836731,12.049763746,14.869627123,30,0,0
15,22,176,422,33.263837132,5.049763642,15.705438256,42,0,0
15,23,63,399,30.963837098,-6.250236527,15.838028232,73,0,0
15,24,164,430,34.063837144,3.849763624,16.353303409,12,0,0
15,25,185,440,35.063837159,5.949763655,17.637561423,72,0,0
15,26,169,446,35.663837168,4.349763631,17.992734339,82,0,0
15,27,235,104,1.463836658,10.949763730,18.359412135,41,0,0
15,28,165,456,36.663837183,3.949763625,18.953065919,103,0,0
15,29,190,80,-0.936163377,6.449763662,19.113525315,24,0,0
15,30,193,63,-2.636163403,6.749763667,20.838920632,12,0,0
15,31,214,63,-2.636163403,8.849763698,21.365808758,232,0,0
15,32,177,49,-4.036163423,5.149763643,21.961871321,17,0,0
15,33,197,48,-4.136163425,7.149763673,22.389114829,30,0,0
15,34,188,31,-5.836163450,6.249763660,23.897264940,24,0,0
15,35,182,30,-5.936163452,5.649763651,23.909751306,36,0,0
15,36,87,24,-6.536163461,-3.850236491,25.119354405,211,0,0
15,37,62,29,-6.036163453,-6.350236528,25.396005180,35,0,0
16,1,105,282,19.254265235,-2.054110004,1.431789001,12,0,1
16,2,115,281,19.154265234,-1.054109989,1.852650369,12,0,0
16,3,94,287,19.754265243,-3.154110021,2.046469238,26,0,0
16,4,94,293,20.354265252,-3.154110021,2.611737756,14,0,0
16,5,97,321,23.154265293,-2.854110016,5.315495799,34,0,0
16,6,94,325,23.554265299,-3.154110021,5.746701305,29,0,0
16,7,139,325,23.554265299,1.345890046,6.804759420,43,0,0
16,8,34,301,21.154265263,-9.154110110,7.532936116,348,0,0
16,9,154,325,23.554265299,2.845890069,7.728614106,34,0,0
16,10,90,352,26.254265339,-3.554110027,8.476038974,35,0,0
16,11,86,377,28.754265377,-3.954110033,11.007460435,14,0,0
16,12,207,303,21.354265266,8.145890148,11.090434351,73,0,0
16,13,79,378,28.854265378,-4.654110043,11.227076055,11,0,0
16,14,81,382,29.254265384,-4.454110040,11.581575544,15,0,0
16,15,71,380,29.054265381,-5.454110055,11.608791050,11,0,0
16,16,75,383,29.354265386,-5.054110049,11.801315968,11,0,0
16,17,67,387,29.754265392,-5.854110061,12.391350379,18,0,0
16,18,78,392,30.254265399,-4.754110045,12.619671576,24,0,0
16,19,81,395,30.554265404,-4.454110040,12.862660093,11,0,0
16,20,64,396,30.654265405,-6.154110065,13.339412525,45,0,0
16,21,150,397,30.754265406,2.445890063,13.767667637,219,0,0
16,22,160,393,30.354265401,3.445890078,13.785659104,13,0,0
16,23,62,407,31.754265421,-6.354110068,14.451543743,21,0,0
16,24,61,419,32.954265439,-6.454110070,15.634521995,14,0,0
16,25,176,422,33.254265444,5.045890101,17.091608232,25,0,0
16,26,161,431,34.154265457,3.545890079,17.338282900,48,0,0
16,27,241,164,7.454265059,11.545890198,17.383918601,56,0,0
16,28,240,153,6.354265043,11.445890197,17.986886682,103,0,0
16,29,185,440,35.054265471,5.945890115,19.103887617,99,0,0
16,30,168,449,35.954265484,4.245890090,19.269179380,140,0,0
16,31,160,454,36.454265491,3.445890078,19.485498088,35,0,0
16,32,162,457,36.754265496,3.645890081,19.831828836,40,0,0
16,33,235,104,1.454264970,10.945890189,21.135717718,42,0,0
16,34,191,75,-1.445735073,6.545890124,21.269148360,15,0,0
16,35,215,64,-2.545735090,8.945890160,23.337995101,186,0,0
16,36,195,53,-3.645735106,6.945890130,23.440612121,25,0,0
16,37,63,29,-6.045735142,-6.254110067,24.217649937,31,0,0
16,38,87,25,-6.445735148,-3.854110031,24.350398421,219,0,0
16,39,201,45,-4.445735118,7.545890139,24.414383828,12,0,0
16,40,181,37,-5.245735130,5.545890109,24.427218173,54,0,0
16,41,190,30,-5.945735140,6.445890122,25.389033657,28,0,0
17,1,110,327,23.757505740,-1.557710382,4.264595546,55,0,1
17,2,139,325,23.557505737,1.342289661,5.402177612,43,0,0
17,3,154,325,23.557505737,2.842289684,6.505394227,35,0,0
17,4,90,353,26.357505778,-3.557710412,6.919600400,31,0,0
17,5,26,296,20.657505693,-9.957710507,7.749851411,79,0,0
17,6,78,380,29.057505819,-4.757710430,9.817919184,28,0,0
17,7,87,389,29.957505832,-3.857710416,10.519830771,17,0,0
17,8,74,392,30.257505836,-5.157710436,11.080291860,45,0,0
17,9,222,296,20.657505693,9.642289785,11.979656665,116,0,0
17,10,68,401,31.157505850,-5.757710445,12.109976864,33,0,0
17,11,160,392,30.257505836,3.442289693,12.138762338,12,0,0
17,12,150,397,30.757505844,2.442289678,12.159097158,212,0,0
17,13,87,406,31.657505857,-3.857710416,12.203406013,11,0,0
17,14,229,307,21.757505710,10.342289795,12.819386263,27,0,0
17,15,89,414,32.457505869,-3.657710413,12.974498984,43,0,0
17,16,63,432,34.257505896,-6.257710452,15.228726569,82,0,0
17,17,161,428,33.857505890,3.542289694,15.444048148,34,0,0
17,18,177,423,33.357505883,5.142289718,15.674156536,41,0,0
17,19,169,447,35.757505918,4.342289706,17.505480415,81,0,0
17,20,186,440,35.057505908,6.042289731,17.597654422,69,0,0
17,21,89,461,37.157505939,-3.657710413,17.655168768,13,0,0
17,22,161,452,36.257505926,3.542289694,17.689756587,57,0,0
17,23,165,456,36.657505932,3.942289700,18.200880948,33,0,0
17,24,242,163,7.357505495,11.642289815,18.515090422,41,0,0
17,25,233,152,6.257505479,10.742289801,18.616995810,46,0,0
17,26,244,154,6.457505482,11.842289818,19.266208798,47,0,0
17,27,235,104,1.457505407,10.942289804,22.417545874,42,0,0
17,28,215,84,-0.542494623,8.942289774,23.022238611,78,0,0
17,29,210,71,-1.842494642,8.442289767,23.937205235,12,0,0
17,30,194,59,-3.042494660,6.842289743,24.372381042,52,0,0
17,31,63,30,-5.942494703,-6.257710452,25.805535762,30,0,0
17,32,220,55,-3.442494666,9.442289782,25.816305750,83,0,0
17,33,87,23,-6.642494713,-3.857710416,26.245222438,230,0,0
17,34,190,30,-5.942494703,6.442289737,26.950865497,28,0,0
17,35,184,27,-6.242494707,5.842289728,27.048537688,41,0,0
18,1,139,325,23.557505737,1.342289661,3.185745091,43,0,1
18,2,90,353,26.357505778,-3.557710412,3.336481223,31,0,0
18,3,154,325,23.557505737,2.842289684,4.685551611,35,0,0
18,4,78,380,29.057505819,-4.757710430,6.279559865,28,0,0
18,5,87,389,29.957505832,-3.857710416,6.768886608,17,0,0
18,6,74,392,30.257505836,-5.157710436,7.530849503,45,0,0
18,7,38,287,19.757505680,-8.757710489,7.860503092,69,0,0
18,8,87,406,31.657505857,-3.857710416,8.407069443,11,0,0
18,9,150,397,30.757505844,2.442289678,8.432074919,212,0,0
18,10,160,392,30.257505836,3.442289693,8.582430473,12,0,0
18,11,68,401,31.157505850,-5.757710445,8.604256308,33,0,0
18,12,89,414,32.457505869,-3.657710413,9.143968648,43,0,0
18,13,14,290,20.057505684,-11.157710525,9.929051751,44,0,0
18,14,219,293,20.357505689,9.342289780,11.616973242,80,0,0
18,15,63,432,34.257505896,-6.257710452,11.632404492,82,0,0
18,16,161,428,33.857505890,3.542289694,11.677839915,34,0,0
18,17,177,423,33.357505883,5.142289718,12.085211598,41,0,0
18,18,235,291,20.157505686,10.942289804,13.213693504,18,0,0
18,19,169,447,35.757505918,4.342289706,13.733680639,81,0,0
18,20,89,461,37.157505939,-3.657710413,13.782071361,13,0,0
18,21,161,452,36.257505926,3.542289694,13.851708014,57,0,0
18,22,186,440,35.057505908,6.042289731,13.994877058,69,0,0
18,23,245,296,20.657505693,11.942289819,14.074232972,15,0,0
18,24,165,456,36.657505932,3.942289700,14.377328421,33,0,0
18,25,242,163,7.357505495,11.642289815,21.030508089,41,0,0
18,26,233,152,6.257505479,10.742289801,21.343207231,46,0,0
18,27,244,154,6.457505482,11.842289818,21.853480895,47,0,0
18,28,235,104,1.457505407,10.942289804,25.478045854,42,0,0
18,29,215,84,-0.542494623,8.942289774,26.346575414,78,0,0
18,30,210,71,-1.842494642,8.442289767,27.345850724,12,0,0
18,31,194,59,-3.042494660,6.842289743,27.923004294,52,0,0
18,32,220,55,-3.442494666,9.442289782,29.206287976,83,0,0
18,33,63,30,-5.942494703,-6.257710452,29.767155802,30,0,0
18,34,87,23,-6.642494713,-3.857710416,30.205220773,230,0,0
18,35,190,30,-5.942494703,6.442289737,30.581630711,28,0,0
18,36,184,27,-6.242494707,5.842289728,30.714926907,41,0,0
19,1,90,353,26.354368186,-3.567800521,6.015825698,31,0,1
19,2,160,394,30.454368247,3.432199584,7.329440874,11,0,0
19,3,150,397,30.754368251,2.432199569,7.449522302,209,0,0
19,4,89,377,28.754368222,-3.667800522,7.578805369,16,0,0
19,5,82,381,29.154368228,-4.367800532,8.357537051,15,0,0
19,6,79,383,29.354368231,-4.667800537,8.712490154,20,0,0
19,7,86,390,30.054368241,-3.967800527,8.744364071,16,0,0
19,8,227,285,19.554368085,10.132199684,9.298471912,127,0,0
19,9,73,388,29.854368238,-5.267800546,9.491949631,61,0,0
19,10,78,396,30.654368250,-4.767800538,9.720548541,12,0,0
19,11,161,426,33.654368295,3.532199585,10.479353126,25,0,0
19,12,42,287,19.754368088,-8.367800592,10.635207340,44,0,0
19,13,88,415,32.554368278,-3.767800524,10.679301986,38,0,0
19,14,183,434,34.454368307,5.732199618,11.836575478,116,0,0
19,15,169,447,35.754368326,4.332199597,12.695759620,80,0,0
19,16,162,449,35.954368329,3.632199587,12.763598128,65,0,0
19,17,88,439,34.954368314,-3.767800524,12.806389315,32,0,0
19,18,64,426,33.654368295,-6.167800559,12.932224873,134,0,0
19,19,14,285,19.554368085,-11.167800634,13.359681448,30,0,0
19,20,165,455,36.554368338,3.932199591,13.404567021,33,0,0
19,21,243,164,7.454367904,11.732199707,18.824910232,44,0,0
19,22,240,153,6.354367888,11.432199703,19.610883276,102,0,0
19,23,235,104,1.454367815,10.932199696,23.781991001,42,0,0
19,24,191,80,-0.945632221,6.532199630,24.779743879,25,0,0
19,25,205,81,-0.845632219,7.932199651,24.996779420,17,0,0
19,26,218,84,-0.545632215,9.232199670,25.069050279,68,0,0
19,27,209,71,-1.845632234,8.332199657,26.065607020,20,0,0
19,28,197,52,-3.745632263,7.132199639,27.643109058,47,0,0
19,29,220,53,-3.645632261,9.432199673,28.094067085,85,0,0
19,30,190,30,-5.945632295,6.432199628,29.681517679,27,0,0
19,31,183,27,-6.245632300,5.732199618,29.873769312,40,0,0
19,32,63,30,-5.945632295,-6.267800561,30.341697105,30,0,0
19,33,87,23,-6.645632306,-3.867800525,30.494420062,220,0,0
20,1,80,395,30.554368248,-4.567800535,4.510045616,16,0,1
20,2,114,390,30.054368241,-1.167800485,4.739902785,66,0,0
20,3,100,406,31.654368265,-2.567800506,5.678405278,120,0,0
20,4,149,403,31.354368260,2.332199567,8.066357965,183,0,0
20,5,160,394,30.454368247,3.432199584,8.433984759,11,0,0
20,6,58,440,35.054368316,-6.767800568,9.424154358,20,0,0
20,7,85,446,35.654368324,-4.067800528,9.547559395,131,0,0
20,8,13,284,19.454368083,-11.267800635,10.005795672,28,0,0
20,9,89,453,36.354368335,-3.667800522,10.244541007,34,0,0
20,10,161,426,33.654368295,3.532199585,10.517975591,25,0,0
20,11,68,460,37.054368345,-5.767800553,11.119728967,201,0,0
20,12,59,458,36.854368342,-6.667800567,11.120610174,23,0,0
20,13,162,449,35.954368329,3.632199587,12.332672852,65,0,0
20,14,169,447,35.754368326,4.332199597,12.613028358,80,0,0
20,15,183,434,34.454368307,5.732199618,12.665982425,116,0,0
20,16,165,455,36.554368338,3.932199591,12.992879817,33,0,0
20,17,20,235,14.554368010,-10.567800625,13.393603385,742,0,0
20,18,228,281,19.154368079,10.232199685,15.659301735,206,0,0
20,19,5,210,12.054367973,-12.067800647,16.308948739,16,0,0
20,20,243,164,7.454367904,11.732199707,24.273829423,44,0,0
20,21,240,153,6.354367888,11.432199703,24.944838472,102,0,0
20,22,235,104,1.454367815,10.932199696,28.720847569,42,0,0
20,23,191,80,-0.945632221,6.532199630,28.960982893,25,0,0
20,24,205,81,-0.845632219,7.932199651,29.397611867,17,0,0
20,25,218,84,-0.545632215,9.232199670,29.670224921,68,0,0
20,26,209,71,-1.845632234,8.332199657,30.474180131,20,0,0
20,27,197,52,-3.745632263,7.132199639,31.793850941,47,0,0
20,28,63,30,-5.945632295,-6.267800561,32.151341659,30,0,0
20,29,220,53,-3.645632261,9.432199673,32.564596173,85,0,0
20,30,87,23,-6.645632306,-3.867800525,32.756352937,220,0,0
20,31,190,30,-5.945632295,6.432199628,33.648854710,27,0,0
20,32,183,27,-6.245632300,5.732199618,33.730372595,40,0,0
21,1,114,390,30.054368241,-1.167800485,4.727485483,66,0,1
21,2,100,406,31.654368265,-2.567800506,5.667514766,120,0,0
21,3,149,403,31.354368260,2.332199567,8.053893089,183,0,0
21,4,160,394,30.454368247,3.432199584,8.421950438,11,0,0
21,5,58,440,35.054368316,-6.767800568,9.418020011,20,0,0
21,6,85,446,35.654368324,-4.067800528,9.538525283,131,0,0
21,7,13,284,19.454368083,-11.267800635,10.018289484,28,0,0
21,8,89,453,36.354368335,-3.667800522,10.235156538,34,0,0
21,9,161,426,33.654368295,3.532199585,10.505420751,25,0,0
21,10,68,460,37.054368345,-5.767800553,11.112098535,201,0,0
21,11,59,458,36.854368342,-6.667800567,11.113832792,23,0,0
21,12,162,449,35.954368329,3.632199587,12.320165814,65,0,0
21,13,169,447,35.754368326,4.332199597,12.600476739,80,0,0
21,14,183,434,34.454368307,5.732199618,12.653500500,116,0,0
21,15,165,455,36.554368338,3.932199591,12.980384269,33,0,0
21,16,20,235,14.554368010,-10.567800625,13.405890516,742,0,0
21,17,228,281,19.154368079,10.232199685,15.655846930,206,0,0
21,18,5,210,12.054367973,-12.067800647,16.321240676,16,0,0
21,19,243,164,7.454367904,11.732199707,24.275551660,44,0,0
21,20,240,153,6.354367888,11.432199703,24.947025431,102,0,0
21,21,235,104,1.454367815,10.932199696,28.724477730,42,0,0
21,22,191,80,-0.945632221,6.532199630,28.966637666,25,0,0
21,23,205,81,-0.845632219,7.932199651,29.402748114,17,0,0
21,24,218,84,-0.545632215,9.232199670,29.674849380,68,0,0
21,25,209,71,-1.845632234,8.332199657,30.479328411,20,0,0
21,26,197,52,-3.745632263,7.132199639,31.799659534,47,0,0
21,27,63,30,-5.945632295,-6.267800561,32.161247220,30,0,0
21,28,220,53,-3.645632261,9.432199673,32.569641139,85,0,0
21,29,87,23,-6.645632306,-3.867800525,32.765653957,220,0,0
21,30,190,30,-5.945632295,6.432199628,33.655125919,27,0,0
21,31,183,27,-6.245632300,5.732199618,33.736886797,40,0,0
22,1,79,410,32.054368271,-4.667800537,3.933838045,27,0,1
22,2,149,403,31.354368260,2.332199567,4.082435775,182,0,0
22,3,160,394,30.454368247,3.432199584,4.918978355,11,0,0
22,4,161,426,33.654368295,3.532199585,6.293026322,25,0,0
22,5,85,449,35.954368329,-4.067800528,6.689608610,124,0,0
22,6,89,453,36.354368335,-3.667800522,6.920533587,32,0,0
22,7,58,441,35.154368317,-6.767800568,7.550394866,21,0,0
22,8,162,449,35.954368329,3.632199587,7.976351102,65,0,0
22,9,169,447,35.754368326,4.332199597,8.294362791,80,0,0
22,10,183,434,34.454368307,5.732199618,8.552144319,116,0,0
22,11,165,455,36.554368338,3.932199591,8.631414355,33,0,0
22,12,58,458,36.854368342,-6.767800568,8.837391391,17,0,0
22,13,67,470,38.054368360,-5.867800555,9.364454385,165,0,0
22,14,13,284,19.454368083,-11.267800635,14.268075342,28,0,0
22,15,228,281,19.154368079,10.232199685,15.800906847,206,0,0
22,16,18,238,14.854368015,-10.767800628,17.616854408,548,0,0
22,17,5,210,12.054367973,-12.067800647,20.684035894,16,0,0
22,18,243,164,7.454367904,11.732199707,25.941646694,44,0,0
22,19,240,153,6.354367888,11.432199703,26.749330006,102,0,0
22,20,235,104,1.454367815,10.932199696,30.930397345,42,0,0
22,21,191,80,-0.945632221,6.532199630,31.764293030,25,0,0
22,22,205,81,-0.845632219,7.932199651,32.048745818,17,0,0
22,23,218,84,-0.545632215,9.232199670,32.169708109,68,0,0
22,24,209,71,-1.845632234,8.332199657,33.122136921,20,0,0
22,25,197,52,-3.745632263,7.132199639,34.625462498,47,0,0
22,26,220,53,-3.645632261,9.432199673,35.170444815,85,0,0
22,27,63,30,-5.945632295,-6.267800561,36.070866424,30,0,0
22,28,87,23,-6.645632306,-3.867800525,36.527316274,220,0,0
22,29,190,30,-5.945632295,6.432199628,36.604000028,27,0,0
22,30,183,27,-6.245632300,5.732199618,36.753983446,40,0,0
23,1,55,440,35.054368316,-7.097521549,4.175931604,24,0,1
23,2,91,454,36.454368336,-3.497521496,4.867519472,33,0,0
23,3,150,405,31.554368263,2.402478592,6.998397208,198,0,0
23,4,89,476,38.654368369,-3.697521499,7.000040617,13,0,0
23,5,161,431,34.154368302,3.502478609,8.456979776,31,0,0
23,6,160,453,36.354368335,3.402478607,9.246494135,36,0,0
23,7,174,419,32.954368284,4.802478628,9.478397176,28,0,0
23,8,169,443,35.354368320,4.302478621,9.613366421,57,0,0
23,9,49,498,40.854368402,-7.697521558,9.654743169,85,0,0
23,10,164,455,36.554368338,3.802478613,9.692879007,98,0,0
23,11,42,498,40.854368402,-8.397521569,9.901959157,170,0,0
23,12,184,431,34.154368302,5.802478643,10.679652096,106,0,0
23,13,88,517,42.754368430,-3.797521500,11.071077647,17,0,0
23,14,187,455,36.554368338,6.102478647,11.741650883,19,0,0
23,15,72,526,43.654368444,-5.397521524,11.969371510,16,0,0
23,16,85,545,45.554368472,-4.097521505,13.851285705,110,0,0
23,17,73,545,45.554368472,-5.297521522,13.860238929,115,0,0
23,18,14,284,19.454368083,-11.197521610,13.923141271,29,0,0
23,19,60,545,45.554368472,-6.597521542,13.986600958,110,0,0
23,20,20,239,14.954368016,-10.597521601,17.800516711,676,0,0
23,21,42,232,14.254368006,-8.397521569,17.867126236,12,0,0
23,22,227,281,19.154368079,10.102478707,19.330921677,175,0,0
23,23,243,164,7.454367904,11.702478731,29.223484589,35,0,0
23,24,234,151,6.154367885,10.802478717,29.837023073,44,0,0
23,25,244,153,6.354367888,11.802478732,30.196988959,43,0,0
23,26,236,104,1.454367815,11.002478720,34.040831852,42,0,0
23,27,191,80,-0.945632221,6.502478653,34.491378841,25,0,0
23,28,213,85,-0.445632213,8.702478686,34.798171375,51,0,0
23,29,176,53,-3.645632261,5.002478631,36.636818948,18,0,0
23,30,217,59,-3.045632252,9.102478692,37.358930116,116,0,0
23,31,197,50,-3.945632266,7.102478662,37.527015452,19,0,0
23,32,64,29,-6.045632297,-6.197521536,37.791649238,31,0,0
23,33,87,25,-6.445632303,-3.897521502,38.163979220,194,0,0
23,34,190,30,-5.945632295,6.402478652,39.230372201,27,0,0
23,35,184,27,-6.245632300,5.802478643,39.355695004,27,0,0
24,1,27,409,31.954368269,-9.948440580,4.358979408,13,0,1
24,2,42,489,39.954368389,-8.448440558,5.275650419,111,0,0
24,3,7,420,33.054368286,-11.948440610,5.503783618,16,0,0
24,4,23,397,30.754368251,-10.348440586,5.506542188,706,0,0
24,5,5,414,32.454368277,-12.148440613,5.918807885,24,0,0
24,6,50,499,40.954368403,-7.648440546,6.067553518,85,0,0
24,7,149,405,31.554368263,2.251559601,9.649515255,187,0,0
24,8,161,430,34.054368301,3.451559619,10.271694214,16,0,0
24,9,161,452,36.254368333,3.451559619,10.315559013,832,0,0
24,10,57,544,45.454368471,-6.948440536,10.506572978,32,0,0
24,11,163,462,37.254368348,3.651559622,10.684301447,54,0,0
24,12,91,545,45.554368472,-3.548440485,11.086980497,47,0,0
24,13,170,431,34.154368302,4.351559633,11.160981972,14,0,0
24,14,174,424,33.454368292,4.751559639,11.629114416,23,0,0
24,15,14,284,19.454368083,-11.248440600,16.125905346,30,0,0
24,16,47,256,16.654368041,-7.948440551,18.331965649,234,0,0
24,17,15,231,14.154368004,-11.148440598,21.248430893,524,0,0
24,18,229,281,19.154368079,10.251559721,23.228981679,206,0,0
24,19,244,164,7.454367904,11.751559743,33.157517078,44,0,0
24,20,234,152,6.254367886,10.751559728,33.627118017,46,0,0
24,21,245,154,6.454367889,11.851559744,34.045954098,48,0,0
24,22,236,104,1.454367815,10.951559731,37.899153439,42,0,0
24,23,192,75,-1.445632228,6.551559665,38.760006857,15,0,0
24,24,213,68,-2.145632239,8.651559697,40.176957629,175,0,0
24,25,196,53,-3.645632261,6.951559671,40.965121752,25,0,0
24,26,64,29,-6.045632297,-6.248440525,40.998220911,31,0,0
24,27,88,25,-6.445632303,-3.848440490,41.498513731,219,0,0
24,28,182,37,-5.245632285,5.551559651,42.044179361,54,0,0
24,29,191,30,-5.945632295,6.451559664,42.982373744,28,0,0
25,1,50,340,25.052830696,-7.664791494,7.440268455,38,0,1
25,2,44,336,24.652830690,-8.264791503,7.688797226,19,0,0
25,3,42,489,39.952830918,-8.464791506,7.854685560,112,0,0
25,4,50,498,40.852830931,-7.664791494,8.895183503,83,0,0
25,5,46,318,22.852830663,-8.064791500,9.495056968,20,0,0
25,6,20,315,22.552830659,-10.664791539,9.693065830,13,0,0
25,7,19,311,22.152830653,-10.764791540,10.101028976,13,0,0
25,8,143,444,35.452830851,1.635208644,11.821387491,150,0,0
25,9,150,403,31.352830790,2.335208655,12.095009295,183,0,0
25,10,14,285,19.552830614,-11.264791548,12.740665612,28,0,0
25,11,161,394,30.452830777,3.435208671,13.280775889,11,0,0
25,12,162,427,33.752830826,3.535208673,13.355747402,19,0,0
25,13,58,544,45.452831000,-6.864791482,13.558322709,32,0,0
25,14,170,438,34.852830842,4.335208685,14.313107191,75,0,0
25,15,91,545,45.552831002,-3.564791433,14.706774198,47,0,0
25,16,175,454,36.452830866,4.835208692,15.173234494,16,0,0
25,17,47,255,16.552830569,-7.964791499,15.747144785,237,0,0
25,18,182,455,36.552830867,5.535208703,15.873525819,21,0,0
25,19,187,437,34.752830841,6.035208710,15.970487685,191,0,0
25,20,196,476,38.652830899,6.935208723,17.870657420,91,0,0
25,21,14,230,14.052830532,-11.264791548,18.212670012,521,0,0
25,22,229,282,19.252830610,10.235208773,23.796201025,187,0,0
25,23,244,164,7.452830434,11.735208795,32.759962571,44,0,0
25,24,241,153,6.352830417,11.435208790,33.407803787,102,0,0
25,25,192,80,-0.947169691,6.535208717,36.923448754,25,0,0
25,26,235,104,1.452830344,10.835208782,36.991382432,41,0,0
25,27,206,81,-0.847169690,7.935208738,37.472979592,17,0,0
25,28,219,84,-0.547169685,9.235208758,37.843164830,68,0,0
25,29,64,30,-5.947169766,-6.264791473,38.304953850,30,0,0
25,30,210,71,-1.847169705,8.335208744,38.543639983,20,0,0
25,31,88,23,-6.647169776,-3.864791438,39.288162990,236,0,0
25,32,196,54,-3.547169730,6.935208723,39.441631571,28,0,0
25,33,222,54,-3.547169730,9.535208762,40.608639711,85,0,0
25,34,191,30,-5.947169766,6.435208716,41.431593284,28,0,0
25,35,184,27,-6.247169770,5.735208706,41.441697620,40,0,0
26,1,47,321,23.152830668,-8.002027914,2.285008818,25,0,1
26,2,14,285,19.552830614,-11.302027963,6.960122179,28,0,0
26,3,21,239,14.952830546,-10.602027953,10.880850676,717,0,0
26,4,150,403,31.352830790,2.297972239,11.472657463,187,0,0
26,5,161,409,31.952830799,3.397972256,12.724349583,11,0,0
26,6,141,444,35.452830851,1.397972226,13.437728653,132,0,0
26,7,165,432,34.252830833,3.797972262,14.363274127,19,0,0
26,8,172,427,33.752830826,4.497972272,14.628300731,15,0,0
26,9,43,490,40.052830920,-8.402027920,14.699020448,111,0,0
26,10,175,426,33.652830824,4.797972277,14.819267525,11,0,0
26,11,179,420,33.052830815,5.197972283,14.833820698,62,0,0
26,12,51,498,40.852830931,-7.602027908,15.471559056,77,0,0
26,13,172,446,35.652830854,4.497972272,15.792649713,34,0,0
26,14,175,454,36.452830866,4.797972277,16.545980567,15,0,0
26,15,182,455,36.552830867,5.497972287,17.137633007,24,0,0
26,16,191,444,35.452830851,6.397972301,17.162023487,131,0,0
26,17,230,281,19.152830608,10.297972359,18.854822232,199,0,0
26,18,196,475,38.552830897,6.897972308,19.512375821,95,0,0
26,19,58,544,45.452831000,-6.902027898,20.080065603,32,0,0
26,20,92,545,45.552831002,-3.502027847,20.563262734,38,0,0
26,21,244,164,7.452830434,11.697972380,26.266661261,35,0,0
26,22,234,152,6.252830416,10.697972365,26.401024387,43,0,0
26,23,245,154,6.452830419,11.797972381,27.030433275,46,0,0
26,24,192,80,-0.947169691,6.497972302,29.817782622,25,0,0
26,25,237,104,1.452830344,10.997972369,30.243978239,42,0,0
26,26,214,85,-0.447169684,8.697972335,30.486798301,50,0,0
26,27,65,29,-6.047169767,-6.202027887,31.455509428,31,0,0
26,28,89,25,-6.447169773,-3.802027851,32.042691890,178,0,0
26,29,179,49,-4.047169738,5.197972283,32.050716184,26,0,0
26,30,198,50,-3.947169736,7.097972311,32.760164831,19,0,0
26,31,219,60,-2.947169721,9.197972342,32.882899355,108,0,0
26,32,191,30,-5.947169766,6.397972301,34.272420539,27,0,0
26,33,185,27,-6.247169770,5.797972292,34.309919610,27,0,0
27,1,14,285,19.552830614,-11.314428573,4.622489285,28,0,1
27,2,35,266,17.652830586,-9.214428542,5.545743829,16,0,0
27,3,21,239,14.952830546,-10.614428563,8.480275325,756,0,0
27,4,151,405,31.552830793,2.385571631,13.677094826,200,0,0
27,5,139,443,35.352830850,1.185571613,15.524798711,126,0,0
27,6,165,432,34.252830833,3.785571652,16.490698338,19,0,0
27,7,171,430,34.052830830,4.385571661,16.808200513,19,0,0
27,8,43,490,40.052830920,-8.414428530,16.914920910,111,0,0
27,9,179,422,33.252830818,5.185571673,16.934668468,77,0,0
27,10,51,498,40.852830931,-7.614428518,17.732164484,77,0,0
27,11,172,446,35.652830854,4.485571662,17.960226263,45,0,0
27,12,175,454,36.452830866,4.785571667,18.736403191,15,0,0
27,13,231,282,19.252830610,10.385571750,19.179640449,204,0,0
27,14,182,455,36.552830867,5.485571677,19.304678980,24,0,0
27,15,192,444,35.452830851,6.485571692,19.316622057,128,0,0
27,16,196,475,38.552830897,6.885571698,21.706219481,97,0,0
27,17,58,544,45.452831000,-6.914428508,22.364071369,32,0,0
27,18,92,544,45.452831000,-3.514428457,22.842712149,40,0,0
27,19,244,164,7.452830434,11.685571769,25.481561843,32,0,0
27,20,235,152,6.252830416,10.785571756,25.554971179,44,0,0
27,21,245,154,6.452830419,11.785571771,26.185999675,43,0,0
27,22,193,79,-1.047169693,6.585571693,28.449600974,28,0,0
27,23,237,104,1.452830344,10.985571759,29.084467046,42,0,0
27,24,65,29,-6.047169767,-6.214428497,29.266545701,31,0,0
27,25,89,23,-6.647169776,-3.814428462,30.135470021,182,0,0
27,26,216,65,-2.447169714,8.885571728,30.874996202,166,0,0
27,27,198,49,-4.047169738,7.085571701,31.284538750,27,0,0
27,28,182,39,-5.047169752,5.485571677,31.418307469,59,0,0
27,29,191,31,-5.847169764,6.385571690,32.536807527,25,0,0
28,1,51,201,11.152498969,-7.635795512,6.255500521,35,0,1
28,2,47,179,8.952498936,-8.035795518,8.241852045,20,0,0
28,3,151,406,31.652499274,2.364204637,19.138742433,187,0,0
28,4,231,282,19.252499090,10.364204757,20.411301083,198,0,0
28,5,180,409,31.952499279,5.264204681,21.327079002,13,0,0
28,6,141,442,35.252499328,1.364204623,21.479136984,105,0,0
28,7,162,430,34.052499310,3.464204654,21.696375915,16,0,0
28,8,178,420,33.052499295,5.064204678,21.976549001,49,0,0
28,9,171,431,34.152499312,4.364204667,22.339631695,14,0,0
28,10,43,490,40.052499399,-8.435795523,23.124026635,113,0,0
28,11,185,430,34.052499310,5.764204688,23.185965265,70,0,0
28,12,235,152,6.252498896,10.764204763,23.298562380,45,0,0
28,13,65,29,-6.047501287,-6.235795491,23.316509200,31,0,0
28,14,245,164,7.452498914,11.764204778,23.683205286,44,0,0
28,15,246,154,6.452498899,11.864204779,24.192732078,23,0,0
28,16,89,25,-6.447501293,-3.835795455,24.200858724,200,0,0
28,17,250,152,6.252498896,12.264204785,24.639904963,13,0,0
28,18,193,75,-1.447501219,6.564204700,24.721482930,15,0,0
28,19,191,446,35.652499334,6.364204697,24.778500852,131,0,0
28,20,237,104,1.452498824,10.964204766,26.021597499,42,0,0
28,21,197,53,-3.647501252,6.964204706,26.653384558,25,0,0
28,22,46,528,43.852499456,-8.135795519,26.935503280,253,0,0
28,23,217,64,-2.547501235,8.964204736,27.162046634,176,0,0
28,24,184,34,-5.547501280,5.664204687,27.389312152,59,0,0
28,25,192,30,-5.947501286,6.464204699,28.176722352,29,0,0
28,26,210,478,38.852499382,8.264204725,28.447001602,161,0,0
28,27,58,544,45.452499480,-6.935795501,28.632275826,32,0,0
28,28,93,545,45.552499481,-3.435795449,29.302734894,38,0,0
28,29,238,489,39.952499398,11.064204767,31.116557051,20,0,0
29,1,48,179,8.952498936,-7.935795516,2.586807142,22,0,1
29,2,65,29,-6.047501287,-6.235795491,17.593506476,31,0,0
29,3,89,25,-6.447501293,-3.835795455,18.317286493,200,0,0
29,4,235,152,6.252498896,10.764204763,18.996271385,45,0,0
29,5,193,75,-1.447501219,6.564204700,19.111749222,15,0,0
29,6,231,282,19.252499090,10.364204757,19.466647508,198,0,0
29,7,245,164,7.452498914,11.764204778,19.677789471,44,0,0
29,8,246,154,6.452498899,11.864204779,20.004346445,23,0,0
29,9,250,152,6.252498896,12.264204785,20.442082698,13,0,0
29,10,197,53,-3.647501252,6.964204706,20.939867760,25,0,0
29,11,237,104,1.452498824,10.964204766,21.014928300,42,0,0
29,12,184,34,-5.547501280,5.664204687,21.534968998,59,0,0
29,13,217,64,-2.547501235,8.964204736,21.637662922,176,0,0
29,14,192,30,-5.947501286,6.464204699,22.343782725,29,0,0
29,15,151,406,31.652499274,2.364204637,22.432949692,187,0,0
29,16,180,409,31.952499279,5.264204681,24.103891214,13,0,0
29,17,178,420,33.052499295,5.064204678,24.942694768,49,0,0
29,18,162,430,34.052499310,3.464204654,25.072278074,16,0,0
29,19,141,442,35.252499328,1.364204623,25.349043465,105,0,0
29,20,171,431,34.152499312,4.364204667,25.567003480,14,0,0
29,21,185,430,34.052499310,5.764204688,26.159327882,70,0,0
29,22,191,446,35.652499334,6.364204697,27.844267236,131,0,0
29,23,43,490,40.052499399,-8.435795523,28.567016989,113,0,0
29,24,210,478,38.852499382,8.264204725,31.565460749,161,0,0
29,25,46,528,43.852499456,-8.135795519,32.357835316,253,0,0
29,26,58,544,45.452499480,-6.935795501,33.956007660,32,0,0
29,27,238,489,39.952499398,11.064204767,33.968214554,20,0,0
29,28,93,545,45.552499481,-3.435795449,34.292249627,38,0,0
30,1,12,276,18.652499081,-11.535795570,10.118327056,212,0,1
30,2,65,29,-6.047501287,-6.235795491,15.263714473,31,0,0
30,3,89,25,-6.447501293,-3.835795455,16.145249901,200,0,0
30,4,193,75,-1.447501219,6.564204700,18.174767145,15,0,0
30,5,235,152,6.252498896,10.764204763,19.222809871,45,0,0
30,6,197,53,-3.647501252,6.964204706,19.836994668,25,0,0
30,7,245,164,7.452498914,11.764204778,20.079595806,44,0,0
30,8,184,34,-5.547501280,5.664204687,20.189777780,59,0,0
30,9,246,154,6.452498899,11.864204779,20.284563959,23,0,0
30,10,237,104,1.452498824,10.964204766,20.673005003,42,0,0
30,11,250,152,6.252498896,12.264204785,20.707639062,13,0,0
30,12,217,64,-2.547501235,8.964204736,20.774088982,176,0,0
30,13,192,30,-5.947501286,6.464204699,21.033133096,29,0,0
30,14,231,282,19.252499090,10.364204757,21.210294363,198,0,0
30,15,151,406,31.652499274,2.364204637,24.940550315,187,0,0
30,16,180,409,31.952499279,5.264204681,26.563696458,13,0,0
30,17,178,420,33.052499295,5.064204678,27.418750400,49,0,0
30,18,162,430,34.052499310,3.464204654,27.580511458,16,0,0
30,19,141,442,35.252499328,1.364204623,27.879489086,105,0,0
30,20,171,431,34.152499312,4.364204667,28.063899925,14,0,0
30,21,185,430,34.052499310,5.764204688,28.633123922,70,0,0
30,22,191,446,35.652499334,6.364204697,30.323169597,131,0,0
30,23,43,490,40.052499399,-8.435795523,30.970209525,113,0,0
30,24,210,478,38.852499382,8.264204725,34.042927177,161,0,0
30,25,46,528,43.852499456,-8.135795519,34.769831409,253,0,0
30,26,58,544,45.452499480,-6.935795501,36.393350537,32,0,0
30,27,238,489,39.952499398,11.064204767,36.413439651,20,0,0
30,28,93,545,45.552499481,-3.435795449,36.785907362,38,0,0
31,1,65,29,-6.047501287,-6.235795491,15.254742785,31,0,1
31,2,89,25,-6.447501293,-3.835795455,16.134604113,200,0,0
31,3,193,75,-1.447501219,6.564204700,18.159678343,15,0,0
31,4,235,152,6.252498896,10.764204763,19.208546894,45,0,0
31,5,197,53,-3.647501252,6.964204706,19.822093933,25,0,0
31,6,245,164,7.452498914,11.764204778,20.065712615,44,0,0
31,7,184,34,-5.547501280,5.664204687,20.175311282,59,0,0
31,8,246,154,6.452498899,11.864204779,20.270396160,23,0,0
31,9,237,104,1.452498824,10.964204766,20.657922384,42,0,0
31,10,250,152,6.252498896,12.264204785,20.693432750,13,0,0
31,11,217,64,-2.547501235,8.964204736,20.758961772,176,0,0
31,12,192,30,-5.947501286,6.464204699,21.018600865,29,0,0
31,13,231,282,19.252499090,10.364204757,21.202085245,198,0,0
31,14,151,406,31.652499274,2.364204637,24.941468365,187,0,0
31,15,180,409,31.952499279,5.264204681,26.563184631,13,0,0
31,16,178,420,33.052499295,5.064204678,27.418643928,49,0,0
31,17,162,430,34.052499310,3.464204654,27.581443294,16,0,0
31,18,141,442,35.252499328,1.364204623,27.881728848,105,0,0
31,19,171,431,34.152499312,4.364204667,28.064413953,14,0,0
31,20,185,430,34.052499310,5.764204688,28.632950202,70,0,0
31,21,191,446,35.652499334,6.364204697,30.323125847,131,0,0
31,22,43,490,40.052499399,-8.435795523,30.977573713,113,0,0
31,23,210,478,38.852499382,8.264204725,34.042828258,161,0,0
31,24,46,528,43.852499456,-8.135795519,34.777071545,253,0,0
31,25,58,544,45.452499480,-6.935795501,36.400148118,32,0,0
31,26,238,489,39.952499398,11.064204767,36.412541568,20,0,0
31,27,93,545,45.552499481,-3.435795449,36.791383467,38,0,0
32,1,186,25,-6.457850602,5.846672551,11.752041761,37,0,1
32,2,192,30,-5.957850594,6.446672560,12.338238524,28,0,0
32,3,197,53,-3.657850560,6.946672567,13.029576258,31,0,0
32,4,193,80,-0.957850520,6.546672561,13.377965996,24,0,0
32,5,216,66,-2.357850540,8.846672595,15.153942875,240,0,0
32,6,235,105,1.542149518,10.746672624,18.220028486,50,0,0
32,7,236,152,6.242149588,10.846672625,20.668857491,45,0,0
32,8,14,277,18.742149774,-11.353327706,25.224479004,231,0,0
32,9,230,281,19.142149780,10.246672616,29.778137678,197,0,0
32,10,162,392,30.242149945,3.446672515,37.313378385,12,0,0
32,11,150,405,31.542149965,2.246672497,38.300582651,179,0,0
32,12,163,426,33.642149996,3.546672516,40.637209315,29,0,0
32,13,179,423,33.342149992,5.146672540,40.749464043,42,0,0
32,14,167,436,34.642150011,3.946672522,41.703060377,11,0,0
32,15,146,443,35.342150021,1.846672491,41.945941513,167,0,0
32,16,179,447,35.742150027,5.146672540,43.064646067,55,0,0
32,17,198,446,35.642150026,7.046672568,43.494861767,125,0,0
32,18,43,490,40.042150091,-8.453327663,45.997429325,113,0,0
32,19,208,480,39.042150076,8.046672583,47.038452421,148,0,0
32,20,238,490,40.042150091,11.046672628,48.949935231,20,0,0
32,21,46,529,43.942150149,-8.153327658,49.877342681,249,0,0
32,22,58,543,45.342150170,-6.953327640,51.237031764,34,0,0
32,23,93,545,45.542150173,-3.453327588,51.483783373,36,0,0
33,1,198,53,-3.653589391,7.042342188,2.883346178,34,0,1
33,2,222,45,-4.453589403,9.442342224,4.173987234,16,0,0
33,3,214,69,-2.053589367,8.642342212,5.097562296,195,0,0
33,4,193,80,-0.953589351,6.542342181,5.296230299,24,0,0
33,5,236,108,1.846410691,10.842342245,9.559103197,43,0,0
33,6,236,152,6.246410756,10.842342245,13.464756530,45,0,0
33,7,229,281,19.146410949,10.142342234,25.716004622,203,0,0
33,8,14,277,18.746410943,-11.357658086,30.162980467,225,0,0
33,9,162,393,30.346411115,3.442342135,36.584527722,14,0,0
33,10,150,405,31.546411133,2.242342117,37.871138145,181,0,0
33,11,179,423,33.346411160,5.142342160,39.521662650,43,0,0
33,12,163,426,33.646411165,3.542342136,39.873686080,29,0,0
33,13,167,436,34.646411179,3.942342142,40.853775395,11,0,0
33,14,156,444,35.446411191,2.842342126,41.712376080,215,0,0
33,15,197,446,35.646411194,6.942342187,41.838866603,118,0,0
33,16,209,480,39.046411245,8.142342205,45.287812546,152,0,0
33,17,238,490,40.046411260,11.042342248,46.533375164,20,0,0
33,18,43,490,40.046411260,-8.457658043,48.320362877,113,0,0
33,19,46,526,43.646411314,-8.157658038,51.693551681,219,0,0
33,20,93,545,45.546411342,-3.457657968,52.512373083,36,0,0
33,21,58,544,45.446411340,-6.957658020,53.133220661,32,0,0
34,1,237,110,2.051129018,10.936014237,6.713507965,56,0,1
34,2,236,152,6.251129080,10.836014235,10.339427236,46,0,0
34,3,230,281,19.151129273,10.236014226,22.704331637,190,0,0
34,4,14,277,18.751129267,-11.363986096,28.629169536,224,0,0
34,5,162,393,30.351129439,3.436014125,33.832815704,14,0,0
34,6,151,408,31.851129462,2.336014108,35.449731984,207,0,0
34,7,179,423,33.351129484,5.136014150,36.698067311,41,0,0
34,8,163,427,33.751129490,3.536014126,37.207540583,26,0,0
34,9,167,436,34.651129504,3.936014132,38.070858176,11,0,0
34,10,186,443,35.351129514,5.836014161,38.670524363,201,0,0
34,11,142,443,35.351129514,1.436014095,39.038844482,82,0,0
34,12,99,441,35.151129511,-2.863985969,39.673546925,18,0,0
34,13,210,481,39.151129571,8.236014196,42.477577770,166,0,0
34,14,43,490,40.051129584,-8.463986053,45.994119058,113,0,0
34,15,47,527,43.751129639,-8.063986047,49.374718960,219,0,0
34,16,92,545,45.551129666,-3.563985980,49.961813086,36,0,0
34,17,58,544,45.451129664,-6.963986030,50.685880381,32,0,0
35,1,236,152,6.252249056,10.834057537,4.471730023,45,0,1
35,2,230,281,19.152249249,10.234057528,17.375066215,193,0,0
35,3,14,277,18.752249243,-11.365942793,27.824003336,222,0,0
35,4,150,407,31.752249436,2.234057409,31.137822476,188,0,0
35,5,179,423,33.352249460,5.134057452,32.053442149,41,0,0
35,6,163,427,33.752249466,3.534057429,32.759118434,18,0,0
35,7,185,435,34.552249478,5.734057461,33.141044217,23,0,0
35,8,167,436,34.652249480,3.934057435,33.555239903,11,0,0
35,9,189,446,35.652249495,6.134057467,34.173539288,175,0,0
35,10,142,443,35.352249490,1.434057397,34.820440590,82,0,0
35,11,99,441,35.152249487,-2.865942667,36.015536910,18,0,0
35,12,210,481,39.152249547,8.234057499,37.449481608,158,0,0
35,13,42,490,40.052249560,-8.565942752,42.838207080,114,0,0
35,14,47,527,43.752249615,-8.065942744,45.967313030,219,0,0
35,15,92,545,45.552249642,-3.565942677,46.030635642,36,0,0
35,16,58,544,45.452249641,-6.965942728,47.101362465,32,0,0
36,1,230,281,19.152249249,10.234057528,12.649261775,193,0,1
36,2,14,277,18.752249243,-11.365942793,25.136601811,222,0,0
36,3,150,407,31.752249436,2.234057409,26.590333229,188,0,0
36,4,179,423,33.352249460,5.134057452,27.392545535,41,0,0
36,5,163,427,33.752249466,3.534057429,28.142422469,18,0,0
36,6,185,435,34.552249478,5.734057461,28.461107271,23,0,0
36,7,167,436,34.652249480,3.934057435,28.919950350,11,0,0
36,8,189,446,35.652249495,6.134057467,29.482536353,175,0,0
36,9,142,443,35.352249490,1.434057397,30.261684382,82,0,0
36,10,99,441,35.152249487,-2.865942667,31.646102027,18,0,0
36,11,210,481,39.152249547,8.234057499,32.729018300,158,0,0
36,12,42,490,40.052249560,-8.565942752,38.627090218,114,0,0
36,13,92,545,45.552249642,-3.565942677,41.530253912,36,0,0
36,14,47,527,43.752249615,-8.065942744,41.654140766,219,0,0
36,15,58,544,45.452249641,-6.965942728,42.717233927,32,0,0
37,1,203,196,10.658846070,7.533100469,9.048266100,41,0,1
37,2,209,178,8.858846043,8.133100478,10.673666919,17,0,0
37,3,152,408,31.858846386,2.433100393,14.580985350,95,0,0
37,4,182,427,33.758846414,5.433100438,15.081894619,86,0,0
37,5,135,407,31.758846384,0.733100368,15.447264167,232,0,0
37,6,192,438,34.858846431,6.433100453,15.882552595,11,0,0
37,7,144,422,33.258846407,1.633100382,16.193028854,105,0,0
37,8,203,447,35.758846444,7.533100469,16.564330306,60,0,0
37,9,181,446,35.658846443,5.333100437,16.930805242,52,0,0
37,10,141,443,35.358846438,1.333100377,18.166717725,78,0,0
37,11,211,479,38.958846492,8.333100481,19.652683323,168,0,0
37,12,99,441,35.158846435,-2.866899685,20.342737606,18,0,0
37,13,14,277,18.758846191,-11.366899812,21.341161542,231,0,0
37,14,42,490,40.058846508,-8.566899770,27.772395361,114,0,0
37,15,92,545,45.558846590,-3.566899696,29.474829965,36,0,0
37,16,47,527,43.758846563,-8.066899763,30.327891826,220,0,0
37,17,58,544,45.458846589,-6.966899747,31.098524588,32,0,0
38,1,206,177,8.758846042,7.833100474,2.242875734,16,0,1
38,2,14,277,18.758846191,-11.366899812,20.228365427,231,0,0
38,3,137,394,30.458846365,0.933100371,20.532472661,123,0,0
38,4,152,408,31.858846386,2.433100393,21.480231345,95,0,0
38,5,182,427,33.758846414,5.433100438,22.899819796,86,0,0
38,6,144,422,33.258846407,1.633100382,23.029445596,105,0,0
38,7,134,422,33.258846407,0.633100367,23.295124130,125,0,0
38,8,192,438,34.858846431,6.433100453,23.939895013,11,0,0
38,9,181,446,35.658846443,5.333100437,24.801738453,52,0,0
38,10,203,447,35.758846444,7.533100469,24.825889475,60,0,0
38,11,141,443,35.358846438,1.333100377,25.139833015,78,0,0
38,12,99,441,35.158846435,-2.866899685,26.266568128,18,0,0
38,13,211,479,38.958846492,8.333100481,28.044192101,168,0,0
38,14,42,490,40.058846508,-8.566899770,33.160017832,114,0,0
38,15,47,527,43.758846563,-8.066899763,36.238040880,220,0,0
38,16,92,545,45.558846590,-3.566899696,36.285960294,36,0,0
38,17,58,544,45.458846589,-6.966899747,37.351322480,32,0,0
39,1,14,277,18.758846191,-11.366899812,21.913700898,231,0,1
39,2,137,394,30.458846365,0.933100371,22.782490615,123,0,0
39,3,152,408,31.858846386,2.433100393,23.705957842,95,0,0
39,4,182,427,33.758846414,5.433100438,25.049302592,86,0,0
39,5,144,422,33.258846407,1.633100382,25.261985651,105,0,0
39,6,134,422,33.258846407,0.633100367,25.539578297,125,0,0
39,7,192,438,34.858846431,6.433100453,26.056679082,11,0,0
39,8,203,447,35.758846444,7.533100469,26.905653037,60,0,0
39,9,181,446,35.658846443,5.333100437,26.949013319,52,0,0
39,10,141,443,35.358846438,1.333100377,27.369128879,78,0,0
39,11,99,441,35.158846435,-2.866899685,28.525411416,18,0,0
39,12,211,479,38.958846492,8.333100481,30.098143015,168,0,0
39,13,42,490,40.058846508,-8.566899770,35.410443296,114,0,0
39,14,47,527,43.758846563,-8.066899763,38.496129150,220,0,0
39,15,92,545,45.558846590,-3.566899696,38.533288412,36,0,0
39,16,58,544,45.458846589,-6.966899747,39.609999242,32,0,0
40,1,139,387,29.769260361,1.223900346,14.721444683,58,0,1
40,2,148,415,32.569260403,2.123900359,17.208578796,157,0,0
40,3,130,441,35.169260441,0.323900332,17.921409558,89,0,0
40,4,43,489,39.969260513,-8.376099797,19.178657514,113,0,0
40,5,177,429,33.969260423,5.023900402,20.311758231,18,0,0
40,6,191,411,32.169260397,6.423900423,20.355077005,12,0,0
40,7,184,439,34.969260438,5.723900413,21.493112483,70,0,0
40,8,51,513,42.369260549,-7.576099785,21.659823009,104,0,0
40,9,180,448,35.869260452,5.323900407,21.799509212,20,0,0
40,10,202,445,35.569260447,7.523900440,23.258442947,87,0,0
40,11,41,542,45.269260592,-8.576099800,24.435393752,93,0,0
40,12,58,544,45.469260595,-6.876099775,24.827857895,32,0,0
40,13,93,544,45.469260595,-3.376099723,25.579036640,36,0,0
40,14,210,479,38.969260498,8.323900452,26.109684816,158,0,0
41,1,130,441,35.169259843,0.332986849,5.737729770,86,0,1
41,2,183,436,34.669259836,5.632986928,6.600436264,88,0,0
41,3,200,444,35.469259848,7.332986953,8.333141115,63,0,0
41,4,210,479,38.969259900,8.332986968,11.656689707,167,0,0
41,5,54,494,40.469259922,-7.267013264,13.989011279,57,0,0
41,6,43,489,39.969259915,-8.367013280,14.333681584,112,0,0
41,7,93,544,45.469259997,-3.367013206,16.642558377,35,0,0
41,8,59,544,45.469259997,-6.767013257,17.928725380,31,0,0
41,9,43,542,45.269259994,-8.367013280,18.548159277,131,0,0
42,1,173,498,40.869259928,4.632986913,6.755651938,62,0,1
42,2,54,494,40.469259922,-7.267013264,9.327807542,57,0,0
42,3,209,498,40.869259928,8.232986967,9.362753050,12,0,0
42,4,229,418,32.869259809,10.232986997,9.976556708,145,0,0
42,5,43,488,39.869259913,-8.367013280,9.992857668,180,0,0
42,6,218,499,40.969259930,9.132986980,10.164160693,14,0,0
42,7,31,452,36.269259860,-9.567013298,10.196368597,62,0,0
42,8,93,544,45.469259997,-3.367013206,10.772843506,35,0,0
42,9,228,505,41.569259939,10.132986995,11.329769041,823,0,0
42,10,59,544,45.469259997,-6.767013257,12.432474445,31,0,0
42,11,43,542,45.269259994,-8.367013280,13.293718795,131,0,0
43,1,198,459,36.969259870,7.132986950,4.295076111,26,0,1
43,2,92,540,45.069259991,-3.467013207,9.430523423,50,0,0
43,3,247,404,31.469259788,12.032987024,11.624893174,35,0,0
43,4,54,494,40.469259922,-7.267013264,12.104368120,57,0,0
43,5,223,383,29.369259757,9.632986988,12.211077788,1088,0,0
43,6,55,450,36.069259857,-7.167013263,12.829893188,12,0,0
43,7,42,490,40.069259916,-8.467013282,13.314213710,153,0,0
43,8,45,544,45.469259997,-8.167013277,13.885804320,210,0,0
43,9,235,359,26.969259721,10.832987006,14.890401643,13,0,0
44,1,247,404,31.469259788,12.032987024,7.667751576,35,0,1
44,2,222,381,29.169259754,9.532986986,8.517396998,1098,0,0
44,3,235,359,26.969259721,10.832987006,11.015226152,13,0,0
44,4,94,536,44.669259985,-3.267013204,12.691753693,52,0,0
44,5,55,450,36.069259857,-7.167013263,14.308173275,12,0,0
44,6,54,494,40.469259922,-7.267013264,14.692576636,57,0,0
44,7,42,490,40.069259916,-8.467013282,15.792561062,153,0,0
44,8,46,541,45.169259992,-8.067013276,17.061614406,154,0,0
45,1,202,340,25.069326824,7.534578581,7.736312871,32,0,1
45,2,204,318,22.869326791,7.734578584,9.576691288,30,0,0
45,3,93,542,45.269327125,-3.365421581,20.363243401,48,0,0
45,4,56,487,39.769327043,-7.065421636,20.484160790,41,0,0
45,5,39,469,37.969327016,-8.765421661,21.449814321,11,0,0
45,6,51,512,42.269327080,-7.565421644,22.041257967,16,0,0
45,7,40,494,40.469327053,-8.665421660,22.230584579,99,0,0
45,8,18,473,38.369327022,-10.865421693,23.574909678,42,0,0
45,9,46,541,45.169327123,-8.065421651,23.994657932,148,0,0
46,1,203,319,22.969326792,7.634578583,2.400002669,26,0,1
46,2,56,487,39.769327043,-7.065421636,20.342448103,41,0,0
46,3,39,469,37.969327016,-8.765421661,20.414931753,11,0,0
46,4,40,494,40.469327053,-8.665421660,21.976254069,99,0,0
46,5,18,473,38.369327022,-10.865421693,22.334174528,42,0,0
46,6,51,512,42.269327080,-7.565421644,22.512026146,16,0,0
46,7,93,542,45.269327125,-3.365421581,22.590354148,48,0,0
46,8,46,541,45.169327123,-8.065421651,25.069283702,148,0,0
47,1,39,469,37.969327016,-8.765421661,22.391557659,11,0,1
47,2,56,487,39.769327043,-7.065421636,22.449545604,41,0,0
47,3,40,494,40.469327053,-8.665421660,24.052703367,99,0,0
47,4,18,473,38.369327022,-10.865421693,24.253315661,42,0,0
47,5,51,512,42.269327080,-7.565421644,24.673568113,16,0,0
47,6,93,542,45.269327125,-3.365421581,24.891985852,48,0,0
47,7,46,541,45.169327123,-8.065421651,27.277585376,148,0,0
48,1,39,544,45.469856848,-8.775376748,7.741180040,37,0,1
48,2,96,537,44.769856838,-3.075376663,8.892785691,47,0,0
49,1,137,557,46.769856868,1.020248651,9.657606532,17,0,1
49,2,145,548,45.869856854,1.820248663,10.353562673,505,0,0
49,3,165,533,44.369856832,3.820248693,12.363355052,11,0,0
49,4,208,557,46.769856868,8.120248757,16.704982051,23,0,0
50,1,151,549,45.969856856,2.417447736,10.977949606,565,0,1
51,1,153,557,46.769856868,2.609973645,10.119574227,28,0,1
51,2,164,549,45.969856856,3.709973661,11.126293107,11,0,0
51,3,167,552,46.269856860,4.009973666,11.449005345,480,0,0
51,4,174,558,46.869856869,4.709973676,12.212317441,14,0,0
52,1,168,547,45.769856853,4.109973667,11.415345385,708,0,1
52,2,174,558,46.869856869,4.709973676,12.114040223,18,0,0
52,3,180,536,44.669856837,5.309973685,12.615053907,15,0,0
52,4,182,545,45.569856850,5.509973688,12.807091722,14,0,0
52,5,188,531,44.169856829,6.109973697,13.444489686,12,0,0
52,6,200,543,45.369856847,7.309973715,14.603258579,97,0,0
52,7,200,548,45.869856854,7.309973715,14.616586205,23,0,0
52,8,201,535,44.569856835,7.409973716,14.717424705,14,0,0
52,9,213,532,44.269856831,8.609973734,15.931577287,15,0,0
52,10,222,534,44.469856834,9.509973748,16.819797711,12,0,0
52,11,224,540,45.069856842,9.709973751,17.003351131,48,0,0
52,12,224,537,44.769856838,9.709973751,17.008829795,48,0,0
52,13,230,549,45.969856856,10.309973760,17.618116745,36,0,0
52,14,232,556,46.669856866,10.509973763,17.860690876,32,0,0
53,1,174,558,46.869856869,4.709973676,12.060775495,18,0,1
53,2,180,536,44.669856837,5.309973685,12.561481183,15,0,0
53,3,182,545,45.569856850,5.509973688,12.753431581,14,0,0
53,4,188,531,44.169856829,6.109973697,13.391057393,12,0,0
53,5,200,543,45.369856847,7.309973715,14.549594660,97,0,0
53,6,200,548,45.869856854,7.309973715,14.562945799,23,0,0
53,7,201,535,44.569856835,7.409973716,14.663853335,14,0,0
53,8,213,532,44.269856831,8.609973734,15.878061112,15,0,0
53,9,222,534,44.469856834,9.509973748,16.766227363,12,0,0
53,10,224,540,45.069856842,9.709973751,16.949701362,48,0,0
53,11,224,537,44.769856838,9.709973751,16.955210554,48,0,0
53,12,230,549,45.969856856,10.309973760,17.564473550,36,0,0
53,13,232,556,46.669856866,10.509973763,17.807146446,32,0,0
54,1,180,536,44.669856837,5.309973685,12.561481183,15,0,1
54,2,182,545,45.569856850,5.509973688,12.753431581,14,0,0
54,3,188,531,44.169856829,6.109973697,13.391057393,12,0,0
54,4,200,543,45.369856847,7.309973715,14.549594660,97,0,0
54,5,200,548,45.869856854,7.309973715,14.562945799,23,0,0
54,6,201,535,44.569856835,7.409973716,14.663853335,14,0,0
54,7,213,532,44.269856831,8.609973734,15.878061112,15,0,0
54,8,222,534,44.469856834,9.509973748,16.766227363,12,0,0
54,9,224,540,45.069856842,9.709973751,16.949701362,48,0,0
54,10,224,537,44.769856838,9.709973751,16.955210554,48,0,0
54,11,230,549,45.969856856,10.309973760,17.564473550,36,0,0
54,12,232,556,46.669856866,10.509973763,17.807146446,32,0,0
55,1,188,531,44.169856829,6.109973697,12.478016820,12,0,1
55,2,193,545,45.569856850,6.609973704,12.938898992,1193,0,0
56,1,149,539,44.969856841,2.208394227,7.367129697,36,0,1
56,2,163,537,44.769856838,3.608394248,8.774417540,25,0,0
56,3,186,549,45.969856856,5.908394282,11.088373492,33,0,0
56,4,205,559,46.969856871,7.808394311,13.080632605,14,0,0
56,5,208,552,46.269856860,8.108394315,13.304488572,26,0,0
56,6,220,542,45.269856845,9.308394333,14.463007475,542,0,0
56,7,233,556,46.669856866,10.608394352,15.829552748,96,0,0
57,1,14,276,18.669856449,-11.317413521,29.555569063,212,0,1
