policy_decision_id,sim_time_s,map_stamp_s,map_generation,robot_x,robot_y,robot_yaw,candidate_compute_ms,frontier_region_count,candidate_count,distance_eligible_count,selectable_count,suppressed_count,below_1m_count,preferred_min_distance_m,near_frontier_fallback,selected_candidate_id,selected_rank,selected_x,selected_y,selected_distance_m,planner_revalidation_started,outcome,raw_map,canvas_map,mapex_policy_decision_id,ensemble_prediction_ms,all_frontier_scoring_ms,prediction_save_ms,selected_information_gain,selected_score,selected_visible_unknown_cells
1,0.000000000,404.200000000,14,0.000000000,-0.000000000,0.000000000,1117.472941000,2,2,2,2,0,0,1.000000000,0,0,1,-1.984769865,0.025420280,1.984932646,0,selected,decisions/policy_decision_000001/observed_map_raw.npz,decisions/policy_decision_000001/observed_map_canvas.npz,1,925.267091000,139.649211000,13.654102000,66.656127930,33.581052768,1710
2,6.996530056,411.000000000,21,-1.666293919,0.013217067,0.006046642,1577.038797000,14,14,14,14,0,0,1.000000000,0,12,1,-3.148202898,1.714914891,2.256508299,0,selected,decisions/policy_decision_000002/observed_map_raw.npz,decisions/policy_decision_000002/observed_map_canvas.npz,2,1033.713290000,438.325939000,13.266897000,41.105300903,18.216330479,1335
3,17.996043682,421.500000000,32,-2.867741902,1.839573050,-2.820363336,1964.939212000,17,17,17,17,0,0,1.000000000,0,9,1,-8.561273514,1.986580911,5.695429179,0,selected,decisions/policy_decision_000003/observed_map_raw.npz,decisions/policy_decision_000003/observed_map_canvas.npz,3,1140.379356000,712.371438000,17.197291000,84.479171753,14.832801725,3654
4,42.997146606,445.400000000,57,-8.204630400,1.980701829,3.107922538,2096.239604000,26,26,26,26,0,0,1.000000000,0,14,1,-11.110695073,0.733216035,3.162504180,0,selected,decisions/policy_decision_000004/observed_map_raw.npz,decisions/policy_decision_000004/observed_map_canvas.npz,4,1153.373705000,768.624210000,15.218444000,64.952293396,20.538247444,1243
5,54.996144056,457.200000000,69,-10.839216470,0.549031103,2.702665965,2124.453343000,24,24,24,24,0,0,1.000000000,0,4,1,-2.532619923,-7.166784083,11.337254967,0,selected,decisions/policy_decision_000005/observed_map_raw.npz,decisions/policy_decision_000005/observed_map_canvas.npz,5,1181.925498000,718.876582000,20.280927000,115.812019348,10.215172869,3359
6,94.996183157,495.800000000,109,-2.326739263,-6.860586924,-1.358034749,2533.316902000,33,33,33,33,0,0,1.000000000,0,14,1,4.067380175,-4.305912005,6.885573856,0,selected,decisions/policy_decision_000006/observed_map_raw.npz,decisions/policy_decision_000006/observed_map_canvas.npz,6,1330.043381000,932.756102000,15.460797000,78.509239197,11.401989265,2882
7,116.996296406,516.600000000,131,4.120854709,-4.640955342,1.497003933,3016.574709000,38,38,38,38,0,0,1.000000000,0,19,1,2.067380145,-3.533497361,2.333071144,0,selected,decisions/policy_decision_000007/observed_map_raw.npz,decisions/policy_decision_000007/observed_map_canvas.npz,7,1623.382816000,1052.778365000,14.703894000,35.863258362,15.371695138,752
8,127.996020555,527.100000000,142,2.385218003,-3.463992469,-2.899804948,2893.858107000,37,37,37,37,0,0,1.000000000,0,24,1,5.967380204,3.066502737,7.448439681,0,selected,decisions/policy_decision_000008/observed_map_raw.npz,decisions/policy_decision_000008/observed_map_canvas.npz,8,1553.059138000,1050.047414000,13.763287000,57.886478424,7.771624784,1941
9,155.996259928,553.300000000,170,5.940922376,2.741160002,1.462648837,2668.618302000,32,32,32,32,0,0,1.000000000,0,21,1,11.267380282,3.066502737,5.336384706,0,selected,decisions/policy_decision_000009/observed_map_raw.npz,decisions/policy_decision_000009/observed_map_canvas.npz,9,1551.691219000,802.278159000,12.803290000,39.075527191,7.322471925,2300
10,181.996082067,577.900000000,196,11.035560551,2.824516247,0.741741843,2609.261168000,28,28,28,28,0,0,1.000000000,0,25,1,10.767380275,5.766502777,2.954184390,0,selected,decisions/policy_decision_000010/observed_map_raw.npz,decisions/policy_decision_000010/observed_map_canvas.npz,10,1577.000894000,685.551307000,12.955978000,9.589976311,3.246234847,76
11,192.996157646,588.400000000,207,11.032532402,5.548436204,2.221467355,2615.607180000,27,27,27,27,0,0,1.000000000,0,26,1,6.267380208,6.366502786,4.834863842,0,selected,decisions/policy_decision_000011/observed_map_raw.npz,decisions/policy_decision_000011/observed_map_canvas.npz,11,1556.954542000,683.959996000,13.077163000,18.527473450,3.832056922,444
12,236.996273518,630.600000000,251,5.926501694,6.280303404,0.407822231,2279.952878000,22,22,22,22,0,0,1.000000000,0,14,1,6.567113753,-7.435273255,13.730529010,0,selected,decisions/policy_decision_000012/observed_map_raw.npz,decisions/policy_decision_000012/observed_map_canvas.npz,12,1463.351068000,486.728961000,13.047846000,35.113784790,2.557351196,883
13,274.996469259,666.500000000,289,4.941006555,-7.995151867,-0.393316626,2456.721020000,22,22,22,22,0,0,1.000000000,0,0,1,8.266730801,-11.347487481,4.722138904,0,selected,decisions/policy_decision_000013/observed_map_raw.npz,decisions/policy_decision_000013/observed_map_canvas.npz,13,1567.470742000,539.904777000,12.958081000,57.130523682,12.098442007,1226
14,290.996242523,681.600000000,305,7.935058071,-11.363764360,-0.093346821,2417.924776000,22,22,22,22,0,0,1.000000000,0,5,1,8.166730799,-12.372155288,1.034661546,0,selected,decisions/policy_decision_000014/observed_map_raw.npz,decisions/policy_decision_000014/observed_map_canvas.npz,14,1564.514754000,495.315368000,11.271519000,12.075065613,11.670546428,527
15,298.996238470,689.200000000,313,8.513113791,-12.226444932,-1.969532415,2480.481982000,22,22,22,22,0,0,1.000000000,0,7,1,11.766730853,-10.073113098,3.901648622,0,selected,decisions/policy_decision_000015/observed_map_raw.npz,decisions/policy_decision_000015/observed_map_canvas.npz,15,1554.599709000,526.739069000,10.965259000,27.969547272,7.168648430,1110
16,313.995957851,703.400000000,328,11.567087092,-10.361121753,0.933589657,2462.125874000,23,23,23,23,0,0,1.000000000,0,8,1,-8.733269452,-8.373113073,20.397466861,0,selected,decisions/policy_decision_000016/observed_map_raw.npz,decisions/policy_decision_000016/observed_map_canvas.npz,16,1537.234834000,525.938811000,10.784895000,57.424194336,2.815261068,919
17,378.996397495,765.400000000,393,-8.848066712,-8.057455079,-1.237069334,2364.821191000,23,23,23,23,0,0,1.000000000,0,3,1,-8.610827137,-11.595915376,3.546404361,0,selected,decisions/policy_decision_000017/observed_map_raw.npz,decisions/policy_decision_000017/observed_map_canvas.npz,17,1442.365131000,503.301252000,10.252260000,13.201090813,3.722387373,707
18,429.996656179,814.000000000,444,-8.557362221,-9.712452851,-0.990378231,2370.364743000,22,22,22,21,1,0,1.000000000,0,2,1,-11.410827178,-11.395915373,3.313051211,0,selected,decisions/policy_decision_000018/observed_map_raw.npz,decisions/policy_decision_000018/observed_map_canvas.npz,18,1468.339705000,482.663803000,8.573229000,24.540100098,7.407099539,657
19,444.996241570,828.400000000,459,-11.414721366,-11.054404667,-1.470229660,2353.547703000,20,20,20,20,0,0,1.000000000,0,2,1,-6.710827108,-11.395915373,4.716275093,0,selected,decisions/policy_decision_000019/observed_map_raw.npz,decisions/policy_decision_000019/observed_map_canvas.npz,19,1476.766593000,435.440324000,8.883918000,6.581564903,1.395500639,145
20,483.996262789,865.800000000,498,-7.081096698,-11.382801198,-0.330694325,2207.454370000,16,16,16,16,0,0,1.000000000,0,0,1,-3.115429696,-11.897088743,3.998875649,0,selected,decisions/policy_decision_000020/observed_map_raw.npz,decisions/policy_decision_000020/observed_map_canvas.npz,20,1480.682212000,322.082052000,8.876047000,17.310319901,4.328796747,292
21,506.996588945,888.000000000,521,-2.791578249,-11.805245777,-2.875546016,2093.218782000,12,12,12,12,0,0,1.000000000,0,1,1,1.084570367,-9.797088712,4.365457924,0,selected,decisions/policy_decision_000021/observed_map_raw.npz,decisions/policy_decision_000021/observed_map_canvas.npz,21,1434.786728000,241.841982000,10.639665000,14.597686768,3.343907334,95
22,550.995968819,930.200000000,565,2.036961316,-10.239076483,-2.819598476,2080.438776000,11,11,11,11,0,0,1.000000000,0,0,1,1.885124488,-12.002900669,1.770347475,0,selected,decisions/policy_decision_000022/observed_map_raw.npz,decisions/policy_decision_000022/observed_map_canvas.npz,22,1440.318555000,214.118369000,16.236255000,2.807061195,1.585599005,68
23,561.996274948,940.800000000,576,1.716055339,-12.546052503,-0.018709045,2103.564690000,9,9,9,9,0,0,1.000000000,0,3,1,8.885124592,-6.102900581,9.638970933,0,selected,decisions/policy_decision_000023/observed_map_raw.npz,decisions/policy_decision_000023/observed_map_canvas.npz,23,1455.617135000,182.297585000,8.463542000,11.569857597,1.200320831,635
24,597.996860743,975.300000000,612,9.183166446,-6.265361160,2.522586120,2018.556579000,6,6,6,6,0,0,1.000000000,0,1,1,-12.013758835,2.890980311,23.090002826,0,selected,decisions/policy_decision_000024/observed_map_raw.npz,decisions/policy_decision_000024/observed_map_canvas.npz,24,1470.477887000,130.360834000,8.069533000,24.640184402,1.067136483,225
25,686.996215820,1061.200000000,701,-12.057797875,2.590802671,1.499915546,1893.797083000,3,3,3,3,0,0,1.000000000,0,2,1,-1.807909157,5.493353825,10.652934897,0,selected,decisions/policy_decision_000025/observed_map_raw.npz,decisions/policy_decision_000025/observed_map_canvas.npz,25,1404.572884000,71.820532000,8.324391000,9.146069527,0.858549274,217
26,729.996118784,1102.300000000,744,-2.128357064,5.503850346,0.063001228,1950.958856000,2,2,2,2,0,0,1.000000000,0,1,1,-10.306332566,5.093890436,8.188244649,0,selected,decisions/policy_decision_000026/observed_map_raw.npz,decisions/policy_decision_000026/observed_map_canvas.npz,26,1422.934938000,42.230429000,7.331557000,6.527482033,0.797177211,69
27,777.996250153,1148.700000000,792,-9.970337597,5.169311578,-3.004802821,1888.063521000,1,1,1,1,0,0,1.000000000,0,0,1,-12.304000765,-8.405853099,13.774290537,0,selected,decisions/policy_decision_000027/observed_map_raw.npz,decisions/policy_decision_000027/observed_map_canvas.npz,27,1421.324871000,25.757072000,7.976661000,0.982268035,0.071311697,23
28,824.996433973,1193.900000000,839,-12.427038157,-8.122397884,-1.448009632,1885.664276000,0,0,0,0,0,0,1.000000000,0,,,nan,nan,nan,0,no_selection,decisions/policy_decision_000028/observed_map_raw.npz,decisions/policy_decision_000028/observed_map_canvas.npz,,nan,nan,7.071580000,nan,nan,nan
29,826.960695267,1193.900000000,839,-12.427038157,-8.122397884,-1.448009632,1860.545133000,0,0,0,0,0,0,1.000000000,0,,,nan,nan,nan,0,no_selection,decisions/policy_decision_000029/observed_map_raw.npz,decisions/policy_decision_000029/observed_map_canvas.npz,,nan,nan,7.179939000,nan,nan,nan
30,828.915462017,1194.900000000,840,-12.427038157,-8.122397884,-1.448009632,1898.285632000,0,0,0,0,0,0,1.000000000,0,,,nan,nan,nan,0,no_selection,decisions/policy_decision_000030/observed_map_raw.npz,decisions/policy_decision_000030/observed_map_canvas.npz,,nan,nan,8.761260000,nan,nan,nan
31,830.872064829,1195.800000000,841,-12.427038157,-8.122397884,-1.448009632,1846.358472000,0,0,0,0,0,0,1.000000000,0,,,nan,nan,nan,0,no_selection,decisions/policy_decision_000031/observed_map_raw.npz,decisions/policy_decision_000031/observed_map_canvas.npz,,nan,nan,8.040733000,nan,nan,nan
32,832.779900789,1196.900000000,842,-12.427038157,-8.122397884,-1.448009632,1860.998698000,0,0,0,0,0,0,1.000000000,0,,,nan,nan,nan,0,no_selection,decisions/policy_decision_000032/observed_map_raw.npz,decisions/policy_decision_000032/observed_map_canvas.npz,,nan,nan,7.855381000,nan,nan,nan
33,834.710568666,1197.800000000,843,-12.427038157,-8.122397884,-1.448009632,1869.640516000,0,0,0,0,0,0,1.000000000,0,,,nan,nan,nan,0,no_selection,decisions/policy_decision_000033/observed_map_raw.npz,decisions/policy_decision_000033/observed_map_canvas.npz,,nan,nan,10.328766000,nan,nan,nan
34,836.643624306,1198.800000000,844,-12.427038157,-8.122397884,-1.448009632,1875.826999000,0,0,0,0,0,0,1.000000000,0,,,nan,nan,nan,0,no_selection,decisions/policy_decision_000034/observed_map_raw.npz,decisions/policy_decision_000034/observed_map_canvas.npz,,nan,nan,10.493653000,nan,nan,nan
35,838.996125698,1207.700000000,853,-12.427038157,-8.122397884,-1.448009632,1910.182126000,0,0,0,0,0,0,1.000000000,0,,,nan,nan,nan,0,no_selection,decisions/policy_decision_000035/observed_map_raw.npz,decisions/policy_decision_000035/observed_map_canvas.npz,,nan,nan,8.192406000,nan,nan,nan
