policy_decision_id,candidate_id,raw_rank,policy_rank,row,col,x,y,distance_cells,distance_m,region_size,below_1m,distance_eligible,near_frontier_fallback,execution_suppressed,planner_suppressed,selectable,status,selected,execution_result
6,r114_c187,1,1,114,187,5.921251280,4.208354286,51.796766642,5.179676741,59,0,1,0,0,0,1,selected,1,
6,r133_c199,2,2,133,199,7.121251298,6.108354315,62.436281106,6.243628204,19,0,1,0,0,0,1,ranked,0,
6,r123_c200,3,3,123,200,7.221251299,5.108354300,63.270084430,6.327008537,14,0,1,0,0,0,1,ranked,0,
6,r109_c204,4,4,109,204,7.621251305,3.708354279,69.509695842,6.950969688,12,0,1,0,0,0,1,ranked,0,
6,r68_c199,5,5,68,199,7.121251298,-0.391645782,85.674952415,8.567495369,67,0,1,0,0,0,1,ranked,0,
6,r50_c180,6,6,50,180,5.221251269,-2.191645809,88.243020249,8.824302156,86,0,1,0,0,0,1,ranked,0,
6,r100_c49,7,7,100,49,-7.878748926,2.808354265,91.903287208,9.190328858,94,0,1,0,0,0,1,ranked,0,
6,r35_c150,8,8,35,150,2.221251225,-3.691645831,92.910796341,9.291079773,62,0,1,0,0,0,1,ranked,0,
6,r34_c139,9,9,34,139,1.121251208,-3.791645833,93.000957625,9.300095901,33,0,1,0,0,0,1,ranked,0,
6,r78_c233,10,10,78,233,10.521251348,0.608354233,107.900576156,10.790057776,53,0,1,0,0,0,1,ranked,0,
6,r91_c35,11,11,91,35,-9.278748947,1.908354252,108.021875631,10.802187724,77,0,1,0,0,0,1,ranked,0,
6,r67_c234,12,12,67,234,10.621251350,-0.491645784,114.167863934,11.416786563,134,0,1,0,0,0,1,ranked,0,
6,r107_c22,13,13,107,22,-10.578748966,3.508354276,116.579227101,11.657922884,24,0,1,0,0,0,1,ranked,0,
6,r26_c77,14,14,26,77,-5.078748884,-4.591645845,117.383198910,11.738320066,100,0,1,0,0,0,1,ranked,0,
6,r39_c58,15,15,39,58,-6.978748912,-3.291645825,118.143654311,11.814365607,31,0,1,0,0,0,1,ranked,0,
6,r20_c190,16,16,20,190,6.221251284,-5.191645854,119.450006398,11.945000818,88,0,1,0,0,0,1,ranked,0,
6,r21_c59,17,17,21,59,-6.878748911,-5.091645852,131.500406535,13.150040849,68,0,1,0,0,0,1,ranked,0,
6,r45_c241,18,18,45,241,11.321251360,-2.691645817,132.537862418,13.253786439,102,0,1,0,0,0,1,ranked,0,
6,r48_c24,19,19,48,24,-10.378748963,-2.391645812,137.744291809,13.774429386,59,0,1,0,0,0,1,ranked,0,
6,r34_c22,20,20,34,22,-10.578748966,-3.791645833,147.770917112,14.777091931,11,0,1,0,0,0,1,ranked,0,
6,r37_c5,21,21,37,5,-12.278748991,-3.491645828,159.629120252,15.962912263,49,0,1,0,0,0,1,ranked,0,
