sample_id,event,progress_step,distance_m,residual_m,receive_time_s,source_map_stamp_s,map_age_s,repeated_sample,raw_map_file,raw_map_sha256,cutoff_detection_overshoot_m
1,initial,0,0.000000000,0.000000000,1790228959.546639442,90.600000000,1790228869.434949636,0,maps/paper500_0001_initial_k0000_raw.npz,e66b5d6b7d7bee62a7dcde6a369be3a36a3677af2ae96d51ab583b3b837c1c35,0.000000000
2,progress,10,3.027927797,0.027927797,1790228975.553631783,105.700000000,1790228870.549033880,0,maps/paper500_0002_progress_k0010_raw.npz,f4903a1b051eaaca1ea14e042c55a632deb1cd93230e28544ebc027b5f05e1f9,0.000000000
3,progress,20,6.026427363,0.026427363,1790228990.550341129,119.800000000,1790228871.781669140,0,maps/paper500_0003_progress_k0020_raw.npz,f1aa3001c29ac6e652c7d8ac57901cc4b9f1337a779a8f7f3ed43e275de8e846,0.000000000
4,progress,30,9.018385914,0.018385914,1790228997.552372932,126.100000000,1790228872.398428679,0,maps/paper500_0004_progress_k0030_raw.npz,e8fc52b797471cc4a9050df377a949298da31e5f458d3d537747997d02d97805,0.000000000
5,progress,40,12.022771810,0.022771810,1790229005.557582617,132.600000000,1790228873.623099089,0,maps/paper500_0005_progress_k0040_raw.npz,86e9fd0327b73fdcf50c80214bb92ded356d7ea2d5293bf7b5984f761e84ed60,0.000000000
6,progress,50,15.017557956,0.017557956,1790229022.560013294,146.200000000,1790228877.032046080,0,maps/paper500_0006_progress_k0050_raw.npz,376344182335b463cea3adba692591639d62044a4fb30fe8b44ef39c82777825,0.000000000
7,progress,60,18.017463150,0.017463150,1790229042.561762333,162.400000000,1790228880.920778513,0,maps/paper500_0007_progress_k0060_raw.npz,0ab09b5ac1e57751da8331b2ef569cef777edd078f35171e7a51900e3a339da9,0.000000000
8,progress,70,21.024135070,0.024135070,1790229050.562846899,168.900000000,1790228882.138859510,0,maps/paper500_0008_progress_k0070_raw.npz,5edf7f501fc3045fb61675b55bea77e99b1801d3087501ea9471aff698b34a1e,0.000000000
9,progress,80,24.010794131,0.010794131,1790229057.563096523,174.500000000,1790228883.973525047,0,maps/paper500_0009_progress_k0080_raw.npz,ca14be8b887086f78b6aef85f140699162ba72e53ba866f5a0c5e6ecb2590049,0.000000000
10,progress,90,27.019239192,0.019239192,1790229065.572480917,180.900000000,1790228885.103770494,0,maps/paper500_0010_progress_k0090_raw.npz,5ccefc0414585ab101738d0d23120af02889df815a6aa005ef09230a7a13bd74,0.000000000
11,progress,100,30.017983140,0.017983140,1790229072.574171543,186.600000000,1790228886.794189930,0,maps/paper500_0011_progress_k0100_raw.npz,1736608fcea9fcd91da2e892fa8d3300b9a2bd15b342ae5d25311bd4f15f9f50,0.000000000
12,progress,110,33.021230806,0.021230806,1790229087.565726042,200.200000000,1790228888.355726480,0,maps/paper500_0012_progress_k0110_raw.npz,219e3e092cad3cf3307f304d86cbe7f76de2ddc1068e10c702f9e08365aa955e,0.000000000
13,progress,120,36.020611047,0.020611047,1790229107.569600344,218.500000000,1790228889.593958139,0,maps/paper500_0013_progress_k0120_raw.npz,6753d7d40813a0910a14fa523ed2b793e9d9cfba851da793c1f0bc5a894ea0c1,0.000000000
14,progress,130,39.018770084,0.018770084,1790229114.575147867,224.900000000,1790228889.780611515,0,maps/paper500_0014_progress_k0130_raw.npz,7f54558ab829fd572ae2b1ed6687737c24535788e7dc9f9e256c99772d99a5d6,0.000000000
15,progress,140,42.025803307,0.025803307,1790229120.574683428,230.500000000,1790228890.604055643,0,maps/paper500_0015_progress_k0140_raw.npz,5a2dec93b651cf434c0e4c296c67b266ad838604b8fd530383b45422b1511119,0.000000000
16,progress,150,45.016210829,0.016210829,1790229134.576822996,243.300000000,1790228892.041301012,0,maps/paper500_0016_progress_k0150_raw.npz,dacd35dddb54eaa76623287b9e1bd4e2ba4fa13e2a5fd0be8ad62468cb36ea32,0.000000000
17,progress,160,48.011794417,0.011794417,1790229149.575530767,257.000000000,1790228892.622516394,0,maps/paper500_0017_progress_k0160_raw.npz,048d784ff209e6f22e8ca85db4fe6a1a323d0306bf54054f69e9213bd6e72637,0.000000000
18,progress,170,51.024366867,0.024366867,1790229164.579859018,270.700000000,1790228894.253959894,0,maps/paper500_0018_progress_k0170_raw.npz,92b872afb7d069a0d4f7f04de62d85a0011a727489a25ee3a771d0b5c4c73f17,0.000000000
19,progress,180,54.020405099,0.020405099,1790229171.581905127,276.800000000,1790228895.064028502,0,maps/paper500_0019_progress_k0180_raw.npz,ddae1ddd8dffc77fe746d0e628eac18668de3f969ffaf237c5d213d2c752b2c3,0.000000000
20,progress,190,57.009991621,0.009991621,1790229187.594970703,291.400000000,1790228896.907214165,0,maps/paper500_0020_progress_k0190_raw.npz,c7d93c6ca65a209b62976c0dd06a570520f9e97fc981a2a60eedf55f44a74d65,0.000000000
21,progress,200,60.010363654,0.010363654,1790229197.582529545,300.600000000,1790228897.036553860,0,maps/paper500_0021_progress_k0200_raw.npz,a62d81eb050dbc9c0bd2414f7d5150842c450731082cf51383d2ca626a043862,0.000000000
22,progress,210,63.017236896,0.017236896,1790229206.583313465,309.000000000,1790228897.737318993,0,maps/paper500_0022_progress_k0210_raw.npz,ee1da42e8c43a01c822e39f25f37226905db2afade6d242229dfa458a97a5383,0.000000000
23,progress,220,66.014299096,0.014299096,1790229212.584299564,314.600000000,1790228898.610314131,0,maps/paper500_0023_progress_k0220_raw.npz,0ae20748c1eab35b98d9f1d4dc176299046d24fd60b34e58abfcdc2ac99242dd,0.000000000
24,progress,230,69.016025336,0.016025336,1790229219.588577032,321.100000000,1790228898.599165440,0,maps/paper500_0024_progress_k0230_raw.npz,9e4a470723a2e479b52a857b205d22b149f2c6e4c3fda015171dcb98f6db1c1a,0.000000000
25,progress,240,72.013914188,0.013914188,1790229225.595666647,326.600000000,1790228899.551771402,0,maps/paper500_0025_progress_k0240_raw.npz,b7300e29f87ece41893222444dd7245222964868748eee5431bdd9a3448c8294,0.000000000
26,progress,250,75.020683138,0.020683138,1790229231.596762419,332.200000000,1790228900.430048943,0,maps/paper500_0026_progress_k0250_raw.npz,ad502bb3d8c6819800e397a474a719bbdd909d7537914939e707e295014fddb5,0.000000000
27,progress,260,78.016573679,0.016573679,1790229246.598923445,345.800000000,1790228901.710731506,0,maps/paper500_0027_progress_k0260_raw.npz,d7e64ed8e739f023338e39ab02245073f535dce0716e7fa1f23bf48c6f7731ce,0.000000000
28,progress,270,81.007457347,0.007457347,1790229262.601107359,360.600000000,1790228902.510871887,0,maps/paper500_0028_progress_k0270_raw.npz,683f088961a316ddd6ef1fd7cfc5014510c20594f9d6e2c4dfdd719f8ce917a0,0.000000000
29,progress,280,84.021142003,0.021142003,1790229270.592969656,368.000000000,1790228903.532301426,0,maps/paper500_0029_progress_k0280_raw.npz,96181a2829bc2818f2ecc9aaff39788618ae042928fbce0f7e4ce55e97e9cb52,0.000000000
30,progress,290,87.015818003,0.015818003,1790229277.606547117,374.500000000,1790228903.522068262,0,maps/paper500_0030_progress_k0290_raw.npz,3f2f1c956c8ce9a3ae2de89b28dd1ae51531bb77432f4262a3147cd5f420b39c,0.000000000
31,progress,300,90.004857060,0.004857060,1790229291.627404451,387.200000000,1790228905.257127047,0,maps/paper500_0031_progress_k0300_raw.npz,3fa1c7b17200ce6c0f7d9f6308acf3131586d9d9361d6b3c7e2eed02b1d2b828,0.000000000
32,progress,310,93.024667814,0.024667814,1790229299.603263140,394.500000000,1790228906.059218168,0,maps/paper500_0032_progress_k0310_raw.npz,c9f2b672eed5903818e7ae3ebbeebb53219ec77261112c47a9a9ddece176c15e,0.000000000
33,progress,320,96.018066907,0.018066907,1790229313.601889610,407.600000000,1790228906.349241018,0,maps/paper500_0033_progress_k0320_raw.npz,0fcbf9dffa31aa3d485b9e80b2f3a1e7dcc8868a626337f0d7c36cc961f27a42,0.000000000
34,progress,330,99.013641994,0.013641994,1790229319.610333681,413.200000000,1790228907.286517143,0,maps/paper500_0034_progress_k0330_raw.npz,644100b36b663a47490a74446d06c5fe8693550115a1f65a3e8f07a7538a6d7a,0.000000000
35,progress,340,102.024657565,0.024657565,1790229338.608599901,429.400000000,1790228909.316730976,0,maps/paper500_0035_progress_k0340_raw.npz,a8fabb6066760ac7efe7c6dc830a8d3cc529bb795bf0defd484682bf8a34d84b,0.000000000
36,progress,350,105.009795280,0.009795280,1790229344.606194973,435.000000000,1790228910.105260611,0,maps/paper500_0036_progress_k0350_raw.npz,e8fddcfdd9469ce4230a69ecc52eafcdfeb62521d5643acdf3224ae1277f09d0,0.000000000
37,progress,360,108.010445516,0.010445516,1790229350.607257128,440.700000000,1790228910.825681686,0,maps/paper500_0037_progress_k0360_raw.npz,38eb50599935b3ba18a94e0fd675f7cb9a477756883fa318618dabc7413d9d9b,0.000000000
38,progress,370,111.023589228,0.023589228,1790229357.619898319,446.700000000,1790228911.897186279,0,maps/paper500_0038_progress_k0370_raw.npz,f3fe5824580a38908b083ca11234603f1535001b18dc410f80339cb9b75315ea,0.000000000
39,progress,380,114.012703165,0.012703165,1790229364.621682405,452.600000000,1790228913.047291994,0,maps/paper500_0039_progress_k0380_raw.npz,7db4707a864baf025291d6450f137c5d4576e956dcf4976dac8d09e37be430f6,0.000000000
40,progress,390,117.010597625,0.010597625,1790229372.622940063,459.400000000,1790228913.360151291,0,maps/paper500_0040_progress_k0390_raw.npz,420546831259e18da91656fed62ca8469709818e88374e4b953b76873c21a104,0.000000000
41,progress,400,120.001275064,0.001275064,1790229415.628083467,495.600000000,1790228920.289338827,0,maps/paper500_0041_progress_k0400_raw.npz,6458902fede2d40f863f6a0ef4c0fb2c007e98397398fdc9b227eb4f8215a2a9,0.000000000
42,progress,410,125.007596056,0.207596056,1790229475.627750397,547.800000000,1790228940.812725544,0,maps/paper500_0042_progress_k0410_raw.npz,f5eaa2afa697c7be1b1b1a6f581e2d38e88b1449cf74fac93a056ad61efd529c,0.000000000
43,progress,420,126.011995335,0.011995335,1790229496.617457867,565.200000000,1790228932.266486168,0,maps/paper500_0043_progress_k0420_raw.npz,c6184c77ab4f91ec4724befb65cf276d03414772add9da533ec9588eb0740004,0.000000000
44,progress,430,129.019608104,0.019608104,1790229505.624246359,573.100000000,1790228933.263607025,0,maps/paper500_0044_progress_k0430_raw.npz,3e787d888a9d3d366b9d8b65bc8560ce8b1f0fcb2d93b7142a739401bc0f5116,0.000000000
45,progress,440,132.014990451,0.014990451,1790229512.621606350,579.200000000,1790228934.031007767,0,maps/paper500_0045_progress_k0440_raw.npz,f9893d7cfa29ec034989d0c717d05ef735a7cf907f589b4879ad80850d8cb903,0.000000000
46,progress,450,135.017473634,0.017473634,1790229519.627702475,585.400000000,1790228934.686167240,0,maps/paper500_0046_progress_k0450_raw.npz,61c0e1840ad2263b0eb14dd45c8412c7478ae651e351852beabdf97a7d12506c,0.000000000
47,progress,460,138.013352718,0.013352718,1790229532.625496149,596.600000000,1790228936.194150925,0,maps/paper500_0047_progress_k0460_raw.npz,6eb95d28e02338b8584fc449741ef908286d9639a53aebddd383962115c29439,0.000000000
48,progress,470,141.025287042,0.025287042,1790229541.628765583,604.500000000,1790228938.171828747,0,maps/paper500_0048_progress_k0470_raw.npz,d9fba72de2b3c43843b6425e4d3d32dc40a1754c41c168b88e6ea489e2b68559,0.000000000
49,progress,480,144.017321905,0.017321905,1790229548.614786625,611.000000000,1790228937.980251074,0,maps/paper500_0049_progress_k0480_raw.npz,53d1ce79a8c0c31b513a2e3d2245f0769081ee207a4a6ab021ecaf679ed72867,0.000000000
50,progress,490,147.010160840,0.010160840,1790229554.618082762,616.800000000,1790228938.451127291,0,maps/paper500_0050_progress_k0490_raw.npz,8ef75ba01f00c44951be53f97cdbe8af4d4c4f931290a35f123e237145fea605,0.000000000
51,progress,500,150.017418880,0.017418880,1790229561.630257845,623.300000000,1790228938.420526743,0,maps/paper500_0051_progress_k0500_raw.npz,43c124bbcdfcb8514c548e872e9da025ae2096974d606435f54db03585c34db9,0.007418883
52,budget_cutoff,500,150.037418873,0.037418873,1790229561.630257845,623.300000000,1790228938.455803156,1,maps/paper500_0052_budget_cutoff_k0500_raw.npz,43c124bbcdfcb8514c548e872e9da025ae2096974d606435f54db03585c34db9,0.007418883
53,post_cancellation,500,150.067418864,0.067418864,1790229561.630257845,623.300000000,1790228938.527368546,1,maps/paper500_0053_post_cancellation_k0500_raw.npz,43c124bbcdfcb8514c548e872e9da025ae2096974d606435f54db03585c34db9,0.057418867
