Distance (m),NF Mean,NF Std,NF N,MapEx Mean,MapEx Std,MapEx N
0.000000000,0.026080576,0.000000000,10,0.026080576,0.000000000,10
5.000000000,0.065905182,0.003401999,10,0.085215149,0.004452765,10
10.000000000,0.084136948,0.002704313,10,0.091617786,0.002533461,10
15.000000000,0.089890128,0.004948475,10,0.093844864,0.005557623,10
20.000000000,0.088489692,0.004512627,10,0.094705659,0.008797351,10
25.000000000,0.086663397,0.005005394,10,0.095562515,0.009959568,10
30.000000000,0.088480762,0.004991493,10,0.095202350,0.010962160,10
35.000000000,0.090510658,0.004344709,10,0.099887567,0.010342438,10
40.000000000,0.096537237,0.005951416,10,0.103333680,0.010669812,10
45.000000000,0.098075422,0.006726172,10,0.105762697,0.009637160,10
50.000000000,0.096737377,0.006500167,10,0.106697489,0.007699829,10
55.000000000,0.095392861,0.007714288,10,0.108448705,0.007237938,10
60.000000000,0.094206709,0.007405187,10,0.113533691,0.009802212,10
65.000000000,0.094409186,0.006448227,10,0.118843674,0.007235474,10
70.000000000,0.095431194,0.005025334,10,0.126388603,0.008640703,10
75.000000000,0.096900429,0.004995141,10,0.128307957,0.009680741,10
80.000000000,0.101346718,0.007937157,10,0.129201883,0.009183227,10
85.000000000,0.109632844,0.011129219,10,0.129749142,0.008973657,10
90.000000000,0.110504549,0.008387204,10,0.130319463,0.008801822,10
95.000000000,0.113016500,0.007381437,10,0.130630498,0.009146971,10
100.000000000,0.111835361,0.007207290,10,0.129920759,0.009640085,10
105.000000000,0.111858221,0.007613766,10,0.130223124,0.008631266,10
110.000000000,0.111910772,0.008602079,10,0.130194105,0.008477950,10
115.000000000,0.110791064,0.009814843,10,0.129825114,0.009222449,10
120.000000000,0.106846397,0.009247602,10,0.130126813,0.009594049,10
125.000000000,0.102431614,0.009318547,10,0.131892510,0.010345146,10
130.000000000,0.098295303,0.008327857,10,0.134122876,0.011204427,10
135.000000000,0.096896606,0.007583106,10,0.134798943,0.010988913,10
140.000000000,0.097043925,0.008673014,10,0.135097992,0.011435972,10
145.000000000,0.095991907,0.007558051,10,0.134987482,0.011732870,10
150.000000000,0.094471410,0.006156901,10,0.134779100,0.012182901,10
155.000000000,0.096057052,0.006110484,10,0.134442517,0.012910465,10
160.000000000,0.098294879,0.007041878,10,0.134043781,0.013728311,10
165.000000000,0.099091142,0.007782844,10,0.134010128,0.013756713,10
170.000000000,0.099150745,0.007958154,10,0.134015367,0.013702943,10
175.000000000,0.099967395,0.007612488,10,0.134101609,0.013621574,10
180.000000000,0.101561187,0.008310251,10,0.134251925,0.013464099,10
185.000000000,0.103608777,0.008641249,10,0.134423810,0.013299356,10
190.000000000,0.104529993,0.008537661,10,0.134483955,0.013054289,10
195.000000000,0.106312910,0.009908901,10,0.134335631,0.013055302,10
