run_id,metric,domain,first_valid,final_valid,final_minus_first,valid_n,total_n,candidate_row_n,excluded_nonfinite_n,paired_finite_n,spearman_rho,rho_reason
mpx_001,OccLowU_share_unknown,TRUTH_FREE,0.013947088623428607,0.24700239808153476,0.23305530945810615,35,35,35,0,35,0.9521274519451672,
mpx_001,OccLowU_share_predOcc,TRUTH_FREE,0.12139357648339684,0.45027322404371584,0.328879647560319,35,35,35,0,35,0.6371421480968177,
mpx_001,PredOcc_share_unknown,TRUTH_FREE,0.11489148789792983,0.5485611510791367,0.4336696631812069,35,35,35,0,35,0.9839072192084382,
mpx_001,PredOcc_median_U,TRUTH_FREE,0.309506356716156,8.079770741353798e-10,-0.30950635590817893,35,35,35,0,35,-0.7971659319269165,
mpx_001,Structural_OccPrecision_LOW,STRUCTURAL_GT,0.6031390134529148,0.8470873786407767,0.2439483651878619,35,35,35,0,35,0.7681985334480059,
mpx_001,Structural_OccPrecision_HIGH,STRUCTURAL_GT,0.13762953367875647,1.0,0.8623704663212435,35,35,35,0,35,0.9886652426019967,
mpx_001,Structural_OccPrecision_LowMinusHigh,STRUCTURAL_GT,0.4655094797741583,-0.15291262135922334,-0.6184221011333817,35,35,35,0,35,-0.8489135175591455,
mpx_001,Structural_Occ_U_MedianGap_WrongMinusCorrect,STRUCTURAL_GT,0.32417544100938755,-2.721738612265767e-09,-0.32417544373112617,35,35,35,0,35,-0.8995361556776303,
mpx_001,FreeLowU_share_unknown,TRUTH_FREE_CONTROL,0.2360998186253049,0.002997601918465228,-0.23310221670683967,35,35,35,0,35,-0.9532523994589113,
mpx_001,PredFree_median_U,TRUTH_FREE_CONTROL,5.684933055451188e-23,9.423610754311085e-05,9.423610754311085e-05,35,35,35,0,35,0.8998173925560662,
mpx_001,Structural_FreePrecision_LOW,STRUCTURAL_GT_CONTROL,0.9803311258278146,0.0,-0.9803311258278146,35,35,35,0,35,-0.5408018104695912,
mpx_001,Structural_FreePrecision_HIGH,STRUCTURAL_GT_CONTROL,0.9248166259168704,0.001976284584980237,-0.9228403413318902,35,35,35,0,35,-0.982219797937822,
mpx_001,Structural_Free_U_MedianGap_WrongMinusCorrect,STRUCTURAL_GT_CONTROL,6.637335144120284e-18,-0.014852419903718328,-0.014852419903718335,35,35,35,0,35,-0.1449776108337716,
mpx_002,OccLowU_share_unknown,TRUTH_FREE,0.013947088623428607,0.25029103608847497,0.23634394746504636,37,37,37,0,37,0.991144558722503,
mpx_002,OccLowU_share_predOcc,TRUTH_FREE,0.12139357648339684,0.4207436399217221,0.29935006343832526,37,37,37,0,37,0.7722910860176662,
mpx_002,PredOcc_share_unknown,TRUTH_FREE,0.11489148789792983,0.5948777648428405,0.4799862769449107,37,37,37,0,37,0.930721969519211,
mpx_002,PredOcc_median_U,TRUTH_FREE,0.309506356716156,1.5170324024760262e-10,-0.30950635656445274,37,37,37,0,37,-0.6985469810845146,
mpx_002,Structural_OccPrecision_LOW,STRUCTURAL_GT,0.6031390134529148,0.9790697674418605,0.3759307539889457,37,37,37,0,37,0.8610218961469098,
mpx_002,Structural_OccPrecision_HIGH,STRUCTURAL_GT,0.13762953367875647,0.9957983193277311,0.8581687856489746,37,37,37,0,37,0.9887657166278851,
mpx_002,Structural_OccPrecision_LowMinusHigh,STRUCTURAL_GT,0.4655094797741583,-0.016728551885870635,-0.48223803166002893,37,37,37,0,37,-0.8588809382617537,
mpx_002,Structural_Occ_U_MedianGap_WrongMinusCorrect,STRUCTURAL_GT,0.32417544100938755,-1.8087575426144198e-10,-0.3241754411902633,37,37,37,0,37,-0.8400880857142733,
mpx_002,FreeLowU_share_unknown,TRUTH_FREE_CONTROL,0.2360998186253049,0.0,-0.2360998186253049,37,37,37,0,37,-0.9941774386532943,
mpx_002,PredFree_median_U,TRUTH_FREE_CONTROL,5.684933055451188e-23,0.00010571928578428924,0.00010571928578428924,37,37,37,0,37,0.8912331907485558,
mpx_002,Structural_FreePrecision_LOW,STRUCTURAL_GT_CONTROL,0.9803311258278146,0.0,-0.9803311258278146,30,37,37,7,30,0.17978113195280113,
mpx_002,Structural_FreePrecision_HIGH,STRUCTURAL_GT_CONTROL,0.9248166259168704,0.0,-0.9248166259168704,37,37,37,0,37,-0.9916682320860587,
mpx_002,Structural_Free_U_MedianGap_WrongMinusCorrect,STRUCTURAL_GT_CONTROL,6.637335144120284e-18,0.00014593807861607022,0.00014593807861606358,28,37,37,9,28,0.4789272030651341,
mpx_003,OccLowU_share_unknown,TRUTH_FREE,0.013947088623428607,0.2504649721016739,0.2365178834782453,41,41,41,0,41,0.982500425659432,
mpx_003,OccLowU_share_predOcc,TRUTH_FREE,0.12139357648339684,0.41140529531568226,0.29001171883228544,41,41,41,0,41,0.6814454823958734,
mpx_003,PredOcc_share_unknown,TRUTH_FREE,0.11489148789792983,0.6088034717916925,0.4939119838937627,41,41,41,0,41,0.9763707438594178,
mpx_003,PredOcc_median_U,TRUTH_FREE,0.309506356716156,1.1847115736346447e-11,-0.30950635670430887,41,41,41,0,41,-0.5618291204127376,
mpx_003,Structural_OccPrecision_LOW,STRUCTURAL_GT,0.6031390134529148,0.9962871287128713,0.3931481152599565,41,41,41,0,41,0.9665632529793948,
mpx_003,Structural_OccPrecision_HIGH,STRUCTURAL_GT,0.13762953367875647,0.990909090909091,0.8532795572303344,41,41,41,0,41,0.9683145906365418,
mpx_003,Structural_OccPrecision_LowMinusHigh,STRUCTURAL_GT,0.4655094797741583,0.005378037803780322,-0.460131441970378,41,41,41,0,41,-0.8343372598648012,
mpx_003,Structural_Occ_U_MedianGap_WrongMinusCorrect,STRUCTURAL_GT,0.32417544100938755,2.779927494797607e-10,-0.3241754407313948,41,41,41,0,41,-0.9080685752306871,
mpx_003,FreeLowU_share_unknown,TRUTH_FREE_CONTROL,0.2360998186253049,0.0006199628022318661,-0.23547985582307304,41,41,41,0,41,-0.9777718139851354,
mpx_003,PredFree_median_U,TRUTH_FREE_CONTROL,5.684933055451188e-23,0.00017617778212297708,0.00017617778212297708,41,41,41,0,41,0.9416942582479084,
mpx_003,Structural_FreePrecision_LOW,STRUCTURAL_GT_CONTROL,0.9803311258278146,0.0,-0.9803311258278146,41,41,41,0,41,-0.2876522701453318,
mpx_003,Structural_FreePrecision_HIGH,STRUCTURAL_GT_CONTROL,0.9248166259168704,0.003401360544217687,-0.9214152653726527,41,41,41,0,41,-0.9882798399280169,
mpx_003,Structural_Free_U_MedianGap_WrongMinusCorrect,STRUCTURAL_GT_CONTROL,6.637335144120284e-18,-0.06854804902832257,-0.06854804902832257,41,41,41,0,41,-0.2655027888234757,
mpx_004,OccLowU_share_unknown,TRUTH_FREE,0.013947088623428607,0.24912770411723656,0.23518061549380795,36,36,36,0,36,0.9478233003371369,
mpx_004,OccLowU_share_predOcc,TRUTH_FREE,0.12139357648339684,0.4779116465863454,0.35651807010294856,36,36,36,0,36,0.67657378674924,
mpx_004,PredOcc_share_unknown,TRUTH_FREE,0.11489148789792983,0.5212840195394278,0.406392531641498,36,36,36,0,36,0.8902150703084692,
mpx_004,PredOcc_median_U,TRUTH_FREE,0.309506356716156,5.7302902006783896e-11,-0.3095063566588531,36,36,36,0,36,-0.8561151314574194,
mpx_004,Structural_OccPrecision_LOW,STRUCTURAL_GT,0.6031390134529148,0.988795518207283,0.3856565047543682,36,36,36,0,36,0.9165650230570077,
mpx_004,Structural_OccPrecision_HIGH,STRUCTURAL_GT,0.13762953367875647,1.0,0.8623704663212435,36,36,36,0,36,0.9801534036480256,
mpx_004,Structural_OccPrecision_LowMinusHigh,STRUCTURAL_GT,0.4655094797741583,-0.011204481792717047,-0.47671396156687534,36,36,36,0,36,-0.8969317249306458,
mpx_004,Structural_Occ_U_MedianGap_WrongMinusCorrect,STRUCTURAL_GT,0.32417544100938755,-5.844924774755546e-11,-0.3241754410678368,36,36,36,0,36,-0.9754649174360941,
mpx_004,FreeLowU_share_unknown,TRUTH_FREE_CONTROL,0.2360998186253049,0.0013956734124214933,-0.2347041452128834,36,36,36,0,36,-0.9454983045063835,
mpx_004,PredFree_median_U,TRUTH_FREE_CONTROL,5.684933055451188e-23,0.00011036528667318635,0.00011036528667318635,36,36,36,0,36,0.850948474055745,
mpx_004,Structural_FreePrecision_LOW,STRUCTURAL_GT_CONTROL,0.9803311258278146,0.0,-0.9803311258278146,36,36,36,0,36,-0.7174596396476811,
mpx_004,Structural_FreePrecision_HIGH,STRUCTURAL_GT_CONTROL,0.9248166259168704,0.0,-0.9248166259168704,36,36,36,0,36,-0.9875785430058192,
mpx_004,Structural_Free_U_MedianGap_WrongMinusCorrect,STRUCTURAL_GT_CONTROL,6.637335144120284e-18,0.00011003413231946979,0.00011003413231946315,36,36,36,0,36,0.4389075462722256,
mpx_005,OccLowU_share_unknown,TRUTH_FREE,0.013947088623428607,0.24784625579854208,0.23389916717511347,34,34,34,0,34,0.9720331905203715,
mpx_005,OccLowU_share_predOcc,TRUTH_FREE,0.12139357648339684,0.46633416458852867,0.34494058810513184,34,34,34,0,34,0.586664550203325,
mpx_005,PredOcc_share_unknown,TRUTH_FREE,0.11489148789792983,0.5314777998674619,0.4165863119695321,34,34,34,0,34,0.8963742236265221,
mpx_005,PredOcc_median_U,TRUTH_FREE,0.309506356716156,4.299020341103077e-11,-0.3095063566731658,34,34,34,0,34,-0.5503728506363564,
mpx_005,Structural_OccPrecision_LOW,STRUCTURAL_GT,0.6031390134529148,1.0,0.39686098654708524,34,34,34,0,34,0.9695727363124413,
mpx_005,Structural_OccPrecision_HIGH,STRUCTURAL_GT,0.13762953367875647,1.0,0.8623704663212435,34,34,34,0,34,0.980952337024118,
mpx_005,Structural_OccPrecision_LowMinusHigh,STRUCTURAL_GT,0.4655094797741583,0.0,-0.4655094797741583,34,34,34,0,34,-0.7333691323511552,
mpx_005,Structural_Occ_U_MedianGap_WrongMinusCorrect,STRUCTURAL_GT,0.32417544100938755,4.158650668273367e-08,-0.32417539942288087,34,34,34,0,34,-0.6626310738731658,
mpx_005,FreeLowU_share_unknown,TRUTH_FREE_CONTROL,0.2360998186253049,0.0026507620941020544,-0.23344905653120285,34,34,34,0,34,-0.9692651795364501,
mpx_005,PredFree_median_U,TRUTH_FREE_CONTROL,5.684933055451188e-23,0.00019736176182050258,0.00019736176182050258,34,34,34,0,34,0.9572704652727911,
mpx_005,Structural_FreePrecision_LOW,STRUCTURAL_GT_CONTROL,0.9803311258278146,0.0,-0.9803311258278146,34,34,34,0,34,-0.19575554623498184,
mpx_005,Structural_FreePrecision_HIGH,STRUCTURAL_GT_CONTROL,0.9248166259168704,0.0,-0.9248166259168704,34,34,34,0,34,-0.9855656886639869,
mpx_005,Structural_Free_U_MedianGap_WrongMinusCorrect,STRUCTURAL_GT_CONTROL,6.637335144120284e-18,0.00013660637341672546,0.00013660637341671882,26,34,34,8,26,0.5705982905982906,
mpx_006,OccLowU_share_unknown,TRUTH_FREE,0.013947088623428607,0.24937965260545905,0.23543256398203044,36,36,36,0,36,0.9512922911494418,
mpx_006,OccLowU_share_predOcc,TRUTH_FREE,0.12139357648339684,0.43838604143947657,0.31699246495607974,36,36,36,0,36,0.7289660557808197,
mpx_006,PredOcc_share_unknown,TRUTH_FREE,0.11489148789792983,0.5688585607940446,0.4539670728961148,36,36,36,0,36,0.9505158316545573,
mpx_006,PredOcc_median_U,TRUTH_FREE,0.309506356716156,2.0691477697898364e-10,-0.30950635650924124,36,36,36,0,36,-0.7243072988115122,
mpx_006,Structural_OccPrecision_LOW,STRUCTURAL_GT,0.6031390134529148,0.9987562189054726,0.39561720545255785,36,36,36,0,36,0.9176457130377761,
mpx_006,Structural_OccPrecision_HIGH,STRUCTURAL_GT,0.13762953367875647,0.9858870967741935,0.848257563095437,36,36,36,0,36,0.9386101193996602,
mpx_006,Structural_OccPrecision_LowMinusHigh,STRUCTURAL_GT,0.4655094797741583,0.01286912213127911,-0.4526403576428792,36,36,36,0,36,-0.8280940512944196,
mpx_006,Structural_Occ_U_MedianGap_WrongMinusCorrect,STRUCTURAL_GT,0.32417544100938755,1.6954136110303164e-07,-0.32417527146802644,36,36,36,0,36,-0.552709750442017,
mpx_006,FreeLowU_share_unknown,TRUTH_FREE_CONTROL,0.2360998186253049,0.0006203473945409429,-0.23547947123076396,36,36,36,0,36,-0.9528452101392111,
mpx_006,PredFree_median_U,TRUTH_FREE_CONTROL,5.684933055451188e-23,0.00017559263505972922,0.00017559263505972922,36,36,36,0,36,0.8759757201456362,
mpx_006,Structural_FreePrecision_LOW,STRUCTURAL_GT_CONTROL,0.9803311258278146,0.0,-0.9803311258278146,36,36,36,0,36,-0.6192954690103373,
mpx_006,Structural_FreePrecision_HIGH,STRUCTURAL_GT_CONTROL,0.9248166259168704,0.008960573476702509,-0.9158560524401679,36,36,36,0,36,-0.9559510481187493,
mpx_006,Structural_Free_U_MedianGap_WrongMinusCorrect,STRUCTURAL_GT_CONTROL,6.637335144120284e-18,-0.06889875889464747,-0.06889875889464747,36,36,36,0,36,-0.430029150250251,
mpx_007,OccLowU_share_unknown,TRUTH_FREE,0.013947088623428607,0.24800531914893617,0.23405823052550756,35,35,35,0,35,0.9870717668365129,
mpx_007,OccLowU_share_predOcc,TRUTH_FREE,0.12139357648339684,0.4372801875732708,0.315886611089874,35,35,35,0,35,0.729195752537629,
mpx_007,PredOcc_share_unknown,TRUTH_FREE,0.11489148789792983,0.567154255319149,0.4522627674212192,35,35,35,0,35,0.9628871024638802,
mpx_007,PredOcc_median_U,TRUTH_FREE,0.309506356716156,2.8346391900413437e-10,-0.3095063564326921,35,35,35,0,35,-0.9252040207669877,
mpx_007,Structural_OccPrecision_LOW,STRUCTURAL_GT,0.6031390134529148,0.9919571045576407,0.388818091104726,35,35,35,0,35,0.9358902678153603,
mpx_007,Structural_OccPrecision_HIGH,STRUCTURAL_GT,0.13762953367875647,0.9952830188679245,0.857653485189168,35,35,35,0,35,0.9806037752019715,
mpx_007,Structural_OccPrecision_LowMinusHigh,STRUCTURAL_GT,0.4655094797741583,-0.0033259143102837285,-0.468835394084442,35,35,35,0,35,-0.786564026165734,
mpx_007,Structural_Occ_U_MedianGap_WrongMinusCorrect,STRUCTURAL_GT,0.32417544100938755,-3.319181965410513e-10,-0.32417544134130577,35,35,35,0,35,-0.7727843918138853,
mpx_007,FreeLowU_share_unknown,TRUTH_FREE_CONTROL,0.2360998186253049,0.0019946808510638296,-0.23410513777424108,35,35,35,0,35,-0.9887590690020452,
mpx_007,PredFree_median_U,TRUTH_FREE_CONTROL,5.684933055451188e-23,0.00017934534116648138,0.00017934534116648138,35,35,35,0,35,0.9246415867118103,
mpx_007,Structural_FreePrecision_LOW,STRUCTURAL_GT_CONTROL,0.9803311258278146,0.0,-0.9803311258278146,35,35,35,0,35,-0.4416922258664178,
mpx_007,Structural_FreePrecision_HIGH,STRUCTURAL_GT_CONTROL,0.9248166259168704,0.001851851851851852,-0.9229647740650185,35,35,35,0,35,-0.9833447454515662,
mpx_007,Structural_Free_U_MedianGap_WrongMinusCorrect,STRUCTURAL_GT_CONTROL,6.637335144120284e-18,-0.2808859100623522,-0.2808859100623522,35,35,35,0,35,-0.23256648181589631,
mpx_008,OccLowU_share_unknown,TRUTH_FREE,0.013947088623428607,0.2485242030696576,0.234577114446229,35,35,35,0,35,0.9673316711790719,
mpx_008,OccLowU_share_predOcc,TRUTH_FREE,0.12139357648339684,0.4317948717948718,0.310401295311475,35,35,35,0,35,0.4939506028479211,
mpx_008,PredOcc_share_unknown,TRUTH_FREE,0.11489148789792983,0.5755608028335301,0.46066931493560026,35,35,35,0,35,0.9732489345332115,
mpx_008,PredOcc_median_U,TRUTH_FREE,0.309506356716156,8.758623167015589e-12,-0.3095063567073974,35,35,35,0,35,-0.9326734143905413,
mpx_008,Structural_OccPrecision_LOW,STRUCTURAL_GT,0.6031390134529148,0.994061757719715,0.3909227442668002,35,35,35,0,35,0.9340822866177174,
mpx_008,Structural_OccPrecision_HIGH,STRUCTURAL_GT,0.13762953367875647,0.9690721649484536,0.8314426312696972,35,35,35,0,35,0.970149415633424,
mpx_008,Structural_OccPrecision_LowMinusHigh,STRUCTURAL_GT,0.4655094797741583,0.024989592771261337,-0.44051988700289696,35,35,35,0,35,-0.8878712775663431,
mpx_008,Structural_Occ_U_MedianGap_WrongMinusCorrect,STRUCTURAL_GT,0.32417544100938755,9.546612863187316e-08,-0.32417534554325894,35,35,35,0,35,-0.7472658292941738,
mpx_008,FreeLowU_share_unknown,TRUTH_FREE_CONTROL,0.2360998186253049,0.0023612750885478157,-0.2337385435367571,35,35,35,0,35,-0.9698676411879887,
mpx_008,PredFree_median_U,TRUTH_FREE_CONTROL,5.684933055451188e-23,0.0005333333392627537,0.0005333333392627537,35,35,35,0,35,0.9250655043637906,
mpx_008,Structural_FreePrecision_LOW,STRUCTURAL_GT_CONTROL,0.9803311258278146,0.0,-0.9803311258278146,35,35,35,0,35,-0.2653861094129912,
mpx_008,Structural_FreePrecision_HIGH,STRUCTURAL_GT_CONTROL,0.9248166259168704,0.0,-0.9248166259168704,35,35,35,0,35,-0.9842161340301835,
mpx_008,Structural_Free_U_MedianGap_WrongMinusCorrect,STRUCTURAL_GT_CONTROL,6.637335144120284e-18,0.000491658007604201,0.0004916580076041944,27,35,35,8,27,0.8626373626373625,
mpx_009,OccLowU_share_unknown,TRUTH_FREE,0.013947088623428607,0.2459214501510574,0.2319743615276288,36,36,36,0,36,0.9499639150216205,
mpx_009,OccLowU_share_predOcc,TRUTH_FREE,0.12139357648339684,0.47325581395348837,0.35186223747009154,36,36,36,0,36,0.7079332397853639,
mpx_009,PredOcc_share_unknown,TRUTH_FREE,0.11489148789792983,0.5196374622356495,0.40474597433771975,36,36,36,0,36,0.9497045037941433,
mpx_009,PredOcc_median_U,TRUTH_FREE,0.309506356716156,4.3473373512181723e-10,-0.30950635628142226,36,36,36,0,36,-0.3468343596534183,
mpx_009,Structural_OccPrecision_LOW,STRUCTURAL_GT,0.6031390134529148,0.9914004914004914,0.3882614779475766,36,36,36,0,36,0.9533362609788244,
mpx_009,Structural_OccPrecision_HIGH,STRUCTURAL_GT,0.13762953367875647,1.0,0.8623704663212435,36,36,36,0,36,0.9795367949540249,
mpx_009,Structural_OccPrecision_LowMinusHigh,STRUCTURAL_GT,0.4655094797741583,-0.008599508599508643,-0.47410898837366694,36,36,36,0,36,-0.9110522309000357,
mpx_009,Structural_Occ_U_MedianGap_WrongMinusCorrect,STRUCTURAL_GT,0.32417544100938755,2.7815449261947567e-07,-0.32417516285489495,36,36,36,0,36,-0.6379943770309993,
mpx_009,FreeLowU_share_unknown,TRUTH_FREE_CONTROL,0.2360998186253049,0.004229607250755287,-0.23187021137454963,36,36,36,0,36,-0.9520392048414382,
mpx_009,PredFree_median_U,TRUTH_FREE_CONTROL,5.684933055451188e-23,0.0006863994058221579,0.0006863994058221579,36,36,36,0,36,0.9686818856763442,
mpx_009,Structural_FreePrecision_LOW,STRUCTURAL_GT_CONTROL,0.9803311258278146,0.0,-0.9803311258278146,36,36,36,0,36,-0.4511365001079396,
mpx_009,Structural_FreePrecision_HIGH,STRUCTURAL_GT_CONTROL,0.9248166259168704,0.003436426116838488,-0.9213801998000319,36,36,36,0,36,-0.9868003093233872,
mpx_009,Structural_Free_U_MedianGap_WrongMinusCorrect,STRUCTURAL_GT_CONTROL,6.637335144120284e-18,-0.1557666423614137,-0.1557666423614137,36,36,36,0,36,-0.15384719640492409,
mpx_010,OccLowU_share_unknown,TRUTH_FREE,0.013947088623428607,0.25101685066821616,0.23706976204478755,40,40,40,0,40,0.9809113040184829,
mpx_010,OccLowU_share_predOcc,TRUTH_FREE,0.12139357648339684,0.414985590778098,0.29359201429470116,40,40,40,0,40,0.5918300096285412,
mpx_010,PredOcc_share_unknown,TRUTH_FREE,0.11489148789792983,0.6048808832074375,0.4899893953095077,40,40,40,0,40,0.9803452303603014,
mpx_010,PredOcc_median_U,TRUTH_FREE,0.309506356716156,3.263285822119322e-11,-0.30950635668352316,40,40,40,0,40,-0.7422169114853711,
mpx_010,Structural_OccPrecision_LOW,STRUCTURAL_GT,0.6031390134529148,0.9918981481481481,0.3887591346952334,40,40,40,0,40,0.9661933889057693,
mpx_010,Structural_OccPrecision_HIGH,STRUCTURAL_GT,0.13762953367875647,1.0,0.8623704663212435,40,40,40,0,40,0.9863213775004328,
mpx_010,Structural_OccPrecision_LowMinusHigh,STRUCTURAL_GT,0.4655094797741583,-0.00810185185185186,-0.47361133162601016,40,40,40,0,40,-0.9210961874706595,
mpx_010,Structural_Occ_U_MedianGap_WrongMinusCorrect,STRUCTURAL_GT,0.32417544100938755,-2.3116323959182505e-11,-0.3241754410325039,40,40,40,0,40,-0.9190205840573282,
mpx_010,FreeLowU_share_unknown,TRUTH_FREE_CONTROL,0.2360998186253049,0.0005810575246949448,-0.23551876110060996,40,40,40,0,40,-0.9837416723093892,
mpx_010,PredFree_median_U,TRUTH_FREE_CONTROL,5.684933055451188e-23,0.00026640509895514697,0.00026640509895514697,40,40,40,0,40,0.8971324026076516,
mpx_010,Structural_FreePrecision_LOW,STRUCTURAL_GT_CONTROL,0.9803311258278146,0.0,-0.9803311258278146,40,40,40,0,40,-0.5279351544206694,
mpx_010,Structural_FreePrecision_HIGH,STRUCTURAL_GT_CONTROL,0.9248166259168704,0.0,-0.9248166259168704,40,40,40,0,40,-0.9882123310615917,
mpx_010,Structural_Free_U_MedianGap_WrongMinusCorrect,STRUCTURAL_GT_CONTROL,6.637335144120284e-18,0.00028393091547768146,0.00028393091547767484,31,40,40,9,31,0.5772759380078136,
