decision_id,mapex_policy_decision_id,policy_decision_id,candidate_id,raw_rank,policy_rank,row,col,x,y,distance_cells,distance_m,region_size,below_1m,distance_eligible,near_frontier_fallback,execution_suppressed,planner_suppressed,selectable,status,selected,execution_result,rank_all,rank_selectable,information_gain,score,visible_unknown_cells,ensemble_prediction_ms,all_frontier_scoring_ms,suppressed_planner_blocked
17,17,17,6,1,1,24,207,7.689672163,-10.501485819,164.299328234,16.429933068,92,0,1,0,0,0,1,selected,1,,1,1,35.984565735,2.190183343,761,1447.959707999,377.981782000,0
17,17,17,3,2,2,8,189,5.889672136,-12.101485843,184.061037759,18.406104050,20,0,1,0,0,0,1,ranked,0,,2,2,30.350593567,1.648941758,709,1447.959707999,377.981782000,0
17,17,17,1,3,3,9,143,1.289672067,-12.001485841,200.565517555,20.056552054,21,0,1,0,0,0,1,ranked,0,,3,3,23.620233536,1.177681661,275,1447.959707999,377.981782000,0
17,17,17,7,4,4,27,141,1.089672064,-10.201485815,185.998006417,18.599800919,32,0,1,0,0,0,1,ranked,0,,4,4,18.522357941,0.995836354,454,1447.959707999,377.981782000,0
17,17,17,16,5,5,187,10,-12.010328131,5.798514424,228.848831489,22.884883490,61,0,1,0,0,0,1,ranked,0,,5,5,18.605934143,0.813022891,404,1447.959707999,377.981782000,0
17,17,17,15,6,6,182,27,-10.310328106,5.298514416,211.865559610,21.186556277,49,0,1,0,0,0,1,ranked,0,,6,6,16.892910004,0.797341002,401,1447.959707999,377.981782000,0
17,17,17,14,7,7,158,10,-12.010328131,2.898514381,230.450596275,23.045059971,27,0,1,0,0,0,1,ranked,0,,7,7,13.650364876,0.592333667,197,1447.959707999,377.981782000,0
17,17,17,8,8,8,40,136,0.589672057,-8.901485795,177.918191211,17.791819386,16,0,1,0,0,0,1,ranked,0,,8,8,9.552155495,0.536884693,52,1447.959707999,377.981782000,0
17,17,17,17,9,9,185,113,-1.710327977,5.598514421,125.841763438,12.584176531,78,0,1,0,0,0,1,ranked,0,,9,9,6.596621990,0.524199734,228,1447.959707999,377.981782000,0
17,17,17,2,10,10,11,111,-1.910327980,-11.801485838,216.064004029,21.606400725,20,0,1,0,0,0,1,ranked,0,,10,10,10.330775261,0.478134947,301,1447.959707999,377.981782000,0
17,17,17,0,11,11,10,100,-3.010327997,-11.901485840,223.531962530,22.353196586,63,0,1,0,0,0,1,ranked,0,,11,11,10.153669357,0.454237913,288,1447.959707999,377.981782000,0
17,17,17,12,12,12,108,163,3.289672097,-2.101485694,108.209839852,10.820984146,15,0,1,0,0,0,1,ranked,0,,12,12,3.447346210,0.318579730,32,1447.959707999,377.981782000,0
17,17,17,18,13,13,192,197,6.689672148,6.298514431,42.393107709,4.239310834,16,0,1,0,0,0,1,ranked,0,,13,13,1.009849072,0.238210669,23,1447.959707999,377.981782000,0
17,17,17,13,14,14,107,100,-3.010327997,-2.201485695,159.341718445,15.934172082,13,0,1,0,0,0,1,ranked,0,,14,14,2.786638975,0.174884453,27,1447.959707999,377.981782000,0
17,17,17,4,15,15,7,73,-5.710328037,-12.201485844,243.419580223,24.341958385,13,0,1,0,0,0,1,ranked,0,,15,15,3.642695427,0.149646769,56,1447.959707999,377.981782000,0
17,17,17,11,16,16,56,124,-0.610327961,-7.301485771,172.850178216,17.285018079,13,0,1,0,0,0,1,ranked,0,,16,16,2.436144829,0.140939675,125,1447.959707999,377.981782000,0
17,17,17,5,17,17,17,73,-5.710328037,-11.201485829,236.197811060,23.619781458,37,0,1,0,0,0,1,ranked,0,,17,17,2.827552319,0.119711197,61,1447.959707999,377.981782000,0
17,17,17,10,18,18,55,98,-3.210328000,-7.401485773,191.792380972,19.179238383,15,0,1,0,0,0,1,ranked,0,,18,18,0.525921822,0.027421413,32,1447.959707999,377.981782000,0
17,17,17,9,19,19,45,8,-12.210328134,-8.401485788,270.073131967,27.007313599,13,0,1,0,0,0,1,ranked,0,,19,19,0.274113417,0.010149600,16,1447.959707999,377.981782000,0
