phase,case,method,decision,path_m,goal_reached,predicted_patch_cells,actual_patch_cells,actual_patch_wrong_cells,error_weight,predicted_counterfactual_correction_m2
development,kth_50052751__warm15,structural_v2,0,7.300000000000001,True,9,27,3,0.23467284495109736,10.680000000000001
development,kth_50052751__warm5,structural_v2,0,3.8000000000000003,True,57,57,38,0.3254688939417401,14.570000000000002
development,new_room__warm15,structural_v2,0,8.0,True,10,17,12,0.1152882951991743,0.010000000000000002
development,new_room__warm5,structural_v2,0,8.0,True,46,41,12,0.28821207632310275,67.23000000000002
confirmation,kth_50015847__warm5,structural_v2,0,7.300000000000001,True,29,10,1,0.1300708504289005,1183.0400000000002
confirmation,kth_50052753__warm15,structural_v2,0,8.0,True,6,19,0,0.18012497983004624,9.970000000000002
confirmation,kth_50052753__warm5,structural_v2,0,7.7,True,57,48,24,0.33667774454729754,7.400000000000001
confirmation,kth_50052754__warm15,structural_v2,0,4.3,True,6,24,2,0.272176550270392,10.690000000000001
confirmation,kth_50052754__warm15,structural_v2,1,3.7,True,1,29,3,0.27248866887856765,0.030000000000000006
confirmation,kth_50052754__warm5,structural_v2,0,5.800000000000001,True,27,12,5,0.34095656940404995,6.9300000000000015
confirmation,kth_50052754__warm5,structural_v2,1,2.2,True,1,3,0,0.2252756770439349,0.030000000000000006
