time_s,goal_id,decision_id,poses,path_length_m,endpoint_x,endpoint_y,frontier_x,frontier_y,endpoint_error_m,usable
2.267143250,1,1,38,2.012132064,-1.984770802,0.025419879,-1.984770802,0.025419879,0.000000000,1
3.129092693,1,1,34,1.812132061,-1.984770802,0.025419879,-1.984770802,0.025419879,0.000000000,1
4.152203083,1,1,28,1.512132057,-1.984770802,0.025419879,-1.984770802,0.025419879,0.000000000,1
5.185610294,1,1,21,1.119882950,-1.984770802,0.025419879,-1.984770802,0.025419879,0.000000000,1
6.198000431,1,1,14,0.806904167,-1.984770802,0.025419879,-1.984770802,0.025419879,0.000000000,1
7.231684446,1,1,9,0.511752891,-1.984770802,0.025419879,-1.984770802,0.025419879,0.000000000,1
11.425244331,2,2,59,3.016695093,-3.160453269,1.723437417,-3.160453269,1.723437417,0.000000000,1
12.311738491,2,2,57,2.940531369,-3.160453269,1.723437417,-3.160453269,1.723437417,0.000000000,1
13.295048952,2,2,56,2.933363605,-3.160453269,1.723437417,-3.160453269,1.723437417,0.000000000,1
14.317467451,2,2,51,2.698094892,-3.160453269,1.723437417,-3.160453269,1.723437417,0.000000000,1
15.343793631,2,2,39,2.092634126,-3.160453269,1.723437417,-3.160453269,1.723437417,0.000000000,1
16.355532885,2,2,32,1.672572509,-3.160453269,1.723437417,-3.160453269,1.723437417,0.000000000,1
17.386673927,2,2,20,1.102116669,-3.160453269,1.723437417,-3.160453269,1.723437417,0.000000000,1
18.405588388,2,2,15,0.817827609,-3.160453269,1.723437417,-3.160453269,1.723437417,0.000000000,1
19.435139656,2,2,11,0.618716010,-3.160453269,1.723437417,-3.160453269,1.723437417,0.000000000,1
24.827112198,3,3,174,9.088427051,-8.464908216,1.994257528,-8.464908216,1.994257528,0.000000000,1
25.564749718,3,3,168,8.791061633,-8.464908216,1.994257528,-8.464908216,1.994257528,0.000000000,1
26.579449415,3,3,164,8.619675227,-8.464908216,1.994257528,-8.464908216,1.994257528,0.000000000,1
27.612838984,3,3,166,8.653232991,-8.464908216,1.994257528,-8.464908216,1.994257528,0.000000000,1
28.637254953,3,3,166,8.654732859,-8.464908216,1.994257528,-8.464908216,1.994257528,0.000000000,1
29.650772810,3,3,161,8.415139037,-8.464908216,1.994257528,-8.464908216,1.994257528,0.000000000,1
30.671967983,3,3,150,7.893359059,-8.464908216,1.994257528,-8.464908216,1.994257528,0.000000000,1
31.691719294,3,3,138,7.279912594,-8.464908216,1.994257528,-8.464908216,1.994257528,0.000000000,1
32.718753099,3,3,128,6.808614765,-8.464908216,1.994257528,-8.464908216,1.994257528,0.000000000,1
33.754740715,3,3,119,6.325152707,-8.464908216,1.994257528,-8.464908216,1.994257528,0.000000000,1
34.762746096,3,3,112,5.987776959,-8.464908216,1.994257528,-8.464908216,1.994257528,0.000000000,1
35.789286375,3,3,101,5.454654754,-8.464908216,1.994257528,-8.464908216,1.994257528,0.000000000,1
36.813563347,3,3,102,5.183097458,-8.464908216,1.994257528,-8.464908216,1.994257528,0.000000000,1
37.904089689,3,3,95,4.852455236,-8.464908216,1.994257528,-8.464908216,1.994257528,0.000000000,1
38.899882555,3,3,85,4.389715465,-8.464908216,1.994257528,-8.464908216,1.994257528,0.000000000,1
39.892508507,3,3,78,3.968563457,-8.464908216,1.994257528,-8.464908216,1.994257528,0.000000000,1
40.925361872,3,3,68,3.517857197,-8.464908216,1.994257528,-8.464908216,1.994257528,0.000000000,1
41.940229416,3,3,62,3.158922046,-8.464908216,1.994257528,-8.464908216,1.994257528,0.000000000,1
42.962797403,3,3,51,2.636219293,-8.464908216,1.994257528,-8.464908216,1.994257528,0.000000000,1
43.996658802,3,3,43,2.246571593,-8.464908216,1.994257528,-8.464908216,1.994257528,0.000000000,1
45.010968924,3,3,33,1.749408014,-8.464908216,1.994257528,-8.464908216,1.994257528,0.000000000,1
46.030533552,3,3,23,1.240150045,-8.464908216,1.994257528,-8.464908216,1.994257528,0.000000000,1
47.056569576,3,3,17,0.937319791,-8.464908216,1.994257528,-8.464908216,1.994257528,0.000000000,1
48.076159477,3,3,11,0.636397403,-8.464908216,1.994257528,-8.464908216,1.994257528,0.000000000,1
49.092696428,3,3,7,0.434139894,-8.464908216,1.994257528,-8.464908216,1.994257528,0.000000000,1
56.258348465,4,4,74,3.803554381,-11.189448290,0.727380444,-11.189448290,0.727380444,0.000000000,1
56.986747026,4,4,70,3.604019376,-11.189448290,0.727380444,-11.189448290,0.727380444,0.000000000,1
58.009325743,4,4,64,3.311090096,-11.189448290,0.727380444,-11.189448290,0.727380444,0.000000000,1
59.030320168,4,4,61,3.133776510,-11.189448290,0.727380444,-11.189448290,0.727380444,0.000000000,1
60.049273491,4,4,53,2.730314884,-11.189448290,0.727380444,-11.189448290,0.727380444,0.000000000,1
61.066948652,4,4,44,2.258868679,-11.189448290,0.727380444,-11.189448290,0.727380444,0.000000000,1
62.103640079,4,4,34,1.771314529,-11.189448290,0.727380444,-11.189448290,0.727380444,0.000000000,1
63.118101835,4,4,28,1.455792991,-11.189448290,0.727380444,-11.189448290,0.727380444,0.000000000,1
64.148796558,4,4,21,1.119858801,-11.189448290,0.727380444,-11.189448290,0.727380444,0.000000000,1
65.175171852,4,4,17,0.923368925,-11.189448290,0.727380444,-11.189448290,0.727380444,0.000000000,1
66.201079130,4,4,14,0.756740027,-11.189448290,0.727380444,-11.189448290,0.727380444,0.000000000,1
74.186978817,5,5,280,14.139011999,-10.719865229,-2.772619608,-10.719865229,-2.772619608,0.000000000,1
75.017759562,5,5,273,13.802762320,-10.719865229,-2.772619608,-10.719865229,-2.772619608,0.000000000,1
76.045474529,5,5,272,13.722669784,-10.719865229,-2.772619608,-10.719865229,-2.772619608,0.000000000,1
77.066317081,5,5,272,13.722669784,-10.719865229,-2.772619608,-10.719865229,-2.772619608,0.000000000,1
78.093560934,5,5,270,13.641706641,-10.719865229,-2.772619608,-10.719865229,-2.772619608,0.000000000,1
79.109144926,5,5,269,13.597291042,-10.719865229,-2.772619608,-10.719865229,-2.772619608,0.000000000,1
80.144444704,5,5,258,13.019749225,-10.719865229,-2.772619608,-10.719865229,-2.772619608,0.000000000,1
81.142592669,5,5,252,12.759428697,-10.719865229,-2.772619608,-10.719865229,-2.772619608,0.000000000,1
82.190587521,5,5,247,12.484622210,-10.719865229,-2.772619608,-10.719865229,-2.772619608,0.000000000,1
83.209139347,5,5,234,11.825458290,-10.719865229,-2.772619608,-10.719865229,-2.772619608,0.000000000,1
84.214924335,5,5,225,11.347001280,-10.719865229,-2.772619608,-10.719865229,-2.772619608,0.000000000,1
85.245865107,5,5,217,10.947136549,-10.719865229,-2.772619608,-10.719865229,-2.772619608,0.000000000,1
86.281373978,5,5,207,10.487401749,-10.719865229,-2.772619608,-10.719865229,-2.772619608,0.000000000,1
87.299738646,5,5,199,10.087304393,-10.719865229,-2.772619608,-10.719865229,-2.772619608,0.000000000,1
88.325748682,5,5,191,9.648368494,-10.719865229,-2.772619608,-10.719865229,-2.772619608,0.000000000,1
89.347943783,5,5,181,9.181353046,-10.719865229,-2.772619608,-10.719865229,-2.772619608,0.000000000,1
90.367211103,5,5,173,8.779125352,-10.719865229,-2.772619608,-10.719865229,-2.772619608,0.000000000,1
91.403929710,5,5,164,8.345599167,-10.719865229,-2.772619608,-10.719865229,-2.772619608,0.000000000,1
92.421698332,5,5,153,7.787247804,-10.719865229,-2.772619608,-10.719865229,-2.772619608,0.000000000,1
93.445683002,5,5,147,7.513591761,-10.719865229,-2.772619608,-10.719865229,-2.772619608,0.000000000,1
94.469538689,5,5,138,7.020251139,-10.719865229,-2.772619608,-10.719865229,-2.772619608,0.000000000,1
95.506915808,5,5,129,6.611735383,-10.719865229,-2.772619608,-10.719865229,-2.772619608,0.000000000,1
96.529944420,5,5,120,6.069052102,-10.719865229,-2.772619608,-10.719865229,-2.772619608,0.000000000,1
97.552718401,5,5,111,5.667102778,-10.719865229,-2.772619608,-10.719865229,-2.772619608,0.000000000,1
98.581028223,5,5,103,5.275970650,-10.719865229,-2.772619608,-10.719865229,-2.772619608,0.000000000,1
99.609107256,5,5,93,4.768336494,-10.719865229,-2.772619608,-10.719865229,-2.772619608,0.000000000,1
100.639530897,5,5,85,4.331827410,-10.719865229,-2.772619608,-10.719865229,-2.772619608,0.000000000,1
101.657633305,5,5,78,3.971976437,-10.719865229,-2.772619608,-10.719865229,-2.772619608,0.000000000,1
102.674555540,5,5,66,3.463983970,-10.719865229,-2.772619608,-10.719865229,-2.772619608,0.000000000,1
103.712349176,5,5,58,2.952713989,-10.719865229,-2.772619608,-10.719865229,-2.772619608,0.000000000,1
104.738213062,5,5,48,2.502158500,-10.719865229,-2.772619608,-10.719865229,-2.772619608,0.000000000,1
105.766853333,5,5,40,2.102158494,-10.719865229,-2.772619608,-10.719865229,-2.772619608,0.000000000,1
106.774331808,5,5,32,1.702158488,-10.719865229,-2.772619608,-10.719865229,-2.772619608,0.000000000,1
107.805450439,5,5,24,1.302158482,-10.719865229,-2.772619608,-10.719865229,-2.772619608,0.000000000,1
108.827879667,5,5,16,0.902158476,-10.719865229,-2.772619608,-10.719865229,-2.772619608,0.000000000,1
109.893449545,5,5,10,0.602158472,-10.719865229,-2.772619608,-10.719865229,-2.772619608,0.000000000,1
111.019082069,6,,6,0.402158469,-10.719865229,-2.772619608,nan,nan,nan,0
111.023585558,6,,6,0.402158469,-10.719865229,-2.772619608,nan,nan,nan,0
118.686982155,7,6,162,8.270513013,-9.519865211,-7.688137859,-9.519865211,-7.688137859,0.000000000,1
119.527833939,7,6,160,8.078156124,-9.519865211,-7.688137859,-9.519865211,-7.688137859,0.000000000,1
120.565394163,7,6,156,7.920600445,-9.519865211,-7.688137859,-9.519865211,-7.688137859,0.000000000,1
121.592779636,7,6,153,7.831098031,-9.519865211,-7.688137859,-9.519865211,-7.688137859,0.000000000,1
122.605659962,7,6,152,7.685081806,-9.519865211,-7.688137859,-9.519865211,-7.688137859,0.000000000,1
123.637437820,7,6,145,7.452350604,-9.519865211,-7.688137859,-9.519865211,-7.688137859,0.000000000,1
124.656424999,7,6,138,7.008276958,-9.519865211,-7.688137859,-9.519865211,-7.688137859,0.000000000,1
125.673811436,7,6,130,6.601588571,-9.519865211,-7.688137859,-9.519865211,-7.688137859,0.000000000,1
126.709248543,7,6,121,6.157559221,-9.519865211,-7.688137859,-9.519865211,-7.688137859,0.000000000,1
127.732313633,7,6,113,5.758359564,-9.519865211,-7.688137859,-9.519865211,-7.688137859,0.000000000,1
128.760863066,7,6,103,5.242721894,-9.519865211,-7.688137859,-9.519865211,-7.688137859,0.000000000,1
129.791082859,7,6,98,4.953203826,-9.519865211,-7.688137859,-9.519865211,-7.688137859,0.000000000,1
130.828476191,7,6,90,4.563798878,-9.519865211,-7.688137859,-9.519865211,-7.688137859,0.000000000,1
131.910199642,7,6,81,4.104507103,-9.519865211,-7.688137859,-9.519865211,-7.688137859,0.000000000,1
132.995785713,7,6,72,3.645719565,-9.519865211,-7.688137859,-9.519865211,-7.688137859,0.000000000,1
133.909525156,7,6,63,3.248493523,-9.519865211,-7.688137859,-9.519865211,-7.688137859,0.000000000,1
134.901104212,7,6,55,2.798102552,-9.519865211,-7.688137859,-9.519865211,-7.688137859,0.000000000,1
135.926523685,7,6,44,2.255237889,-9.519865211,-7.688137859,-9.519865211,-7.688137859,0.000000000,1
136.949775219,7,6,35,1.798606616,-9.519865211,-7.688137859,-9.519865211,-7.688137859,0.000000000,1
137.969120741,7,6,27,1.373770228,-9.519865211,-7.688137859,-9.519865211,-7.688137859,0.000000000,1
138.986328602,7,6,18,0.972857798,-9.519865211,-7.688137859,-9.519865211,-7.688137859,0.000000000,1
140.009420395,7,6,12,0.684104936,-9.519865211,-7.688137859,-9.519865211,-7.688137859,0.000000000,1
141.037005424,7,6,7,0.401262219,-9.519865211,-7.688137859,-9.519865211,-7.688137859,0.000000000,1
149.607276440,8,7,310,15.487322385,4.597885536,-6.141013982,4.597885536,-6.141013982,0.000000000,1
150.339191198,8,7,302,15.144011748,4.597885536,-6.141013982,4.597885536,-6.141013982,0.000000000,1
151.358106613,8,7,298,14.919561499,4.597885536,-6.141013982,4.597885536,-6.141013982,0.000000000,1
152.388895273,8,7,297,14.834309587,4.597885536,-6.141013982,4.597885536,-6.141013982,0.000000000,1
153.408046961,8,7,298,14.946593274,4.597885536,-6.141013982,4.597885536,-6.141013982,0.000000000,1
154.433977127,8,7,293,14.638948378,4.597885536,-6.141013982,4.597885536,-6.141013982,0.000000000,1
155.465129375,8,7,288,14.378885810,4.597885536,-6.141013982,4.597885536,-6.141013982,0.000000000,1
156.491695881,8,7,278,13.978765661,4.597885536,-6.141013982,4.597885536,-6.141013982,0.000000000,1
157.524053812,8,7,269,13.541266382,4.597885536,-6.141013982,4.597885536,-6.141013982,0.000000000,1
158.551700115,8,7,258,13.085969977,4.597885536,-6.141013982,4.597885536,-6.141013982,0.000000000,1
159.558716774,8,7,252,12.633419525,4.597885536,-6.141013982,4.597885536,-6.141013982,0.000000000,1
160.592876673,8,7,243,12.125825627,4.597885536,-6.141013982,4.597885536,-6.141013982,0.000000000,1
161.613310575,8,7,233,11.760732035,4.597885536,-6.141013982,4.597885536,-6.141013982,0.000000000,1
162.648102283,8,7,225,11.360471739,4.597885536,-6.141013982,4.597885536,-6.141013982,0.000000000,1
163.673666000,8,7,215,10.860478200,4.597885536,-6.141013982,4.597885536,-6.141013982,0.000000000,1
164.707550049,8,7,207,10.460486067,4.597885536,-6.141013982,4.597885536,-6.141013982,0.000000000,1
165.730844975,8,7,199,10.059815063,4.597885536,-6.141013982,4.597885536,-6.141013982,0.000000000,1
166.760146379,8,7,189,9.559833496,4.597885536,-6.141013982,4.597885536,-6.141013982,0.000000000,1
167.795360327,8,7,181,9.159854539,4.597885536,-6.141013982,4.597885536,-6.141013982,0.000000000,1
168.808687687,8,7,173,8.759882814,4.597885536,-6.141013982,4.597885536,-6.141013982,0.000000000,1
169.908612251,8,7,165,8.359921510,4.597885536,-6.141013982,4.597885536,-6.141013982,0.000000000,1
171.012049198,8,7,155,7.859989306,4.597885536,-6.141013982,4.597885536,-6.141013982,0.000000000,1
171.906465769,8,7,145,7.360087072,4.597885536,-6.141013982,4.597885536,-6.141013982,0.000000000,1
172.914393663,8,7,137,6.960195600,4.597885536,-6.141013982,4.597885536,-6.141013982,0.000000000,1
173.929404259,8,7,127,6.460385235,4.597885536,-6.141013982,4.597885536,-6.141013982,0.000000000,1
174.957463264,8,7,117,5.960660869,4.597885536,-6.141013982,4.597885536,-6.141013982,0.000000000,1
175.986863613,8,7,109,5.560973738,4.597885536,-6.141013982,4.597885536,-6.141013982,0.000000000,1
177.019044638,8,7,99,5.061547263,4.597885536,-6.141013982,4.597885536,-6.141013982,0.000000000,1
178.047489405,8,7,90,4.562453166,4.597885536,-6.141013982,4.597885536,-6.141013982,0.000000000,1
179.063050508,8,7,82,4.163561824,4.597885536,-6.141013982,4.597885536,-6.141013982,0.000000000,1
180.089740038,8,7,72,3.666149793,4.597885536,-6.141013982,4.597885536,-6.141013982,0.000000000,1
181.113179445,8,7,62,3.172975381,4.597885536,-6.141013982,4.597885536,-6.141013982,0.000000000,1
182.133964300,8,7,52,2.688171164,4.597885536,-6.141013982,4.597885536,-6.141013982,0.000000000,1
183.170569420,8,7,42,2.189969887,4.597885536,-6.141013982,4.597885536,-6.141013982,0.000000000,1
184.202918530,8,7,34,1.776560832,4.597885536,-6.141013982,4.597885536,-6.141013982,0.000000000,1
185.220994473,8,7,24,1.263960309,4.597885536,-6.141013982,4.597885536,-6.141013982,0.000000000,1
186.248324633,8,7,15,0.849162152,4.597885536,-6.141013982,4.597885536,-6.141013982,0.000000000,1
187.264418364,8,7,11,0.626910180,4.597885536,-6.141013982,4.597885536,-6.141013982,0.000000000,1
194.458279371,9,8,83,4.131374916,6.597885566,-7.641014005,6.597885566,-7.641014005,0.000000000,1
195.203703880,9,8,83,4.131374916,6.597885566,-7.641014005,6.597885566,-7.641014005,0.000000000,1
196.227897406,9,8,75,3.743659532,6.597885566,-7.641014005,6.597885566,-7.641014005,0.000000000,1
197.266391277,9,8,67,3.341229844,6.597885566,-7.641014005,6.597885566,-7.641014005,0.000000000,1
198.297753334,9,8,57,2.855140782,6.597885566,-7.641014005,6.597885566,-7.641014005,0.000000000,1
199.322783709,9,8,47,2.371522845,6.597885566,-7.641014005,6.597885566,-7.641014005,0.000000000,1
200.337748766,9,8,36,1.820559130,6.597885566,-7.641014005,6.597885566,-7.641014005,0.000000000,1
201.369520664,9,8,27,1.346410015,6.597885566,-7.641014005,6.597885566,-7.641014005,0.000000000,1
202.388614416,9,8,19,0.953559420,6.597885566,-7.641014005,6.597885566,-7.641014005,0.000000000,1
203.408969641,9,8,15,0.751699880,6.597885566,-7.641014005,6.597885566,-7.641014005,0.000000000,1
204.438551188,9,8,15,0.743393089,6.597885566,-7.641014005,6.597885566,-7.641014005,0.000000000,1
211.379836559,10,9,258,13.005877498,9.997885616,0.557285882,9.997885616,0.557285882,0.000000000,1
212.201723337,10,9,256,12.803030549,9.997885616,0.557285882,9.997885616,0.557285882,0.000000000,1
213.242733479,10,9,248,12.410743206,9.997885616,0.557285882,9.997885616,0.557285882,0.000000000,1
214.271604776,10,9,242,12.110052829,9.997885616,0.557285882,9.997885616,0.557285882,0.000000000,1
215.275912285,10,9,237,11.930620965,9.997885616,0.557285882,9.997885616,0.557285882,0.000000000,1
216.309576511,10,9,233,11.661017067,9.997885616,0.557285882,9.997885616,0.557285882,0.000000000,1
217.325469494,10,9,222,11.113799760,9.997885616,0.557285882,9.997885616,0.557285882,0.000000000,1
218.350364208,10,9,221,11.066394297,9.997885616,0.557285882,9.997885616,0.557285882,0.000000000,1
219.372875690,10,9,220,11.007719355,9.997885616,0.557285882,9.997885616,0.557285882,0.000000000,1
220.398093224,10,9,208,10.422489773,9.997885616,0.557285882,9.997885616,0.557285882,0.000000000,1
221.433431625,10,9,198,9.901825302,9.997885616,0.557285882,9.997885616,0.557285882,0.000000000,1
222.460072756,10,9,190,9.500338804,9.997885616,0.557285882,9.997885616,0.557285882,0.000000000,1
223.485323906,10,9,181,9.040074813,9.997885616,0.557285882,9.997885616,0.557285882,0.000000000,1
224.519532919,10,9,170,8.519698829,9.997885616,0.557285882,9.997885616,0.557285882,0.000000000,1
225.530259609,10,9,162,8.085197662,9.997885616,0.557285882,9.997885616,0.557285882,0.000000000,1
226.562560797,10,9,149,7.550219042,9.997885616,0.557285882,9.997885616,0.557285882,0.000000000,1
227.589916706,10,9,142,7.108630872,9.997885616,0.557285882,9.997885616,0.557285882,0.000000000,1
228.599171638,10,9,133,6.654051726,9.997885616,0.557285882,9.997885616,0.557285882,0.000000000,1
229.628904819,10,9,122,6.085074187,9.997885616,0.557285882,9.997885616,0.557285882,0.000000000,1
230.649286509,10,9,113,5.643841075,9.997885616,0.557285882,9.997885616,0.557285882,0.000000000,1
231.682489872,10,9,102,5.082141201,9.997885616,0.557285882,9.997885616,0.557285882,0.000000000,1
232.697312355,10,9,92,4.593728887,9.997885616,0.557285882,9.997885616,0.557285882,0.000000000,1
233.733047009,10,9,82,4.113848477,9.997885616,0.557285882,9.997885616,0.557285882,0.000000000,1
234.758442640,10,9,72,3.592206273,9.997885616,0.557285882,9.997885616,0.557285882,0.000000000,1
235.785957336,10,9,63,3.140864482,9.997885616,0.557285882,9.997885616,0.557285882,0.000000000,1
236.810992241,10,9,53,2.649169368,9.997885616,0.557285882,9.997885616,0.557285882,0.000000000,1
238.007416964,10,9,43,2.138943228,9.997885616,0.557285882,9.997885616,0.557285882,0.000000000,1
238.886424541,10,9,31,1.525693006,9.997885616,0.557285882,9.997885616,0.557285882,0.000000000,1
239.889547110,10,9,22,1.110505801,9.997885616,0.557285882,9.997885616,0.557285882,0.000000000,1
240.904081106,10,9,15,0.748717427,9.997885616,0.557285882,9.997885616,0.557285882,0.000000000,1
241.926131487,10,9,11,0.525871044,9.997885616,0.557285882,9.997885616,0.557285882,0.000000000,1
249.385746002,11,10,62,3.185937602,11.797885643,1.957285903,11.797885643,1.957285903,0.000000000,1
250.112188816,11,10,61,3.044112285,11.797885643,1.957285903,11.797885643,1.957285903,0.000000000,1
251.146350861,11,10,54,2.712015030,11.797885643,1.957285903,11.797885643,1.957285903,0.000000000,1
252.175869226,11,10,43,2.240587101,11.797885643,1.957285903,11.797885643,1.957285903,0.000000000,1
253.188281298,11,10,31,1.551835321,11.797885643,1.957285903,11.797885643,1.957285903,0.000000000,1
254.205896139,11,10,24,1.210638224,11.797885643,1.957285903,11.797885643,1.957285903,0.000000000,1
255.224463224,11,10,15,0.770710690,11.797885643,1.957285903,11.797885643,1.957285903,0.000000000,1
256.251737356,11,10,11,0.570710687,11.797885643,1.957285903,11.797885643,1.957285903,0.000000000,1
262.993874073,12,11,217,10.936387257,7.397885578,4.457285940,7.397885578,4.457285940,0.000000000,1
263.750464201,12,11,213,10.737988558,7.397885578,4.457285940,7.397885578,4.457285940,0.000000000,1
264.765405655,12,11,209,10.476073285,7.397885578,4.457285940,7.397885578,4.457285940,0.000000000,1
265.803916931,12,11,201,10.057770674,7.397885578,4.457285940,7.397885578,4.457285940,0.000000000,1
266.811794996,12,11,194,9.689020039,7.397885578,4.457285940,7.397885578,4.457285940,0.000000000,1
267.896016598,12,11,189,9.422924300,7.397885578,4.457285940,7.397885578,4.457285940,0.000000000,1
268.899605751,12,11,181,9.078831947,7.397885578,4.457285940,7.397885578,4.457285940,0.000000000,1
269.895199299,12,11,174,8.715211271,7.397885578,4.457285940,7.397885578,4.457285940,0.000000000,1
270.909075737,12,11,171,8.542225719,7.397885578,4.457285940,7.397885578,4.457285940,0.000000000,1
271.935175657,12,11,171,8.542225719,7.397885578,4.457285940,7.397885578,4.457285940,0.000000000,1
272.948660612,12,11,166,8.280622662,7.397885578,4.457285940,7.397885578,4.457285940,0.000000000,1
274.000751972,12,11,156,7.817944148,7.397885578,4.457285940,7.397885578,4.457285940,0.000000000,1
274.998614550,12,11,145,7.252454976,7.397885578,4.457285940,7.397885578,4.457285940,0.000000000,1
276.024841070,12,11,137,6.836383192,7.397885578,4.457285940,7.397885578,4.457285940,0.000000000,1
277.055247307,12,11,129,6.456223670,7.397885578,4.457285940,7.397885578,4.457285940,0.000000000,1
278.068746567,12,11,113,5.715902079,7.397885578,4.457285940,7.397885578,4.457285940,0.000000000,1
279.108271599,12,11,106,5.306761934,7.397885578,4.457285940,7.397885578,4.457285940,0.000000000,1
280.128268719,12,11,96,4.797277809,7.397885578,4.457285940,7.397885578,4.457285940,0.000000000,1
281.150452852,12,11,89,4.434144323,7.397885578,4.457285940,7.397885578,4.457285940,0.000000000,1
282.168494940,12,11,72,3.690306570,7.397885578,4.457285940,7.397885578,4.457285940,0.000000000,1
283.591834545,12,11,63,3.238836696,7.397885578,4.457285940,7.397885578,4.457285940,0.000000000,1
284.231687069,12,11,55,2.729715700,7.397885578,4.457285940,7.397885578,4.457285940,0.000000000,1
285.266479015,12,11,46,2.280115578,7.397885578,4.457285940,7.397885578,4.457285940,0.000000000,1
286.270140648,12,11,35,1.764239655,7.397885578,4.457285940,7.397885578,4.457285940,0.000000000,1
287.285803795,12,11,26,1.291536695,7.397885578,4.457285940,7.397885578,4.457285940,0.000000000,1
288.315492630,12,11,18,0.887001405,7.397885578,4.457285940,7.397885578,4.457285940,0.000000000,1
289.336909294,12,11,12,0.587641675,7.397885578,4.457285940,7.397885578,4.457285940,0.000000000,1
296.764262915,13,12,69,3.446180350,6.297885561,6.057285964,6.297885561,6.057285964,0.000000000,1
297.505675554,13,12,65,3.385413458,6.297885561,6.057285964,6.297885561,6.057285964,0.000000000,1
298.532429934,13,12,66,3.416270146,6.297885561,6.057285964,6.297885561,6.057285964,0.000000000,1
299.564800024,13,12,66,3.281319640,6.297885561,6.057285964,6.297885561,6.057285964,0.000000000,1
300.583974123,13,12,55,2.741323155,6.297885561,6.057285964,6.297885561,6.057285964,0.000000000,1
301.621119976,13,12,53,2.735461362,6.297885561,6.057285964,6.297885561,6.057285964,0.000000000,1
302.631905317,13,12,43,2.257214712,6.297885561,6.057285964,6.297885561,6.057285964,0.000000000,1
303.672402859,13,12,32,1.739586694,6.297885561,6.057285964,6.297885561,6.057285964,0.000000000,1
304.692386389,13,12,22,1.242231802,6.297885561,6.057285964,6.297885561,6.057285964,0.000000000,1
305.716511250,13,12,17,0.915022750,6.297885561,6.057285964,6.297885561,6.057285964,0.000000000,1
306.744784117,13,12,12,0.747612615,6.297885561,6.057285964,6.297885561,6.057285964,0.000000000,1
307.769976139,13,12,11,0.619042712,6.297885561,6.057285964,6.297885561,6.057285964,0.000000000,1
314.539551973,14,13,435,21.831354433,8.897885600,-11.742714301,8.897885600,-11.742714301,0.000000000,1
315.372514248,14,13,431,21.668860224,8.897885600,-11.742714301,8.897885600,-11.742714301,0.000000000,1
316.401733398,14,13,431,21.650219336,8.897885600,-11.742714301,8.897885600,-11.742714301,0.000000000,1
317.431310177,14,13,434,21.640992809,8.897885600,-11.742714301,8.897885600,-11.742714301,0.000000000,1
318.453609705,14,13,423,21.325375483,8.897885600,-11.742714301,8.897885600,-11.742714301,0.000000000,1
319.489115477,14,13,411,20.726684294,8.897885600,-11.742714301,8.897885600,-11.742714301,0.000000000,1
320.503260136,14,13,405,20.250470671,8.897885600,-11.742714301,8.897885600,-11.742714301,0.000000000,1
321.533459663,14,13,397,19.812524977,8.897885600,-11.742714301,8.897885600,-11.742714301,0.000000000,1
322.552831173,14,13,389,19.417482085,8.897885600,-11.742714301,8.897885600,-11.742714301,0.000000000,1
323.567096472,14,13,377,18.857811611,8.897885600,-11.742714301,8.897885600,-11.742714301,0.000000000,1
324.595320463,14,13,365,18.405498158,8.897885600,-11.742714301,8.897885600,-11.742714301,0.000000000,1
325.629123449,14,13,363,18.116606536,8.897885600,-11.742714301,8.897885600,-11.742714301,0.000000000,1
326.648380756,14,13,347,17.542505398,8.897885600,-11.742714301,8.897885600,-11.742714301,0.000000000,1
327.670485020,14,13,340,17.096188326,8.897885600,-11.742714301,8.897885600,-11.742714301,0.000000000,1
328.708513021,14,13,334,16.667789068,8.897885600,-11.742714301,8.897885600,-11.742714301,0.000000000,1
329.720382452,14,13,317,15.956362058,8.897885600,-11.742714301,8.897885600,-11.742714301,0.000000000,1
330.752257586,14,13,305,15.435199745,8.897885600,-11.742714301,8.897885600,-11.742714301,0.000000000,1
331.772867680,14,13,295,14.954511824,8.897885600,-11.742714301,8.897885600,-11.742714301,0.000000000,1
332.815626144,14,13,290,14.598153802,8.897885600,-11.742714301,8.897885600,-11.742714301,0.000000000,1
333.835752487,14,13,277,14.044187960,8.897885600,-11.742714301,8.897885600,-11.742714301,0.000000000,1
334.912154198,14,13,270,13.563633068,8.897885600,-11.742714301,8.897885600,-11.742714301,0.000000000,1
335.909579992,14,13,261,13.158940740,8.897885600,-11.742714301,8.897885600,-11.742714301,0.000000000,1
336.913794279,14,13,249,12.604471023,8.897885600,-11.742714301,8.897885600,-11.742714301,0.000000000,1
337.918127060,14,13,242,12.197227852,8.897885600,-11.742714301,8.897885600,-11.742714301,0.000000000,1
338.943955660,14,13,230,11.684489669,8.897885600,-11.742714301,8.897885600,-11.742714301,0.000000000,1
339.996069431,14,13,222,11.202602533,8.897885600,-11.742714301,8.897885600,-11.742714301,0.000000000,1
340.995259762,14,13,213,10.737047173,8.897885600,-11.742714301,8.897885600,-11.742714301,0.000000000,1
342.021679163,14,13,201,10.203468043,8.897885600,-11.742714301,8.897885600,-11.742714301,0.000000000,1
343.034673452,14,13,194,9.812708892,8.897885600,-11.742714301,8.897885600,-11.742714301,0.000000000,1
344.054937840,14,13,183,9.267030240,8.897885600,-11.742714301,8.897885600,-11.742714301,0.000000000,1
345.076082468,14,13,175,8.851856324,8.897885600,-11.742714301,8.897885600,-11.742714301,0.000000000,1
346.103437662,14,13,162,8.297090109,8.897885600,-11.742714301,8.897885600,-11.742714301,0.000000000,1
347.131781101,14,13,154,7.878999683,8.897885600,-11.742714301,8.897885600,-11.742714301,0.000000000,1
348.180495501,14,13,151,7.530912717,8.897885600,-11.742714301,8.897885600,-11.742714301,0.000000000,1
349.164397955,14,13,135,6.820722844,8.897885600,-11.742714301,8.897885600,-11.742714301,0.000000000,1
350.194920540,14,13,123,6.327866487,8.897885600,-11.742714301,8.897885600,-11.742714301,0.000000000,1
351.228560209,14,13,119,5.893503797,8.897885600,-11.742714301,8.897885600,-11.742714301,0.000000000,1
352.243655920,14,13,103,5.322265793,8.897885600,-11.742714301,8.897885600,-11.742714301,0.000000000,1
353.262700081,14,13,98,4.916395204,8.897885600,-11.742714301,8.897885600,-11.742714301,0.000000000,1
354.287975550,14,13,85,4.349606040,8.897885600,-11.742714301,8.897885600,-11.742714301,0.000000000,1
355.310788870,14,13,84,4.151274310,8.897885600,-11.742714301,8.897885600,-11.742714301,0.000000000,1
356.328912973,14,13,72,3.554665202,8.897885600,-11.742714301,8.897885600,-11.742714301,0.000000000,1
357.353066921,14,13,61,3.133964848,8.897885600,-11.742714301,8.897885600,-11.742714301,0.000000000,1
358.374386311,14,13,52,2.663666883,8.897885600,-11.742714301,8.897885600,-11.742714301,0.000000000,1
359.386896849,14,13,41,2.128159290,8.897885600,-11.742714301,8.897885600,-11.742714301,0.000000000,1
360.409196377,14,13,30,1.545009740,8.897885600,-11.742714301,8.897885600,-11.742714301,0.000000000,1
361.439432859,14,13,21,1.104124329,8.897885600,-11.742714301,8.897885600,-11.742714301,0.000000000,1
362.464803934,14,13,15,0.784870589,8.897885600,-11.742714301,8.897885600,-11.742714301,0.000000000,1
363.495634317,14,13,10,0.552188278,8.897885600,-11.742714301,8.897885600,-11.742714301,0.000000000,1
370.236542225,15,14,113,5.864160485,10.096965342,-8.804502165,10.096965342,-8.804502165,0.000000000,1
371.081200838,15,14,110,5.650985550,10.096965342,-8.804502165,10.096965342,-8.804502165,0.000000000,1
372.107942104,15,14,99,5.102186339,10.096965342,-8.804502165,10.096965342,-8.804502165,0.000000000,1
373.141994715,15,14,90,4.664511026,10.096965342,-8.804502165,10.096965342,-8.804502165,0.000000000,1
374.178209543,15,14,75,3.836892605,10.096965342,-8.804502165,10.096965342,-8.804502165,0.000000000,1
375.187757254,15,14,68,3.475125558,10.096965342,-8.804502165,10.096965342,-8.804502165,0.000000000,1
376.210232973,15,14,58,2.904842565,10.096965342,-8.804502165,10.096965342,-8.804502165,0.000000000,1
377.239221811,15,14,46,2.397189071,10.096965342,-8.804502165,10.096965342,-8.804502165,0.000000000,1
378.265984058,15,14,37,1.933326752,10.096965342,-8.804502165,10.096965342,-8.804502165,0.000000000,1
379.281288862,15,14,26,1.367930333,10.096965342,-8.804502165,10.096965342,-8.804502165,0.000000000,1
380.288548470,15,14,18,0.996700515,10.096965342,-8.804502165,10.096965342,-8.804502165,0.000000000,1
381.306075096,15,14,13,0.720502905,10.096965342,-8.804502165,10.096965342,-8.804502165,0.000000000,1
388.230266094,16,15,69,3.541492622,8.796965323,-6.204502126,8.796965323,-6.204502126,0.000000000,1
388.980098963,16,15,67,3.418972100,8.796965323,-6.204502126,8.796965323,-6.204502126,0.000000000,1
390.003520250,16,15,58,3.009857384,8.796965323,-6.204502126,8.796965323,-6.204502126,0.000000000,1
391.029138803,16,15,48,2.492085512,8.796965323,-6.204502126,8.796965323,-6.204502126,0.000000000,1
392.049320221,16,15,38,1.993166686,8.796965323,-6.204502126,8.796965323,-6.204502126,0.000000000,1
393.075963020,16,15,30,1.573305317,8.796965323,-6.204502126,8.796965323,-6.204502126,0.000000000,1
394.105556965,16,15,21,1.122418844,8.796965323,-6.204502126,8.796965323,-6.204502126,0.000000000,1
395.127004623,16,15,14,0.774132162,8.796965323,-6.204502126,8.796965323,-6.204502126,0.000000000,1
396.161012650,16,15,9,0.539800627,8.796965323,-6.204502126,8.796965323,-6.204502126,0.000000000,1
402.274841309,17,16,731,36.629992193,-11.303034977,-11.404502204,-11.303034977,-11.404502204,0.000000000,1
403.014906645,17,16,731,36.579107092,-11.303034977,-11.404502204,-11.303034977,-11.404502204,0.000000000,1
404.040214777,17,16,726,36.378514513,-11.303034977,-11.404502204,-11.303034977,-11.404502204,0.000000000,1
405.066636562,17,16,726,36.402872978,-11.303034977,-11.404502204,-11.303034977,-11.404502204,0.000000000,1
406.099087238,17,16,722,36.131792858,-11.303034977,-11.404502204,-11.303034977,-11.404502204,0.000000000,1
407.126405239,17,16,710,35.615240330,-11.303034977,-11.404502204,-11.303034977,-11.404502204,0.000000000,1
408.145637989,17,16,703,35.227671004,-11.303034977,-11.404502204,-11.303034977,-11.404502204,0.000000000,1
409.170469284,17,16,692,34.674134212,-11.303034977,-11.404502204,-11.303034977,-11.404502204,0.000000000,1
410.189358950,17,16,681,34.125674053,-11.303034977,-11.404502204,-11.303034977,-11.404502204,0.000000000,1
411.214378119,17,16,676,33.850278692,-11.303034977,-11.404502204,-11.303034977,-11.404502204,0.000000000,1
412.247738123,17,16,663,33.224746506,-11.303034977,-11.404502204,-11.303034977,-11.404502204,0.000000000,1
413.277992725,17,16,653,32.728494816,-11.303034977,-11.404502204,-11.303034977,-11.404502204,0.000000000,1
414.322796106,17,16,645,32.302003293,-11.303034977,-11.404502204,-11.303034977,-11.404502204,0.000000000,1
415.327846766,17,16,634,31.813195851,-11.303034977,-11.404502204,-11.303034977,-11.404502204,0.000000000,1
416.343469143,17,16,625,31.368409922,-11.303034977,-11.404502204,-11.303034977,-11.404502204,0.000000000,1
417.372003317,17,16,616,30.907310269,-11.303034977,-11.404502204,-11.303034977,-11.404502204,0.000000000,1
418.394652843,17,16,605,30.400191470,-11.303034977,-11.404502204,-11.303034977,-11.404502204,0.000000000,1
419.411123276,17,16,597,29.995384259,-11.303034977,-11.404502204,-11.303034977,-11.404502204,0.000000000,1
420.449033976,17,16,588,29.554075991,-11.303034977,-11.404502204,-11.303034977,-11.404502204,0.000000000,1
421.469428778,17,16,579,29.089713969,-11.303034977,-11.404502204,-11.303034977,-11.404502204,0.000000000,1
422.497262955,17,16,570,28.621850710,-11.303034977,-11.404502204,-11.303034977,-11.404502204,0.000000000,1
423.541023493,17,16,562,28.225065208,-11.303034977,-11.404502204,-11.303034977,-11.404502204,0.000000000,1
424.593884468,17,16,553,27.772379836,-11.303034977,-11.404502204,-11.303034977,-11.404502204,0.000000000,1
425.596737862,17,16,540,27.109451279,-11.303034977,-11.404502204,-11.303034977,-11.404502204,0.000000000,1
426.616270304,17,16,530,26.653142351,-11.303034977,-11.404502204,-11.303034977,-11.404502204,0.000000000,1
427.635587692,17,16,519,26.131650800,-11.303034977,-11.404502204,-11.303034977,-11.404502204,0.000000000,1
428.669918776,17,16,511,25.662391021,-11.303034977,-11.404502204,-11.303034977,-11.404502204,0.000000000,1
429.694111586,17,16,501,25.170866585,-11.303034977,-11.404502204,-11.303034977,-11.404502204,0.000000000,1
430.722914696,17,16,491,24.725968543,-11.303034977,-11.404502204,-11.303034977,-11.404502204,0.000000000,1
431.744216204,17,16,484,24.317104598,-11.303034977,-11.404502204,-11.303034977,-11.404502204,0.000000000,1
432.768666029,17,16,472,23.744790573,-11.303034977,-11.404502204,-11.303034977,-11.404502204,0.000000000,1
433.794156790,17,16,462,23.263265882,-11.303034977,-11.404502204,-11.303034977,-11.404502204,0.000000000,1
434.835689545,17,16,454,22.819819341,-11.303034977,-11.404502204,-11.303034977,-11.404502204,0.000000000,1
435.919169664,17,16,445,22.379712455,-11.303034977,-11.404502204,-11.303034977,-11.404502204,0.000000000,1
436.923956394,17,16,435,21.875765411,-11.303034977,-11.404502204,-11.303034977,-11.404502204,0.000000000,1
437.919911623,17,16,424,21.340824835,-11.303034977,-11.404502204,-11.303034977,-11.404502204,0.000000000,1
438.947207689,17,16,414,20.842410650,-11.303034977,-11.404502204,-11.303034977,-11.404502204,0.000000000,1
439.963825464,17,16,405,20.364961304,-11.303034977,-11.404502204,-11.303034977,-11.404502204,0.000000000,1
440.995732307,17,16,396,19.952059573,-11.303034977,-11.404502204,-11.303034977,-11.404502204,0.000000000,1
442.003105640,17,16,388,19.518317119,-11.303034977,-11.404502204,-11.303034977,-11.404502204,0.000000000,1
443.039925098,17,16,379,19.026325383,-11.303034977,-11.404502204,-11.303034977,-11.404502204,0.000000000,1
444.060505390,17,16,368,18.518254933,-11.303034977,-11.404502204,-11.303034977,-11.404502204,0.000000000,1
445.090975523,17,16,359,18.026118342,-11.303034977,-11.404502204,-11.303034977,-11.404502204,0.000000000,1
446.130038738,17,16,348,17.518219532,-11.303034977,-11.404502204,-11.303034977,-11.404502204,0.000000000,1
447.153890371,17,16,339,17.025963525,-11.303034977,-11.404502204,-11.303034977,-11.404502204,0.000000000,1
448.176357508,17,16,331,16.625856758,-11.303034977,-11.404502204,-11.303034977,-11.404502204,0.000000000,1
449.199464798,17,16,320,16.115726167,-11.303034977,-11.404502204,-11.303034977,-11.404502204,0.000000000,1
450.228861332,17,16,311,15.624543747,-11.303034977,-11.404502204,-11.303034977,-11.404502204,0.000000000,1
451.252201319,17,16,300,15.114670440,-11.303034977,-11.404502204,-11.303034977,-11.404502204,0.000000000,1
452.275885105,17,16,291,14.623837476,-11.303034977,-11.404502204,-11.303034977,-11.404502204,0.000000000,1
453.309168339,17,16,280,14.121874102,-11.303034977,-11.404502204,-11.303034977,-11.404502204,0.000000000,1
454.316519260,17,16,272,13.723022491,-11.303034977,-11.404502204,-11.303034977,-11.404502204,0.000000000,1
455.349186182,17,16,260,13.196124135,-11.303034977,-11.404502204,-11.303034977,-11.404502204,0.000000000,1
456.377441883,17,16,252,12.788883191,-11.303034977,-11.404502204,-11.303034977,-11.404502204,0.000000000,1
457.398283720,17,16,244,12.347552950,-11.303034977,-11.404502204,-11.303034977,-11.404502204,0.000000000,1
458.418661356,17,16,235,11.897029299,-11.303034977,-11.404502204,-11.303034977,-11.404502204,0.000000000,1
459.451123714,17,16,227,11.502210454,-11.303034977,-11.404502204,-11.303034977,-11.404502204,0.000000000,1
460.486788988,17,16,218,11.006140815,-11.303034977,-11.404502204,-11.303034977,-11.404502204,0.000000000,1
461.505883694,17,16,210,10.651755854,-11.303034977,-11.404502204,-11.303034977,-11.404502204,0.000000000,1
462.526617765,17,16,165,8.388234918,-11.303034977,-11.404502204,-11.303034977,-11.404502204,0.000000000,1
463.557030201,17,16,157,7.964241422,-11.303034977,-11.404502204,-11.303034977,-11.404502204,0.000000000,1
464.583063602,17,16,148,7.420373753,-11.303034977,-11.404502204,-11.303034977,-11.404502204,0.000000000,1
465.615060568,17,16,143,7.142890863,-11.303034977,-11.404502204,-11.303034977,-11.404502204,0.000000000,1
466.647517681,17,16,132,6.593339865,-11.303034977,-11.404502204,-11.303034977,-11.404502204,0.000000000,1
467.664684534,17,16,123,6.192249748,-11.303034977,-11.404502204,-11.303034977,-11.404502204,0.000000000,1
468.685195684,17,16,112,5.672553004,-11.303034977,-11.404502204,-11.303034977,-11.404502204,0.000000000,1
469.717452049,17,16,103,5.217402580,-11.303034977,-11.404502204,-11.303034977,-11.404502204,0.000000000,1
470.742768288,17,16,94,4.780061108,-11.303034977,-11.404502204,-11.303034977,-11.404502204,0.000000000,1
471.769614697,17,16,86,4.358689642,-11.303034977,-11.404502204,-11.303034977,-11.404502204,0.000000000,1
472.783124208,17,16,78,3.938115388,-11.303034977,-11.404502204,-11.303034977,-11.404502204,0.000000000,1
473.813427687,17,16,69,3.500306131,-11.303034977,-11.404502204,-11.303034977,-11.404502204,0.000000000,1
474.904945374,17,16,60,3.034961687,-11.303034977,-11.404502204,-11.303034977,-11.404502204,0.000000000,1
475.898033142,17,16,53,2.635017942,-11.303034977,-11.404502204,-11.303034977,-11.404502204,0.000000000,1
476.903261185,17,16,44,2.214251389,-11.303034977,-11.404502204,-11.303034977,-11.404502204,0.000000000,1
477.900127649,17,16,36,1.788032716,-11.303034977,-11.404502204,-11.303034977,-11.404502204,0.000000000,1
479.009971857,17,16,25,1.307391589,-11.303034977,-11.404502204,-11.303034977,-11.404502204,0.000000000,1
479.938178778,17,16,18,1.002819928,-11.303034977,-11.404502204,-11.303034977,-11.404502204,0.000000000,1
480.959363937,17,16,12,0.702819924,-11.303034977,-11.404502204,-11.303034977,-11.404502204,0.000000000,1
