time_s,x,y,yaw,cumulative_distance_m
2.269763947,0.000000000,-0.000000000,0.000000000,0.000000000
2.772801638,-0.094310604,-0.005919043,0.082490698,0.096471811
3.284641027,-0.262038545,-0.016704371,0.035698523,0.264567237
3.787061930,-0.429999082,-0.019204885,0.003643652,0.432553988
4.295324802,-0.597947978,-0.019115663,-0.003430830,0.600503774
4.800076485,-0.766106542,-0.016171498,-0.025120689,0.768695259
5.309748888,-0.931172639,-0.012349237,-0.023839362,0.933805728
5.816044092,-1.084983834,-0.007758089,-0.029513533,1.087686123
6.322697639,-1.233659843,-0.003307338,-0.036207923,1.236429787
6.906028032,-1.362171152,0.000461038,-0.018006598,1.364998144
7.417916775,-1.516276411,0.005301588,-0.058476406,1.519193726
7.918439150,-1.622160544,0.012813629,-0.075029195,1.625345333
11.427726984,-1.625574846,0.013070283,-0.075029195,1.628769267
11.942905188,-1.718193812,0.014813249,0.038644255,1.721448814
12.451238155,-1.766303871,0.009687398,0.289134031,1.769902357
12.977147818,-1.784085845,0.001864411,0.567457921,1.789382189
13.498319387,-1.774110880,0.020983450,1.161867245,1.815089503
14.003409386,-1.750005199,0.156406060,1.547546171,1.953386301
14.505169630,-1.781237929,0.386370756,1.840073024,2.186280033
15.028572559,-1.869185700,0.619081790,1.987838081,2.435285388
15.550863266,-1.970402135,0.841578974,1.991715343,2.679724820
16.053266048,-2.050580730,1.045487790,1.888384053,2.898935279
16.559318542,-2.116770550,1.274156265,1.843398789,3.137013227
17.069998741,-2.190743923,1.501286390,1.952044333,3.376009994
17.587156057,-2.284346485,1.680788224,2.197516452,3.578934180
18.088195086,-2.363024148,1.761512204,2.498979738,3.692100443
18.612725735,-2.473871930,1.820876693,2.787210482,3.818273397
19.134327173,-2.597325798,1.850024178,3.022901447,3.945408698
19.642221928,-2.712427605,1.852843572,-3.077652053,4.060705660
20.150311232,-2.824692983,1.837052452,-2.930741310,4.174178512
20.672518969,-2.924938059,1.807806946,-2.794462389,4.278694960
24.888463020,-2.925562289,1.807581113,-2.794462389,4.279358786
25.411124706,-2.758445087,1.865721405,-2.855588847,4.456346545
25.925271273,-2.605440419,1.901251507,-2.965121952,4.613505664
26.443259716,-2.470625363,1.921786389,-2.995604585,4.749883806
26.966327906,-2.383429281,1.938177002,-2.880706319,4.838653825
27.467105627,-2.342614824,1.952776283,-2.636700852,4.882073641
27.973208904,-2.345034101,1.950489713,-2.292590186,4.887298782
28.476391554,-2.356717396,1.928316465,-1.895143231,4.912494478
28.979930401,-2.362278220,1.875614680,-1.524258675,4.965776486
29.502364635,-2.330219225,1.738119176,-1.218827019,5.107477391
30.012529373,-2.234306575,1.538756253,-1.065212469,5.328940833
30.527921200,-2.116736084,1.319423411,-1.137781440,5.577865830
31.037008762,-2.044626602,1.093276484,-1.400154154,5.815939016
31.546152353,-2.041915927,0.861016576,-1.728169621,6.049293245
32.054436684,-2.122819388,0.644538088,-2.144229306,6.282100189
32.555794239,-2.289588523,0.477685015,-2.555376285,6.519674152
33.059695482,-2.505258234,0.379123220,-2.844183366,6.757619583
33.583160400,-2.746438274,0.330634528,-3.021518800,7.003949493
34.090611696,-2.984093468,0.311202655,-3.079665893,7.242433958
34.595683575,-3.222754651,0.296982107,-3.082995339,7.481518585
35.119983435,-3.441928775,0.283783829,-3.079814580,7.701089874
35.645321846,-3.669965998,0.269742886,-3.078251597,7.929558999
36.147313118,-3.878259083,0.255222516,-3.070363966,8.138358464
36.668077946,-4.095887548,0.238998200,-3.063989801,8.356591366
37.177527428,-4.313826944,0.221391154,-3.058116391,8.575241232
37.689144373,-4.532923605,0.202563465,-3.058232679,8.795145573
38.196530342,-4.752252475,0.186359172,-3.076923946,9.015074876
38.700365782,-4.971970152,0.175489656,-3.113436816,9.235074646
39.223350048,-5.191758086,0.177855118,3.079004970,9.454953341
39.737198591,-5.408488630,0.207836513,2.914476480,9.673995847
40.259284735,-5.612699763,0.282166514,2.662646576,9.891894207
40.782175779,-5.776632265,0.398974351,2.369614942,10.093913103
41.293482542,-5.889103964,0.542562465,2.117354784,10.276808809
41.801598310,-5.973489041,0.716235133,1.943277835,10.470143066
42.308235884,-6.036032866,0.908753931,1.839866657,10.672662540
42.811780930,-6.095914627,1.120069516,1.892359216,10.892330095
43.315804482,-6.186041117,1.319724230,2.114885542,11.111838259
43.821292400,-6.315394693,1.475156676,2.439024374,11.314929316
44.336881161,-6.484323685,1.570773728,2.779066079,11.510034487
44.895149708,-6.689539433,1.622599355,2.995102257,11.722109022
45.396772861,-6.926815846,1.637041819,3.140376523,11.960053857
45.995582581,-7.114867364,1.634511064,-3.115580158,12.148128362
46.504562140,-7.384468098,1.624080372,-3.089372207,12.417939002
47.012903929,-7.566732688,1.613828931,-3.086478251,12.600491881
47.534308434,-7.739407814,1.605194365,-3.096505347,12.773383565
48.035617352,-7.866397467,1.599938799,-3.105144789,12.900482472
48.539570093,-7.970456182,1.596295973,-3.108052019,13.004604970
49.062923670,-8.075736195,1.593594375,-3.134653612,13.109922673
49.585492611,-8.136852314,1.594255370,3.122756734,13.171044563
56.261402607,-8.136852314,1.594255370,3.122756734,13.171044563
56.777168751,-8.293840752,1.594525043,-3.122905365,13.328043758
57.298991442,-8.509867471,1.583783594,-3.059754194,13.544374509
57.827281952,-8.718772072,1.562957758,-3.032290638,13.754321396
58.339018345,-8.937278769,1.537387651,-3.016490194,13.974321309
58.891048431,-9.145068522,1.507135656,-2.970114114,14.184321245
59.397000551,-9.378829401,1.453985390,-2.854063980,14.424185764
59.918791533,-9.582610566,1.373545004,-2.658012460,14.643616408
60.437353373,-9.756019981,1.250349813,-2.385027867,14.856989021
60.954428434,-9.865603336,1.113216383,-2.097013812,15.033142906
61.467793941,-9.927004672,0.963477599,-1.832050994,15.195461105
61.975240707,-9.956149475,0.776378975,-1.644296660,15.385100096
62.499497890,-9.966361234,0.562325964,-1.629449554,15.599406078
63.020299673,-9.994365411,0.357405810,-1.808008067,15.806514504
63.533377409,-10.063863949,0.180271680,-2.077140472,15.997384261
64.061643600,-10.158213934,0.051029292,-2.337837572,16.157856646
64.581620932,-10.263588802,-0.034201722,-2.585405508,16.293721196
65.098707914,-10.372969866,-0.085398510,-2.823364904,16.414779555
65.606802464,-10.480986506,-0.108407231,-3.038828731,16.525434206
66.122460842,-10.578267349,-0.109582608,3.067721605,16.622847972
66.631124020,-10.666542147,-0.096386087,2.922446471,16.712182401
67.135269642,-10.778874852,-0.061670420,2.754791194,16.829891329
67.647892237,-10.807594724,-0.049222235,2.715628038,16.861195142
74.189084291,-10.807594724,-0.049222235,2.715628038,16.861195142
74.691137791,-10.712810538,-0.097604287,2.646551441,16.967628526
75.204545259,-10.607409108,-0.159247850,2.562301524,17.089768033
75.708270788,-10.583625905,-0.176388658,2.416828693,17.119108233
76.229765654,-10.575844335,-0.184958029,2.186307889,17.130715119
76.736055613,-10.567694282,-0.199879794,1.907594020,17.147774447
77.247636080,-10.566496676,-0.203907423,1.574606285,17.152877758
77.757513523,-10.564543800,-0.194763674,1.248175279,17.162247757
78.278677464,-10.538832722,-0.149711274,0.951868207,17.214269770
78.791372299,-10.432293405,-0.034620421,0.731635480,17.371396479
79.305282116,-10.276742047,0.088626010,0.628672649,17.569942272
79.821294069,-10.161705904,0.168622237,0.597284856,17.710067580
80.333409786,-10.027254712,0.269735307,0.714267844,17.878392763
80.889721632,-9.932532028,0.368986378,0.933329971,18.015854900
81.401807785,-9.873799085,0.479250427,1.199453905,18.141168709
81.920359135,-9.823978537,0.647234702,1.329853579,18.316509110
82.437331676,-9.774502941,0.848672993,1.305457018,18.523942939
82.959721565,-9.703308944,1.053712977,1.142100819,18.741221077
83.472173691,-9.592004218,1.223486410,0.801627066,18.945251397
83.993566990,-9.415825870,1.345470595,0.421766412,19.160844687
84.512241364,-9.205604284,1.404730365,0.153456965,19.379936632
85.014520407,-8.997213567,1.423342865,0.044003869,19.589259132
85.527706146,-8.778125614,1.425347404,-0.018922888,19.808394522
86.037043810,-8.558409675,1.417869629,-0.040789540,20.028242988
86.549291372,-8.338926068,1.411098769,-0.020532864,20.247835538
87.068473816,-8.120034428,1.407890495,-0.011806054,20.466751397
87.574316502,-7.900341438,1.404954118,-0.011315263,20.686464090
88.077884912,-7.690426740,1.403277301,-0.007711885,20.896385655
88.589114189,-7.470488120,1.402659836,0.009454974,21.116328747
89.093673229,-7.260616974,1.406322107,0.021042574,21.326233088
89.613775730,-7.050653228,1.409034635,0.003755186,21.536217338
90.118415833,-6.830685150,1.406269584,-0.035966826,21.756217273
90.634462118,-6.611846222,1.388528284,-0.137711051,21.975871553
91.147502661,-6.397379603,1.340817778,-0.314873395,22.195868991
91.654093981,-6.198451789,1.248986567,-0.562477686,22.415519752
92.165981054,-6.040437119,1.113344215,-0.862975831,22.624549981
92.668145657,-5.928533091,0.928322103,-1.192392943,22.841756294
93.188839197,-5.879188329,0.715065649,-1.480247277,23.061415528
93.711764812,-5.882271486,0.495656284,-1.667482446,23.281177264
94.220847368,-5.913856438,0.278001691,-1.753063958,23.501176548
94.724692106,-5.957129028,0.072530118,-1.798502783,23.711175247
95.242628336,-6.008559997,-0.141247741,-1.816281800,23.931055481
95.744248390,-6.062994561,-0.343828368,-1.852325184,24.140834599
96.257954359,-6.128356873,-0.553841438,-1.896118224,24.360800989
96.773240805,-6.209146216,-0.769144038,-1.954159939,24.590800862
97.277796507,-6.288384917,-0.963596482,-1.962532385,24.800778783
97.785125017,-6.373517429,-1.166456053,-1.973055205,25.020778628
98.303858757,-6.462531638,-1.366999914,-2.009803927,25.240203288
98.806830168,-6.561782573,-1.563207724,-2.054610253,25.460114265
99.309188366,-6.663836247,-1.758104162,-2.056741664,25.680113798
99.822223425,-6.769158781,-1.951241587,-2.088395405,25.900113762
100.323642492,-6.876031208,-2.131998738,-2.121918093,26.110111907
100.890747547,-6.991288989,-2.307187124,-2.183469894,26.319854532
101.414017200,-7.139424233,-2.508550625,-2.229042500,26.569853561
101.934282064,-7.281558333,-2.676351689,-2.328293548,26.789853342
102.445930243,-7.443189078,-2.825309404,-2.474207269,27.009852908
102.967869520,-7.626650986,-2.945022926,-2.656301144,27.229225481
103.478216410,-7.829050081,-3.029207905,-2.837889036,27.448735829
104.001040220,-8.042851506,-3.076415291,-3.004239396,27.667937909
104.510484219,-8.259702798,-3.091408323,-3.130393330,27.885451672
105.028994799,-8.479278180,-3.085204777,3.088041461,28.105153973
105.535770655,-8.698420676,-3.073058602,3.090920072,28.324633378
106.043159962,-8.907952213,-3.064263827,3.106465879,28.534351946
106.558027983,-9.107408111,-3.057562066,3.110287455,28.733920521
107.075359583,-9.316905619,-3.050184173,3.098353230,28.943549377
107.594303370,-9.534968296,-3.038113768,3.075420466,29.161949986
108.113755703,-9.733296857,-3.023442003,3.062521575,29.360821635
108.617720604,-9.907192486,-3.009801448,3.075080040,29.535253046
109.135031939,-10.058670890,-3.003285089,3.122441300,29.686886557
109.643269062,-10.190961468,-3.004064198,-3.108287811,29.819194809
110.151974201,-10.294790357,-3.009751108,-3.067890001,29.923186275
110.673484325,-10.390310801,-3.018607050,-3.023611553,30.019124379
111.191468239,-10.490013898,-3.035066767,-2.936878264,30.120216449
111.710951328,-10.497023745,-3.036522171,-2.936878264,30.127375789
118.688703537,-10.497023745,-3.036522171,-2.936878264,30.127375789
119.189852953,-10.393157162,-3.011144233,-2.897392587,30.234302338
119.699917078,-10.244278897,-2.975409322,-2.913429189,30.387410983
120.207654715,-10.105996197,-2.941217734,-2.872246186,30.529869859
120.728216648,-9.983760173,-2.900822180,-2.742118695,30.658698361
121.247505426,-9.906168336,-2.857820410,-2.473113179,30.747641569
121.761223316,-9.894192318,-2.846978389,-2.060201891,30.764404456
122.266568661,-9.895513393,-2.854786345,-1.573767688,30.772446463
122.784023762,-9.883462258,-2.892323858,-1.079812324,30.812193069
123.287280798,-9.797969850,-2.989141447,-0.698794286,30.942073169
123.800074339,-9.620623261,-3.099164363,-0.429630592,31.151417861
124.318046808,-9.423442251,-3.170258350,-0.284540631,31.361207513
124.894695282,-9.211308884,-3.227646638,-0.261068875,31.580973765
125.403420925,-8.981361019,-3.295124319,-0.315694518,31.820648261
125.921781063,-8.774834862,-3.370810536,-0.379609131,32.040647882
126.440190077,-8.571077234,-3.452672059,-0.383783772,32.260235033
126.953568459,-8.368509328,-3.538455813,-0.421415715,32.480233626
127.459945679,-8.170293222,-3.633830745,-0.476033016,32.700233547
127.976105928,-7.978228876,-3.740996467,-0.556131757,32.920233388
128.486175060,-7.806548423,-3.861666899,-0.672787223,33.130196665
128.990981340,-7.646532923,-4.012055006,-0.844117669,33.350059420
129.502336740,-7.518140486,-4.190073928,-1.050653799,33.569931016
130.015872002,-7.432134526,-4.391381739,-1.282438450,33.789338132
130.525627136,-7.391752647,-4.606854134,-1.485868409,34.008932420
131.047366619,-7.393402491,-4.826567282,-1.660945884,34.228929247
131.549766302,-7.427123150,-5.043827214,-1.785244652,34.448928936
132.066771507,-7.481874718,-5.246308847,-1.888308188,34.658770337
132.574052572,-7.563757434,-5.449214658,-2.029147742,34.877750065
133.084907055,-7.667542803,-5.618047572,-2.219128789,35.076237440
133.600318670,-7.802287196,-5.763939693,-2.415867039,35.275151781
134.125671387,-7.949728665,-5.871315778,-2.611737510,35.457843658
134.635157585,-8.128277217,-5.955243531,-2.773761625,35.655356200
135.153058529,-8.329965062,-6.030143588,-2.766808834,35.870508475
135.668020010,-8.526930831,-6.124049367,-2.599478069,36.088975438
136.172210455,-8.694148766,-6.261878532,-2.285384064,36.306574319
136.684214115,-8.808844594,-6.447745447,-1.986637944,36.525800449
137.202471972,-8.880438333,-6.655575155,-1.850936762,36.745797995
137.717929363,-8.944250024,-6.866092263,-1.897715710,36.965797909
138.228322506,-9.020467943,-7.059943124,-1.995933281,37.174176745
138.739015341,-9.113300968,-7.237034926,-2.117098585,37.374246517
139.247767687,-9.210258284,-7.377372740,-2.228536276,37.544910456
139.761032104,-9.310919967,-7.497829867,-2.300276321,37.701925382
140.276144028,-9.397745086,-7.590787647,-2.343730505,37.829135196
140.790297747,-9.477409705,-7.669431527,-2.377652149,37.941084094
141.298071861,-9.549168110,-7.739355625,-2.341452607,38.041283651
141.811777592,-9.578900716,-7.770677955,-2.326245253,38.084471106
149.610988855,-9.578900716,-7.770677955,-2.326245253,38.084471106
150.130605698,-9.484327355,-7.669297786,-2.340789386,38.223122570
150.649018764,-9.375874973,-7.560189957,-2.357631619,38.376963715
151.150189161,-9.284435200,-7.461401686,-2.245448278,38.511646493
151.672217846,-9.220884400,-7.360275711,-1.986009766,38.631408113
152.181056261,-9.202156502,-7.293126911,-1.650116041,38.701430729
152.695192575,-9.205707884,-7.257207908,-1.232826791,38.737772012
153.208831310,-9.203750236,-7.256707906,-0.739456718,38.748609867
153.723970413,-9.191899319,-7.264988204,-0.251637643,38.764802985
154.241695881,-9.168608792,-7.264044906,0.225366217,38.788257708
154.764203787,-9.115863787,-7.235305136,0.691029445,38.848831159
155.275376081,-9.028704668,-7.121509260,1.067821526,38.992958866
155.782292604,-8.951181445,-6.922373355,1.308493380,39.207160271
156.298156261,-8.909262821,-6.706801896,1.422406685,39.426893548
156.802543163,-8.877953306,-6.499363397,1.399458359,39.636688026
157.312447786,-8.826328084,-6.285752804,1.246072072,39.856654986
157.894167423,-8.727213141,-6.091177683,0.926558899,40.075962566
158.399301529,-8.548493371,-5.936865108,0.494529306,40.313931249
158.912420511,-8.344936546,-5.869022778,0.169246541,40.529459005
159.427292824,-8.126562503,-5.854717720,-0.020126387,40.748624700
160.015002012,-7.958027376,-5.864649367,-0.077509013,40.917479601
160.523265123,-7.678720444,-5.876960797,0.001525632,41.197142580
161.033920527,-7.459482731,-5.869386836,0.062771403,41.416547538
161.544643641,-7.240095967,-5.853986348,0.070321216,41.636474993
162.070886135,-7.010802214,-5.839359791,0.053028303,41.866238016
162.589863062,-6.791174600,-5.831640094,0.015938331,42.086014182
163.111115932,-6.571579395,-5.830617052,-0.005235070,42.305615298
163.624282360,-6.361864796,-5.833653316,-0.021603694,42.515354243
164.143754005,-6.152694331,-5.837553396,-0.015092136,42.724561491
164.644750834,-5.942945929,-5.839776139,-0.007668208,42.934322220
165.166193724,-5.723139404,-5.841166189,-0.006365593,43.154133180
165.676359415,-5.504413463,-5.842348019,-0.002690045,43.372862408
166.179930210,-5.294566281,-5.843196865,-0.005631615,43.582711514
166.697091818,-5.075264824,-5.844816163,-0.010269656,43.802019169
167.215307951,-4.856186699,-5.846775173,-0.000546695,44.021107252
167.722359896,-4.636709439,-5.847260670,-0.005203406,44.240585597
168.245889902,-4.416816287,-5.848808917,-0.010792371,44.460484440
168.754355907,-4.216978046,-5.852089794,-0.019232147,44.660350419
169.261450529,-4.007483726,-5.855829892,-0.018552499,44.869878199
169.788250446,-3.797690835,-5.858861607,-0.009863882,45.079693810
170.303251028,-3.578074597,-5.860643610,-0.007734867,45.299317312
170.813418865,-3.348752377,-5.862417695,-0.009099442,45.528646413
171.316627026,-3.119467228,-5.864024477,-0.000170786,45.757938557
171.908523321,-2.879665358,-5.863599816,0.001173611,45.997740844
172.423818350,-2.600102586,-5.864330574,-0.005519700,46.277304861
172.948406935,-2.361363578,-5.866342038,-0.006419068,46.516052524
173.470984459,-2.131588691,-5.868656216,-0.014512827,46.745839807
173.981177330,-1.891630663,-5.872464773,-0.013406153,46.985828230
174.488502264,-1.651791227,-5.875563968,-0.015611263,47.225687822
175.000032425,-1.412540362,-5.879073350,-0.011855115,47.464965100
175.512764931,-1.213288939,-5.881359531,-0.009975866,47.664229722
176.019171715,-0.993373767,-5.884752328,-0.021733504,47.884172528
176.523648262,-0.763841860,-5.889284094,-0.015104818,48.113749783
177.028652906,-0.525585157,-5.892271033,-0.011240316,48.352025305
177.538388491,-0.287006061,-5.896009704,-0.018795059,48.590634535
178.048992872,-0.047482012,-5.899748288,-0.008137791,48.830189304
178.566762209,0.202124218,-5.902563478,-0.014166817,49.079811955
179.073264599,0.431048166,-5.905146020,-0.005038922,49.308751674
179.582224607,0.670102209,-5.906316215,-0.008844629,49.547808795
180.091578484,0.909534767,-5.909998668,-0.022186523,49.787271786
180.593668222,1.149135064,-5.915314832,-0.020053575,50.026931359
181.114755392,1.388822164,-5.919579694,-0.022686766,50.266657046
181.636691570,1.638240557,-5.925936398,-0.025052945,50.516156553
182.145211935,1.867256854,-5.932788737,-0.036769754,50.745276876
182.646329165,2.097113645,-5.940771640,-0.029727888,50.975273701
183.153151512,2.336356860,-5.947043360,-0.027020473,51.214599685
183.663611174,2.575823783,-5.958882418,-0.077481576,51.454387756
184.175606728,2.813983343,-5.986854147,-0.151821159,51.694243928
184.707308292,3.059537141,-6.032581607,-0.222402367,51.944071622
185.221771002,3.287216798,-6.093010603,-0.294419358,52.179687169
185.724472046,3.485435122,-6.157941126,-0.331764784,52.388281172
186.250881910,3.648874970,-6.217400568,-0.373142284,52.562213173
186.769720793,3.770450919,-6.268954006,-0.434760154,52.694289049
187.295334578,3.878351312,-6.323856064,-0.506823800,52.815379985
187.813739538,3.979050047,-6.383432554,-0.542049426,52.932391085
194.460162163,4.030746284,-6.414014263,-0.531763078,52.992455890
194.977168560,4.062278926,-6.442467891,-0.843999698,53.045658532
195.508307457,4.106826421,-6.525778116,-1.239990231,53.140712804
196.025292158,4.138597383,-6.732429195,-1.553573155,53.350617641
196.538103104,4.122127613,-6.971228629,-1.690688158,53.590186313
197.053591967,4.095488500,-7.209663079,-1.657245636,53.830120045
197.560436249,4.084880567,-7.449349142,-1.568868972,54.070119861
198.076306820,4.098644075,-7.688810236,-1.449138513,54.310119579
198.584046841,4.146403710,-7.923603922,-1.281005584,54.550009430
199.093771219,4.239078374,-8.143172361,-1.051998051,54.788851400
199.606197357,4.386710812,-8.329202384,-0.737890294,55.027318491
200.113356352,4.586967186,-8.458290779,-0.410476966,55.266649610
200.623042107,4.815921962,-8.522101291,-0.153259374,55.505002952
201.134868383,5.054034421,-8.545237403,-0.063844797,55.744312459
201.641583204,5.281575165,-8.558030536,-0.061897858,55.972213762
202.162568331,5.470548674,-8.573098940,-0.095537069,56.161796785
202.672150612,5.626740134,-8.587450060,-0.063911445,56.318652166
203.174841881,5.737265041,-8.586532060,0.100061327,56.429307920
203.686381102,5.833105372,-8.567005081,0.304749147,56.527289090
204.196543455,5.919357441,-8.530766899,0.491078139,56.620980052
204.708074331,5.979900881,-8.493167412,0.611433226,56.692294517
211.381775618,6.036787283,-8.453056244,0.609545844,56.761900787
211.890827656,5.942428889,-8.512770307,0.511353120,56.873609851
212.396644115,5.775144609,-8.576631207,0.210021728,57.053410162
212.902497053,5.615369691,-8.595041986,0.044126262,57.214428828
213.410121441,5.454438777,-8.595571238,-0.027863233,57.375395572
213.922051191,5.293745804,-8.587420349,-0.073886567,57.536309911
214.423385859,5.133801880,-8.571804787,-0.123775676,57.697029816
214.937828064,4.968243415,-8.544637384,-0.203538102,57.864843826
215.444315910,4.812375725,-8.505106479,-0.287589950,58.025694676
215.990899801,4.693159617,-8.465911639,-0.347840524,58.151207462
216.508321047,4.514874553,-8.392566673,-0.428043362,58.344047754
217.027632952,4.382931512,-8.333661954,-0.397880791,58.488548654
217.530843735,4.248960941,-8.286202255,-0.257405880,58.630790504
218.033917189,4.168809397,-8.273093361,0.070239546,58.712230433
218.552929878,4.173503849,-8.271193743,0.559309066,58.719598292
219.066627026,4.206586523,-8.228939951,1.037986568,58.774317963
219.576332092,4.262915899,-8.068606608,1.381331438,58.945055004
220.089478493,4.274893853,-7.834992853,1.631888842,59.179580617
220.613454342,4.242221845,-7.587717672,1.742724334,59.429142160
221.121205568,4.209235846,-7.352408882,1.646938042,59.666853453
221.623287678,4.208257991,-7.115222863,1.514612594,59.904222758
222.135352612,4.229326946,-6.876376105,1.459682377,60.144027321
222.656570435,4.258828380,-6.638203761,1.444723477,60.384022974
223.170459270,4.287399676,-6.400023049,1.456512385,60.623912716
223.674993515,4.315768294,-6.161721501,1.442578775,60.863898698
224.191231966,4.351372945,-5.924397002,1.397279550,61.103898604
224.701234818,4.401208406,-5.689685906,1.322978224,61.343898478
225.209811211,4.466180432,-5.458919689,1.269034315,61.583661104
225.723694801,4.546819065,-5.233216934,1.186051658,61.823404901
226.237178564,4.645339910,-5.014798372,1.114510235,62.063062188
226.742595911,4.757621509,-4.802920802,1.060863669,62.302884626
227.251142263,4.873839231,-4.592942012,1.069080429,62.542881218
227.767233372,4.988907528,-4.382698312,1.073104348,62.782554291
228.282567501,5.102300473,-4.171178870,1.087528392,63.022552872
228.792993069,5.212846264,-3.958310885,1.095350701,63.262413823
229.301233768,5.320995554,-3.744092487,1.100191544,63.502386523
229.807295322,5.432608468,-3.531632878,1.076133152,63.742386382
230.312941074,5.548345449,-3.322063832,1.051046849,63.981796717
230.822710991,5.671263933,-3.116549583,1.005985031,64.221283463
231.338131428,5.799471120,-2.913879954,1.017726914,64.461103107
231.887351751,5.918113866,-2.716849918,1.040776052,64.691102022
232.402557611,6.058131860,-2.486027225,0.997363248,64.961101952
232.905848265,6.193732234,-2.288073806,0.943989068,65.201078387
233.415392876,6.335245205,-2.094234932,0.946376587,65.441078306
233.918976545,6.471182104,-1.896519089,0.991204041,65.681041259
234.433831215,6.601630175,-1.695140268,0.998277300,65.920979322
234.952986002,6.731099916,-1.493080491,0.997405957,66.160959974
235.457717896,6.862579250,-1.292358959,0.983235819,66.400911294
235.977779150,7.007713656,-1.089308088,0.893518633,66.650586064
236.490455151,7.173016501,-0.915848657,0.716022129,66.890513259
237.016050577,7.378149616,-0.774794303,0.486754126,67.140011159
237.530961752,7.600239991,-0.687369205,0.274526298,67.379153316
238.041922092,7.834667800,-0.639105001,0.150528177,67.618659725
238.558187485,8.072108930,-0.604199788,0.163029362,67.858657768
239.072734356,8.306931977,-0.555850741,0.251505085,68.098484373
239.583380461,8.521037532,-0.486086629,0.384375373,68.323838139
240.093479633,8.705147542,-0.398713999,0.490996921,68.527730309
240.594910860,8.867899001,-0.308873094,0.514108122,68.713635605
241.103942871,9.004295082,-0.231047191,0.521826507,68.870673417
241.613286972,9.109341428,-0.170510629,0.522537134,68.991914545
242.123545170,9.205738489,-0.115883571,0.496049898,69.102717096
242.632853031,9.288972768,-0.074183675,0.446778091,69.195825317
249.388087034,9.289307463,-0.074023327,0.446778091,69.196196441
249.904549599,9.407757664,0.000558485,0.716252483,69.336616751
250.425623417,9.499059529,0.112268435,1.033929397,69.481499055
250.934271812,9.574002029,0.293149698,1.297289197,69.677854504
251.458788395,9.616851941,0.510971780,1.428576043,69.900021549
251.978004694,9.651684395,0.746618399,1.396215697,70.138240533
252.494576693,9.713661988,0.976637336,1.200189035,70.376861879
253.017798424,9.821421145,1.166779200,0.887448659,70.596355458
253.526725769,9.982584691,1.306386892,0.543781937,70.810647559
254.026953936,10.161416290,1.379261024,0.235803430,71.004531655
254.540489435,10.353592410,1.402286565,0.033011949,71.198423898
255.055314302,10.524612554,1.402293780,-0.016763739,71.369464169
255.560785532,10.672692385,1.400782540,0.003605193,71.517554449
256.070618629,10.799223445,1.403985807,0.050420074,71.644138182
256.578357220,10.905233190,1.411647172,0.090194515,71.750432253
262.995290756,11.018828390,1.422031764,0.088670859,71.864501412
263.506519079,10.875495061,1.402215150,0.120384126,72.009215790
264.024900198,10.715759749,1.392625552,0.013368180,72.169319878
264.540034771,10.547916500,1.393525388,-0.006452024,72.337170214
265.052349329,10.380142804,1.388239515,0.087403850,72.505087080
265.565450191,10.214780019,1.359768900,0.258411375,72.673091260
266.072587490,10.056612088,1.303775800,0.416543367,72.841044344
266.577630281,9.910341996,1.221799004,0.620766502,73.009011025
267.086078405,9.786543170,1.108788362,0.851719442,73.177010244
267.598380327,9.689848312,0.971768157,1.057266759,73.345009727
268.109947443,9.621148874,0.818696613,1.232235998,73.513009349
268.616434097,9.575738153,0.657060189,1.355034964,73.681009161
269.133474827,9.545337812,0.491879892,1.411929476,73.848986800
269.640718937,9.518675319,0.326052329,1.404580984,74.016945042
270.152266502,9.491863272,0.165968515,1.417171644,74.179259780
270.659668446,9.476744520,0.021677382,1.538774880,74.324426577
271.174479961,9.486513511,-0.096854811,1.830932971,74.443717609
271.684231758,9.490651649,-0.109599316,2.302852012,74.459933879
272.194588900,9.454192413,-0.091009863,2.872086653,74.501303377
272.706417322,9.297430820,-0.092729426,-2.958964908,74.659277622
273.217981577,9.072711332,-0.173408318,-2.660775889,74.898945190
273.726967812,8.867678539,-0.297618611,-2.559059855,75.138764964
274.242312908,8.669692969,-0.432660287,-2.538048746,75.378425580
274.750009060,8.469473681,-0.564346587,-2.593610883,75.618100436
275.266922951,8.259552827,-0.678180703,-2.706677177,75.857021575
275.780329466,8.034074394,-0.758810866,-2.890227533,76.096823888
276.289752960,7.797873348,-0.800005541,-3.034107500,76.336802509
276.791440725,7.568547736,-0.812978768,3.140567791,76.566605184
277.297330856,7.329775732,-0.794156624,2.975829224,76.806389449
277.810472965,7.098468116,-0.732417619,2.789981608,77.046147458
278.330514431,6.879967309,-0.633878756,2.652716847,77.286031473
278.880455017,6.672757226,-0.513102360,2.587506397,77.525913096
279.387556314,6.452557384,-0.374929576,2.583501682,77.785874550
279.897681952,6.248755977,-0.249089721,2.587954605,78.025396876
280.408983946,6.047983671,-0.118915503,2.532117001,78.264707096
280.921554565,5.861727194,0.031961078,2.379899495,78.504642425
281.435174227,5.708218364,0.215167026,2.141812357,78.744243785
281.954601526,5.606666979,0.431832578,1.882656401,78.984203448
282.465152979,5.558064376,0.666291690,1.674140623,79.224077552
283.592175722,5.553177561,0.836028030,1.520477548,79.394053230
284.100048304,5.693581074,1.406962787,1.235579054,79.984052028
284.607031107,5.775788835,1.632438930,1.215302714,80.224051988
285.111139536,5.855594385,1.848130782,1.210198976,80.454034935
285.615586758,5.943299531,2.071522582,1.179232894,80.694034841
286.124974489,6.039586692,2.291116595,1.138302150,80.933826868
286.634740353,6.145205867,2.506581600,1.099685809,81.173804925
287.149339199,6.250517061,2.721865553,1.137167218,81.413481585
287.674581051,6.349417566,2.938878955,1.143276392,81.651969245
288.285668612,6.447586747,3.147732682,1.109350309,81.882755229
288.802641630,6.520346657,3.285233667,1.055271022,82.038340157
289.307421446,6.587065636,3.395598904,0.997725901,82.167322856
289.885094643,6.649483932,3.486565859,0.938965841,82.277660664
290.402082205,6.729509213,3.584912118,0.837479456,82.404518416
290.907349348,6.734735444,3.590713186,0.837479456,82.412326481
296.766563177,6.734735444,3.590713186,0.837479456,82.412326481
297.281984568,6.642780209,3.489745094,0.845870529,82.548894237
297.786470413,6.575208421,3.404076702,0.999522793,82.658102977
298.305434942,6.564976718,3.385758773,1.357173251,82.680862241
298.813690901,6.563947556,3.401050118,1.860907066,82.696312498
299.330104113,6.530230159,3.449660849,2.334568404,82.755914472
299.881039143,6.375949594,3.559522000,2.656297444,82.946053017
300.397498131,6.124825996,3.654933064,2.870234314,83.215202203
300.902421236,5.901772694,3.709376260,2.910031255,83.444821310
301.409582376,5.671440737,3.774493380,2.794705629,83.684316269
301.913310289,5.465459230,3.874672889,2.571461488,83.913848638
302.426488638,5.285469910,4.031010939,2.267574481,84.153183014
302.942654848,5.164031806,4.236536785,1.947898242,84.392929376
303.457674026,5.104698783,4.468525449,1.715450030,84.632921467
303.970075607,5.087377429,4.706101629,1.593028907,84.871283617
304.476878166,5.089129053,4.931882543,1.526006885,85.097112682
304.994730234,5.109869241,5.136461235,1.402814567,85.302874831
305.513300657,5.153011376,5.303008034,1.198332374,85.475213408
306.020741701,5.198037020,5.390938284,0.974802540,85.574203944
306.534368277,5.257465116,5.458270982,0.725557942,85.664242105
307.044508696,5.328835330,5.507770637,0.486000604,85.751306535
307.552156448,5.399289575,5.536636808,0.275808343,85.827573014
308.060922146,5.462912116,5.547575042,0.098608985,85.892210419
308.566891670,5.498545265,5.550195927,0.054440792,85.927943059
314.542839766,5.498545265,5.550195927,0.054440792,85.927943059
315.058002472,5.369207830,5.542390930,0.056381633,86.057515900
315.570033550,5.284369152,5.539377987,-0.005844449,86.142420402
316.077400208,5.224221595,5.545274903,-0.210950279,86.202956254
316.597983122,5.215047838,5.546777526,-0.553857647,86.220934577
317.118758440,5.228285014,5.533533221,-0.974844180,86.239760627
317.650114775,5.263954093,5.424045700,-1.412923845,86.355674162
318.168480396,5.261591979,5.215579447,-1.719135510,86.564972654
318.684073448,5.205746547,4.982642402,-1.868991764,86.804732120
319.187190056,5.131262277,4.765107351,-1.915132765,87.034688325
319.696989536,5.054804441,4.538772748,-1.858044285,87.273619676
320.204098225,5.003872336,4.305344832,-1.714524446,87.512746412
320.719242334,4.985007433,4.067948718,-1.596851314,87.751034279
321.232959270,4.983173704,3.829110304,-1.568884331,87.989885889
321.750317097,4.985111671,3.590227014,-1.566126737,88.228777794
322.257684708,4.982904749,3.353449868,-1.587801566,88.465572153
322.769936562,4.980888634,3.116134038,-1.569950889,88.702900749
323.286002159,4.981519696,2.877823460,-1.564101380,88.941212368
323.802987337,4.986165737,2.640194504,-1.540956137,89.178894250
324.314104557,4.992017065,2.401809381,-1.548573099,89.417351957
324.893475294,5.001108008,2.162838015,-1.509773717,89.656514236
325.405509472,5.023549162,1.914886842,-1.444523469,89.905524511
325.909772158,5.059330738,1.698580273,-1.370223550,90.124823793
326.427308798,5.114286218,1.465204393,-1.311050541,90.364617035
326.939521551,5.179518725,1.235602279,-1.284259118,90.603313959
327.448443890,5.243291160,1.006507584,-1.315580808,90.841131096
327.961914062,5.299058955,0.773425419,-1.356563595,91.080811252
328.476607561,5.349376835,0.541203713,-1.348606793,91.318422919
328.997423172,5.386684516,0.389260658,-1.305700677,91.474891202
329.512036085,5.487052111,0.102856243,-1.143588301,91.778699189
330.024733305,5.602371821,-0.096151003,-0.949483150,92.009085930
330.543793917,5.752564011,-0.283249790,-0.869749027,92.249077140
331.065925837,5.900141401,-0.472332698,-0.967684180,92.489038039
331.580743074,6.018013538,-0.680482566,-1.159159303,92.728607739
332.084115505,6.082514827,-0.907596428,-1.426924347,92.965422133
332.599121094,6.088622110,-1.145300379,-1.647315190,93.203695980
333.117056131,6.055003627,-1.382684713,-1.754182691,93.443568429
333.638814449,6.008133166,-1.617947273,-1.782759674,93.683461973
334.148910046,5.951648819,-1.850964428,-1.838221911,93.923260984
334.652112484,5.881677518,-2.080468820,-1.897062021,94.163228869
335.157663822,5.801561688,-2.295588924,-1.943332471,94.392809630
335.662913561,5.715944504,-2.519794090,-1.937057559,94.632807490
336.179369688,5.628018486,-2.743049634,-1.946203990,94.872755810
336.700432539,5.540869246,-2.966527355,-1.947517695,95.112625721
337.210068703,5.448937675,-3.188157352,-1.977845155,95.352576354
337.714233875,5.350006441,-3.406678771,-2.015192721,95.592461923
338.215302467,5.247496544,-3.612552056,-2.045078509,95.822453083
338.718267202,5.140624442,-3.815610194,-2.070526104,96.051924397
339.235173702,5.025433683,-4.026155856,-2.078246837,96.291921572
339.743871450,4.905044074,-4.233744861,-2.113978276,96.531907238
340.259454250,4.777932425,-4.436956290,-2.134881778,96.771607618
340.779508352,4.651118281,-4.640714746,-2.131020892,97.011607243
341.296318531,4.521458297,-4.842674092,-2.142149279,97.251607211
341.815536261,4.384928143,-5.052098202,-2.153338759,97.501607178
342.315693378,4.257883464,-5.243822105,-2.159672606,97.731604037
342.825522661,4.124705226,-5.443338770,-2.151794029,97.971486689
343.327715158,3.998744479,-5.647327654,-2.086057663,98.211275110
343.908642054,3.892110965,-5.860795472,-1.978877225,98.450007229
344.424989939,3.798579772,-6.123666312,-1.844877506,98.729229453
344.927338123,3.748317410,-6.347721329,-1.746852437,98.958946645
345.439855814,3.712873018,-6.582931898,-1.708335500,99.196829394
345.948185921,3.677527860,-6.819340764,-1.741350997,99.435877440
346.463442802,3.630581619,-7.046310930,-1.803582945,99.667690184
346.976818800,3.573151931,-7.276074035,-1.820210320,99.904524709
347.488102674,3.515821968,-7.508770256,-1.801266656,100.144182536
348.001093864,3.467714028,-7.743718783,-1.728787517,100.384060015
348.507422447,3.448888323,-7.977865267,-1.546424708,100.619276004
349.027813911,3.491814841,-8.209694209,-1.217603253,100.856135914
349.540229321,3.614066121,-8.413403880,-0.840258268,101.095153236
350.054621220,3.799839367,-8.558295465,-0.492057817,101.331939691
350.561986685,4.024217485,-8.639735866,-0.229497084,101.571327415
351.083031178,4.261327479,-8.675210114,-0.083173611,101.811288043
351.593887568,4.500999710,-8.686933584,-0.042119524,102.051270779
352.097966909,4.730005341,-8.705615954,-0.134152721,102.281124204
352.614758492,4.964555241,-8.755162299,-0.298335622,102.521122906
353.127124310,5.184857847,-8.848998198,-0.513691038,102.761030568
353.650041342,5.382059146,-8.999255688,-0.798136260,103.009809495
354.164618492,5.520190082,-9.188776298,-1.084254388,103.245134423
354.695168257,5.604885649,-9.416332981,-1.315789587,103.488498973
355.209316730,5.652441793,-9.649239018,-1.399881084,103.726285608
355.721088409,5.691785983,-9.885729341,-1.411657853,103.966027921
356.228986263,5.728839615,-10.122500800,-1.420971985,104.205681940
356.747468710,5.762364341,-10.359413472,-1.446696902,104.444961440
357.249383450,5.786540634,-10.597178375,-1.488284594,104.683970516
357.771176577,5.803555112,-10.846553270,-1.514546171,104.933933118
358.280403614,5.818147848,-11.086102970,-1.495995023,105.173930989
358.806548834,5.844952858,-11.324323201,-1.402547225,105.413741277
359.314290524,5.905781423,-11.555546289,-1.208619305,105.653202505
359.825936556,6.019261789,-11.765386334,-0.922862301,105.892563025
360.340038300,6.188008288,-11.924442253,-0.587397643,106.125538777
360.880883932,6.393180288,-12.019870252,-0.297833187,106.352612733
361.393624067,6.593402056,-12.059302804,-0.108568257,106.556999738
361.986788273,6.740824359,-12.071768950,-0.083314301,106.704954634
362.496032000,6.924127703,-12.097182372,-0.213242384,106.890149511
363.006713629,7.045280228,-12.131745887,-0.346056460,107.016227033
363.511584759,7.148721072,-12.176928727,-0.475026606,107.129184159
364.022674799,7.232680841,-12.225378168,-0.559705524,107.226152583
364.531826973,7.286836730,-12.259161116,-0.555584791,107.289981778
370.238193989,7.286836730,-12.259161116,-0.555584791,107.289981778
370.746519089,7.393106680,-12.315151134,-0.399910774,107.410232495
371.256973267,7.612531462,-12.372717103,-0.135402625,107.637758449
371.766024351,7.851586914,-12.388919798,-0.016702688,107.877495521
372.282659292,8.091138565,-12.389113671,0.005944072,108.117051284
372.791675091,8.331068838,-12.388957129,-0.008238769,108.356984493
373.300704002,8.570841569,-12.393454887,-0.026808812,108.596802210
373.818182468,8.810720571,-12.400929213,-0.025016315,108.836798356
374.340229511,9.060463079,-12.398971563,0.060364770,109.086625815
374.887461185,9.287233422,-12.364830840,0.255391266,109.316316750
375.401119232,9.532610945,-12.257642916,0.573113954,109.585232766
375.910722971,9.707941074,-12.098933967,0.904933387,109.822839697
376.428361177,9.824083668,-11.891478805,1.202203980,110.061482784
376.929418325,9.885041838,-11.670751890,1.387507007,110.290800821
377.449705601,9.911568191,-11.432417068,1.524636516,110.530798264
377.959620714,9.910861996,-11.192553554,1.619539151,110.770755305
378.469686031,9.887131572,-10.954067125,1.728171194,111.010542178
378.976413965,9.833955300,-10.720252353,1.872574494,111.250541580
379.492929935,9.744352153,-10.498173411,2.041688965,111.490297551
380.002645254,9.630433156,-10.318473208,2.234810482,111.703401119
380.513029575,9.502939648,-10.180524907,2.387136564,111.891426888
381.027820587,9.378896517,-10.075069950,2.481661704,112.054299194
381.547916889,9.271942112,-9.996771396,2.534715554,112.186865772
382.054129362,9.176453270,-9.932749134,2.559420212,112.301834680
382.557408094,9.090871370,-9.873902927,2.518416392,112.405707882
388.232327223,9.086857377,-9.871018010,2.518416392,112.410651047
388.753055334,9.020608338,-9.810799305,2.263695594,112.500469691
389.272203684,8.922915779,-9.639072993,1.951745279,112.698791530
389.790256500,8.859926053,-9.408287672,1.743827022,112.938455478
390.305488348,8.828467103,-9.171350360,1.682772818,113.177511629
390.814875126,8.799338720,-8.934340324,1.704490301,113.416310070
391.324334145,8.765835297,-8.696768318,1.711899942,113.656233527
391.889897585,8.732710429,-8.459072890,1.705177293,113.896226533
392.401991844,8.698172475,-8.201380555,1.720361997,114.156226491
392.921978235,8.650472810,-7.977036881,1.864724695,114.385783348
393.424561739,8.556179495,-7.758786786,2.098759368,114.624068077
393.939652920,8.440896351,-7.605307514,2.346143774,114.816508996
394.451479435,8.308598628,-7.498199967,2.557242769,114.987051927
394.970599174,8.166993962,-7.416552352,2.668670684,115.150593566
395.492767096,8.038182771,-7.355419238,2.721856156,115.293192249
395.997043371,7.931898114,-7.309636633,2.743687210,115.408920246
396.513628006,7.838072501,-7.269110223,2.705906465,115.511130548
402.278686523,7.784649879,-7.242619039,2.668330135,115.570765071
402.782367945,7.875972570,-7.296607396,2.559675413,115.676896643
403.296017408,7.950903741,-7.353016881,2.413771594,115.770773735
403.810129404,8.014180397,-7.425288427,2.102912451,115.867182700
404.321192503,8.026197224,-7.459166716,1.626320098,115.903460967
404.889818430,8.024168152,-7.469363765,1.054480142,115.914022900
405.406280994,8.059428103,-7.443952352,0.406480143,115.958626674
405.923707485,8.227608252,-7.429470562,-0.156597109,116.129539720
406.434772730,8.441217957,-7.524972869,-0.656398823,116.365982815
406.944261789,8.597719896,-7.700135469,-1.016512737,116.602107007
407.455038071,8.684226340,-7.904525220,-1.309245712,116.824846197
407.968936920,8.719346521,-8.139401797,-1.518136366,117.062765644
408.490217686,8.719049084,-8.379112156,-1.602823417,117.302552653
409.009479523,8.713874188,-8.619038928,-1.563281791,117.542551860
409.514941454,8.732251816,-8.857829533,-1.410056750,117.782293398
410.039029598,8.797304362,-9.098738006,-1.205429181,118.032290581
410.547097206,8.899150779,-9.315869221,-1.077939496,118.272290250
411.047544718,9.014720216,-9.514681308,-1.021057083,118.502281451
411.558609724,9.140436302,-9.718851199,-1.018860141,118.742051979
412.061415911,9.265641776,-9.923601072,-1.027157260,118.982051243
412.563709974,9.383945779,-10.119958853,-1.035609348,119.211295117
413.086224794,9.503382697,-10.327974752,-1.060276761,119.451168888
413.590579748,9.616080432,-10.537896090,-1.106960627,119.689449960
414.103320122,9.710974202,-10.757380626,-1.227364291,119.928717981
414.608184099,9.774332070,-10.988106014,-1.375729197,120.168203807
415.117291689,9.803243779,-11.226009068,-1.521565608,120.408073489
415.620986700,9.801415955,-11.455891023,-1.627235804,120.638073173
416.124400854,9.776744629,-11.694515218,-1.728950473,120.878072960
416.640573025,9.720343086,-11.924053400,-1.926062432,121.114797727
417.152586460,9.601975548,-12.121218248,-2.305574234,121.346177893
417.660115957,9.412518781,-12.265187828,-2.648225186,121.585351752
418.167715311,9.193277100,-12.360795564,-2.795909406,121.824743866
418.675992966,8.964657936,-12.427830830,-2.919593867,122.063138549
419.185456991,8.731532883,-12.463836521,-3.054001192,122.299207330
419.702356339,8.492499977,-12.471638738,3.128230413,122.538472169
420.218972921,8.253910008,-12.462182120,3.079693192,122.777272421
420.732788086,8.016011175,-12.443630034,3.052373613,123.015902593
421.234145403,7.778206537,-12.421019434,3.040674830,123.254780895
421.745979548,7.539974792,-12.393475524,3.001492981,123.494614554
422.265043974,7.304162831,-12.351504828,2.933262026,123.734178283
422.778035164,7.071149742,-12.295579225,2.887315484,123.973830450
423.289265633,6.840205562,-12.232172745,2.862757174,124.213327735
423.797900677,6.610207797,-12.165353557,2.855419594,124.452835740
424.316980839,6.381302630,-12.094075480,2.813145404,124.692600521
424.899980068,6.160815207,-12.002950651,2.661583093,124.931410041
425.402020454,5.945983423,-11.848302735,2.342014202,125.197222641
425.926336527,5.835151164,-11.690113976,2.021818469,125.391209805
426.442595243,5.762346210,-11.414416441,1.674343579,125.677824001
426.956844568,5.754906291,-11.174880159,1.559993500,125.917617174
427.468091726,5.757022886,-10.934931034,1.569196308,126.157576778
427.984495163,5.752927892,-10.695180556,1.603009093,126.397375273
428.485831022,5.744784865,-10.455321655,1.611962452,126.637372909
429.004027605,5.726934367,-10.216033640,1.675886522,126.877370501
429.517318249,5.694205038,-9.978400065,1.736466124,127.117287590
430.025172949,5.643313125,-9.744512918,1.840385381,127.356768901
430.537757874,5.565739242,-9.517779446,1.969259059,127.596571842
431.051474094,5.454027476,-9.305876965,2.155274213,127.836474435
431.565550804,5.299739042,-9.123222967,2.391416082,128.076133696
432.078274012,5.108158824,-8.979949874,2.600621050,128.315787118
432.611571789,4.883213181,-8.873658938,2.798202555,128.564983680
433.122314453,4.653702968,-8.810679534,2.937647181,128.803160416
433.632366419,4.417102069,-8.771912531,3.007547626,129.042964912
434.156474352,4.189527331,-8.738725714,2.966776973,129.272964585
434.660327435,3.975133172,-8.689807006,2.861053520,129.492964343
435.165028811,3.749171628,-8.609314706,2.746048696,129.732964080
435.675282717,3.533593464,-8.504797233,2.628572645,129.972676062
436.192397833,3.333466959,-8.372798084,2.483591310,130.212617846
436.704404354,3.153921705,-8.213893105,2.361486288,130.452535107
437.234584808,2.980638089,-8.034527978,2.323376896,130.701943863
437.753473997,2.811698410,-7.850551248,2.307777049,130.951722735
438.264415264,2.648914619,-7.674229541,2.333093671,131.191703451
438.767201662,2.477595394,-7.506206391,2.395062189,131.431703329
439.274471045,2.295149996,-7.350403394,2.484795065,131.671703154
439.810651302,2.090307975,-7.208808056,2.591476139,131.920841493
440.319439173,1.888789950,-7.098215867,2.696436031,132.150816225
440.889394283,1.676997971,-7.008854183,2.777535176,132.380754640
441.393566847,1.438095477,-6.926671461,2.878972852,132.633494447
441.897834778,1.238924016,-6.891171328,3.046401746,132.836040045
442.413160801,0.973653098,-6.882658450,3.134087827,133.101549443
442.928047180,0.733784023,-6.876041752,3.090210079,133.341529920
443.453006506,0.495979117,-6.858619819,3.060456613,133.579982707
443.958791256,0.267738131,-6.838828268,3.052242924,133.809080820
444.468535423,0.030633005,-6.817145636,3.056307422,134.047176088
444.974126816,-0.208231054,-6.798526977,3.065803306,134.286766002
445.499676228,-0.456077652,-6.778130525,3.056053357,134.535451500
446.000941515,-0.645178036,-6.761959405,3.059244150,134.725242229
446.508962631,-0.933795200,-6.740039884,3.078423856,135.014696724
447.024385691,-1.172782146,-6.725270468,3.079714243,135.254139746
447.531866789,-1.411739489,-6.709707067,3.077432363,135.493603613
448.035186052,-1.650373624,-6.694218814,3.074953944,135.732739962
448.537402630,-1.889039480,-6.677919479,3.076534373,135.971962034
449.047498703,-2.127428862,-6.662425750,3.071328708,136.210854812
449.554778576,-2.366615274,-6.643644704,3.062125458,136.450779063
450.059117079,-2.605365194,-6.624002992,3.054818336,136.690336229
450.566622734,-2.843851518,-6.601989368,3.055024725,136.929837844
451.068073511,-3.081860973,-6.584224343,3.075195070,137.168513480
451.571690559,-3.321152694,-6.567611239,3.079062266,137.408382373
452.099559307,-3.570002881,-6.552920799,3.077389356,137.657666478
452.616018057,-3.818187769,-6.534429635,3.065268919,137.906542591
453.123661041,-4.056942908,-6.517793816,3.070189028,138.145877520
453.630553722,-4.296011301,-6.499043812,3.065957967,138.385681079
454.167001009,-4.534853866,-6.483165409,3.078722727,138.625052487
454.674055576,-4.753927040,-6.468572183,3.072980971,138.844611784
455.194829702,-4.982096048,-6.452010364,3.065632783,139.073381620
455.704250336,-5.200764643,-6.435677841,3.077504980,139.292661088
456.224840403,-5.430134760,-6.422433015,3.083061870,139.522413777
456.739280462,-5.649194820,-6.406643369,3.029440000,139.742069015
457.251510143,-5.864756959,-6.365641735,2.877250728,139.961717038
457.768740177,-6.073420032,-6.296544017,2.794869853,140.181599427
458.276130915,-6.282036775,-6.226815426,2.845149640,140.401589055
458.777505875,-6.493764596,-6.167200140,2.894818001,140.621572767
459.289928198,-6.708177057,-6.117994639,2.929434244,140.841571201
459.801155806,-6.922561317,-6.068662003,2.893273087,141.061571154
460.309182167,-7.133566377,-6.006611896,2.815180439,141.281571010
460.822573185,-7.339736601,-5.929897637,2.771330946,141.501570933
461.337023735,-7.544825366,-5.850282482,2.769318418,141.721570906
461.895096540,-7.739544759,-5.772045705,2.751758110,141.931423279
462.416757107,-7.970397977,-5.676095899,2.744362010,142.181422824
462.921113968,-8.163810289,-5.594436532,2.734962435,142.391367843
463.437928677,-8.372293398,-5.499600129,2.693573301,142.620425307
463.947466850,-8.569499874,-5.402929175,2.695182730,142.840053203
464.456372261,-8.770091642,-5.318399384,2.809629981,143.057845254
464.964464903,-8.976937631,-5.268287290,3.004206284,143.271002385
465.466903210,-9.182894515,-5.265140911,-3.012612832,143.477582691
465.970700264,-9.376809971,-5.327901051,-2.618113210,143.682705066
466.484362602,-9.531668494,-5.470598087,-2.197431357,143.894825257
467.002980471,-9.631056617,-5.665595081,-1.916614503,144.114402673
467.505302429,-9.689094707,-5.877611987,-1.784410496,144.334381359
468.006561518,-9.728162436,-6.063444970,-1.791044786,144.524279030
468.521847963,-9.796290582,-6.303378067,-1.917118907,144.773874463
469.037254095,-9.884637543,-6.504642308,-2.060934062,144.993872905
469.551145315,-9.999116024,-6.692391164,-2.165888147,145.213872673
470.058887959,-10.128794090,-6.869301479,-2.246636016,145.433275241
470.577209949,-10.273282069,-7.035125516,-2.328283637,145.653273363
471.092708826,-10.428742933,-7.190774239,-2.360660735,145.873273293
471.603619099,-10.587633376,-7.356756492,-2.309240426,146.103072157
472.115473270,-10.732500277,-7.522316870,-2.288956545,146.323070878
472.621541262,-10.872746899,-7.678613431,-2.315150061,146.533070839
473.132390976,-11.010453162,-7.823630666,-2.346895386,146.733061365
473.639545202,-11.152510966,-7.964266137,-2.374695934,146.932963532
474.151600122,-11.311940968,-8.115571327,-2.377820043,147.152762722
474.667284966,-11.467290799,-8.271290462,-2.341516382,147.372736988
475.185460567,-11.629533837,-8.434300970,-2.373148923,147.602736947
475.691262007,-11.791624619,-8.583011292,-2.426459032,147.822736867
476.202359915,-11.961970934,-8.722175140,-2.487805928,148.042736769
476.714352846,-12.139196132,-8.851575533,-2.519258097,148.262186270
477.226696491,-12.315421306,-8.983228671,-2.469325988,148.482185317
477.745632887,-12.487054068,-9.136097035,-2.344252436,148.712182059
478.250816822,-12.626497978,-9.305782785,-2.173687844,148.932095954
478.765088797,-12.734110236,-9.495537731,-2.000721626,149.150518224
479.277438164,-12.804632469,-9.686216220,-1.849287521,149.354017082
479.804507017,-12.840724444,-9.865418667,-1.693712813,149.537015845
480.323644638,-12.852297445,-10.015509299,-1.607340745,149.687598312
480.888679028,-12.853626617,-10.142391429,-1.556593702,149.814500780
481.397755146,-12.848217151,-10.269586561,-1.500190182,149.941827464
