heldout_run,fold_status,paired_base_stop,tau_IG,c,q_role,FrontierState,IGRel,DeltaKnownArea_m2,KnownAreaRate_m2_s,FrontierWouldVeto,CoverageWouldVeto,BothWouldVeto,NeitherWouldVeto
mpx_001,NO_ADMISSIBLE_MX033_VETO,20,0.0,0,NO_RULE_FOLD_DIAGNOSTIC_Q,B_SELECTED_FRONTIER_AVAILABLE,0.39624647201127505,24.110000718533968,1.3394814233910415,1,1,1,0
mpx_001,NO_ADMISSIBLE_MX033_VETO,20,0.0,1,NO_RULE_FOLD_DIAGNOSTIC_Q,B_SELECTED_FRONTIER_AVAILABLE,0.39624647201127505,24.110000718533968,1.3394814233910415,1,1,1,0
mpx_001,NO_ADMISSIBLE_MX033_VETO,20,0.0,2,NO_RULE_FOLD_DIAGNOSTIC_Q,B_SELECTED_FRONTIER_AVAILABLE,0.39624647201127505,24.110000718533968,1.3394814233910415,1,1,1,0
mpx_001,NO_ADMISSIBLE_MX033_VETO,20,0.01,0,NO_RULE_FOLD_DIAGNOSTIC_Q,B_SELECTED_FRONTIER_AVAILABLE,0.39624647201127505,24.110000718533968,1.3394814233910415,1,1,1,0
mpx_001,NO_ADMISSIBLE_MX033_VETO,20,0.01,1,NO_RULE_FOLD_DIAGNOSTIC_Q,B_SELECTED_FRONTIER_AVAILABLE,0.39624647201127505,24.110000718533968,1.3394814233910415,1,1,1,0
mpx_001,NO_ADMISSIBLE_MX033_VETO,20,0.01,2,NO_RULE_FOLD_DIAGNOSTIC_Q,B_SELECTED_FRONTIER_AVAILABLE,0.39624647201127505,24.110000718533968,1.3394814233910415,1,1,1,0
mpx_001,NO_ADMISSIBLE_MX033_VETO,20,0.05,0,NO_RULE_FOLD_DIAGNOSTIC_Q,B_SELECTED_FRONTIER_AVAILABLE,0.39624647201127505,24.110000718533968,1.3394814233910415,1,1,1,0
mpx_001,NO_ADMISSIBLE_MX033_VETO,20,0.05,1,NO_RULE_FOLD_DIAGNOSTIC_Q,B_SELECTED_FRONTIER_AVAILABLE,0.39624647201127505,24.110000718533968,1.3394814233910415,1,1,1,0
mpx_001,NO_ADMISSIBLE_MX033_VETO,20,0.05,2,NO_RULE_FOLD_DIAGNOSTIC_Q,B_SELECTED_FRONTIER_AVAILABLE,0.39624647201127505,24.110000718533968,1.3394814233910415,1,1,1,0
mpx_001,NO_ADMISSIBLE_MX033_VETO,20,0.1,0,NO_RULE_FOLD_DIAGNOSTIC_Q,B_SELECTED_FRONTIER_AVAILABLE,0.39624647201127505,24.110000718533968,1.3394814233910415,1,1,1,0
mpx_001,NO_ADMISSIBLE_MX033_VETO,20,0.1,1,NO_RULE_FOLD_DIAGNOSTIC_Q,B_SELECTED_FRONTIER_AVAILABLE,0.39624647201127505,24.110000718533968,1.3394814233910415,1,1,1,0
mpx_001,NO_ADMISSIBLE_MX033_VETO,20,0.1,2,NO_RULE_FOLD_DIAGNOSTIC_Q,B_SELECTED_FRONTIER_AVAILABLE,0.39624647201127505,24.110000718533968,1.3394814233910415,1,1,1,0
mpx_002,NO_ADMISSIBLE_MX033_VETO,15,0.0,0,NO_RULE_FOLD_DIAGNOSTIC_Q,B_SELECTED_FRONTIER_AVAILABLE,0.1848143494943429,9.72000028967858,0.17052713614683354,1,1,1,0
mpx_002,NO_ADMISSIBLE_MX033_VETO,15,0.0,1,NO_RULE_FOLD_DIAGNOSTIC_Q,B_SELECTED_FRONTIER_AVAILABLE,0.1848143494943429,9.72000028967858,0.17052713614683354,1,1,1,0
mpx_002,NO_ADMISSIBLE_MX033_VETO,15,0.0,2,NO_RULE_FOLD_DIAGNOSTIC_Q,B_SELECTED_FRONTIER_AVAILABLE,0.1848143494943429,9.72000028967858,0.17052713614683354,1,1,1,0
mpx_002,NO_ADMISSIBLE_MX033_VETO,15,0.01,0,NO_RULE_FOLD_DIAGNOSTIC_Q,B_SELECTED_FRONTIER_AVAILABLE,0.1848143494943429,9.72000028967858,0.17052713614683354,1,1,1,0
mpx_002,NO_ADMISSIBLE_MX033_VETO,15,0.01,1,NO_RULE_FOLD_DIAGNOSTIC_Q,B_SELECTED_FRONTIER_AVAILABLE,0.1848143494943429,9.72000028967858,0.17052713614683354,1,1,1,0
mpx_002,NO_ADMISSIBLE_MX033_VETO,15,0.01,2,NO_RULE_FOLD_DIAGNOSTIC_Q,B_SELECTED_FRONTIER_AVAILABLE,0.1848143494943429,9.72000028967858,0.17052713614683354,1,1,1,0
mpx_002,NO_ADMISSIBLE_MX033_VETO,15,0.05,0,NO_RULE_FOLD_DIAGNOSTIC_Q,B_SELECTED_FRONTIER_AVAILABLE,0.1848143494943429,9.72000028967858,0.17052713614683354,1,1,1,0
mpx_002,NO_ADMISSIBLE_MX033_VETO,15,0.05,1,NO_RULE_FOLD_DIAGNOSTIC_Q,B_SELECTED_FRONTIER_AVAILABLE,0.1848143494943429,9.72000028967858,0.17052713614683354,1,1,1,0
mpx_002,NO_ADMISSIBLE_MX033_VETO,15,0.05,2,NO_RULE_FOLD_DIAGNOSTIC_Q,B_SELECTED_FRONTIER_AVAILABLE,0.1848143494943429,9.72000028967858,0.17052713614683354,1,1,1,0
mpx_002,NO_ADMISSIBLE_MX033_VETO,15,0.1,0,NO_RULE_FOLD_DIAGNOSTIC_Q,B_SELECTED_FRONTIER_AVAILABLE,0.1848143494943429,9.72000028967858,0.17052713614683354,1,1,1,0
mpx_002,NO_ADMISSIBLE_MX033_VETO,15,0.1,1,NO_RULE_FOLD_DIAGNOSTIC_Q,B_SELECTED_FRONTIER_AVAILABLE,0.1848143494943429,9.72000028967858,0.17052713614683354,1,1,1,0
mpx_002,NO_ADMISSIBLE_MX033_VETO,15,0.1,2,NO_RULE_FOLD_DIAGNOSTIC_Q,B_SELECTED_FRONTIER_AVAILABLE,0.1848143494943429,9.72000028967858,0.17052713614683354,1,1,1,0
mpx_003,NO_ADMISSIBLE_MX033_VETO,22,0.0,0,NO_RULE_FOLD_DIAGNOSTIC_Q,B_SELECTED_FRONTIER_AVAILABLE,0.13216959038578385,8.550000254809845,0.11250024404703324,1,1,1,0
mpx_003,NO_ADMISSIBLE_MX033_VETO,22,0.0,1,NO_RULE_FOLD_DIAGNOSTIC_Q,B_SELECTED_FRONTIER_AVAILABLE,0.13216959038578385,8.550000254809845,0.11250024404703324,1,1,1,0
mpx_003,NO_ADMISSIBLE_MX033_VETO,22,0.0,2,NO_RULE_FOLD_DIAGNOSTIC_Q,B_SELECTED_FRONTIER_AVAILABLE,0.13216959038578385,8.550000254809845,0.11250024404703324,1,1,1,0
mpx_003,NO_ADMISSIBLE_MX033_VETO,22,0.01,0,NO_RULE_FOLD_DIAGNOSTIC_Q,B_SELECTED_FRONTIER_AVAILABLE,0.13216959038578385,8.550000254809845,0.11250024404703324,1,1,1,0
mpx_003,NO_ADMISSIBLE_MX033_VETO,22,0.01,1,NO_RULE_FOLD_DIAGNOSTIC_Q,B_SELECTED_FRONTIER_AVAILABLE,0.13216959038578385,8.550000254809845,0.11250024404703324,1,1,1,0
mpx_003,NO_ADMISSIBLE_MX033_VETO,22,0.01,2,NO_RULE_FOLD_DIAGNOSTIC_Q,B_SELECTED_FRONTIER_AVAILABLE,0.13216959038578385,8.550000254809845,0.11250024404703324,1,1,1,0
mpx_003,NO_ADMISSIBLE_MX033_VETO,22,0.05,0,NO_RULE_FOLD_DIAGNOSTIC_Q,B_SELECTED_FRONTIER_AVAILABLE,0.13216959038578385,8.550000254809845,0.11250024404703324,1,1,1,0
mpx_003,NO_ADMISSIBLE_MX033_VETO,22,0.05,1,NO_RULE_FOLD_DIAGNOSTIC_Q,B_SELECTED_FRONTIER_AVAILABLE,0.13216959038578385,8.550000254809845,0.11250024404703324,1,1,1,0
mpx_003,NO_ADMISSIBLE_MX033_VETO,22,0.05,2,NO_RULE_FOLD_DIAGNOSTIC_Q,B_SELECTED_FRONTIER_AVAILABLE,0.13216959038578385,8.550000254809845,0.11250024404703324,1,1,1,0
mpx_003,NO_ADMISSIBLE_MX033_VETO,22,0.1,0,NO_RULE_FOLD_DIAGNOSTIC_Q,B_SELECTED_FRONTIER_AVAILABLE,0.13216959038578385,8.550000254809845,0.11250024404703324,1,1,1,0
mpx_003,NO_ADMISSIBLE_MX033_VETO,22,0.1,1,NO_RULE_FOLD_DIAGNOSTIC_Q,B_SELECTED_FRONTIER_AVAILABLE,0.13216959038578385,8.550000254809845,0.11250024404703324,1,1,1,0
mpx_003,NO_ADMISSIBLE_MX033_VETO,22,0.1,2,NO_RULE_FOLD_DIAGNOSTIC_Q,B_SELECTED_FRONTIER_AVAILABLE,0.13216959038578385,8.550000254809845,0.11250024404703324,1,1,1,0
mpx_004,NO_ADMISSIBLE_MX033_VETO,19,0.0,0,NO_RULE_FOLD_DIAGNOSTIC_Q,B_SELECTED_FRONTIER_AVAILABLE,0.12013903225743128,1.95000005811454,0.044318950648510644,1,1,1,0
mpx_004,NO_ADMISSIBLE_MX033_VETO,19,0.0,1,NO_RULE_FOLD_DIAGNOSTIC_Q,B_SELECTED_FRONTIER_AVAILABLE,0.12013903225743128,1.95000005811454,0.044318950648510644,1,1,1,0
mpx_004,NO_ADMISSIBLE_MX033_VETO,19,0.0,2,NO_RULE_FOLD_DIAGNOSTIC_Q,B_SELECTED_FRONTIER_AVAILABLE,0.12013903225743128,1.95000005811454,0.044318950648510644,1,1,1,0
mpx_004,NO_ADMISSIBLE_MX033_VETO,19,0.01,0,NO_RULE_FOLD_DIAGNOSTIC_Q,B_SELECTED_FRONTIER_AVAILABLE,0.12013903225743128,1.95000005811454,0.044318950648510644,1,1,1,0
mpx_004,NO_ADMISSIBLE_MX033_VETO,19,0.01,1,NO_RULE_FOLD_DIAGNOSTIC_Q,B_SELECTED_FRONTIER_AVAILABLE,0.12013903225743128,1.95000005811454,0.044318950648510644,1,1,1,0
mpx_004,NO_ADMISSIBLE_MX033_VETO,19,0.01,2,NO_RULE_FOLD_DIAGNOSTIC_Q,B_SELECTED_FRONTIER_AVAILABLE,0.12013903225743128,1.95000005811454,0.044318950648510644,1,1,1,0
mpx_004,NO_ADMISSIBLE_MX033_VETO,19,0.05,0,NO_RULE_FOLD_DIAGNOSTIC_Q,B_SELECTED_FRONTIER_AVAILABLE,0.12013903225743128,1.95000005811454,0.044318950648510644,1,1,1,0
mpx_004,NO_ADMISSIBLE_MX033_VETO,19,0.05,1,NO_RULE_FOLD_DIAGNOSTIC_Q,B_SELECTED_FRONTIER_AVAILABLE,0.12013903225743128,1.95000005811454,0.044318950648510644,1,1,1,0
mpx_004,NO_ADMISSIBLE_MX033_VETO,19,0.05,2,NO_RULE_FOLD_DIAGNOSTIC_Q,B_SELECTED_FRONTIER_AVAILABLE,0.12013903225743128,1.95000005811454,0.044318950648510644,1,1,1,0
mpx_004,NO_ADMISSIBLE_MX033_VETO,19,0.1,0,NO_RULE_FOLD_DIAGNOSTIC_Q,B_SELECTED_FRONTIER_AVAILABLE,0.12013903225743128,1.95000005811454,0.044318950648510644,1,1,1,0
mpx_004,NO_ADMISSIBLE_MX033_VETO,19,0.1,1,NO_RULE_FOLD_DIAGNOSTIC_Q,B_SELECTED_FRONTIER_AVAILABLE,0.12013903225743128,1.95000005811454,0.044318950648510644,1,1,1,0
mpx_004,NO_ADMISSIBLE_MX033_VETO,19,0.1,2,NO_RULE_FOLD_DIAGNOSTIC_Q,B_SELECTED_FRONTIER_AVAILABLE,0.12013903225743128,1.95000005811454,0.044318950648510644,1,1,1,0
mpx_005,NO_ADMISSIBLE_MX033_VETO,19,0.0,0,NO_RULE_FOLD_DIAGNOSTIC_Q,B_SELECTED_FRONTIER_AVAILABLE,0.18438686855721798,1.6700000497698397,0.019880922615044972,1,1,1,0
mpx_005,NO_ADMISSIBLE_MX033_VETO,19,0.0,1,NO_RULE_FOLD_DIAGNOSTIC_Q,B_SELECTED_FRONTIER_AVAILABLE,0.18438686855721798,1.6700000497698397,0.019880922615044972,1,1,1,0
mpx_005,NO_ADMISSIBLE_MX033_VETO,19,0.0,2,NO_RULE_FOLD_DIAGNOSTIC_Q,B_SELECTED_FRONTIER_AVAILABLE,0.18438686855721798,1.6700000497698397,0.019880922615044972,1,1,1,0
mpx_005,NO_ADMISSIBLE_MX033_VETO,19,0.01,0,NO_RULE_FOLD_DIAGNOSTIC_Q,B_SELECTED_FRONTIER_AVAILABLE,0.18438686855721798,1.6700000497698397,0.019880922615044972,1,1,1,0
mpx_005,NO_ADMISSIBLE_MX033_VETO,19,0.01,1,NO_RULE_FOLD_DIAGNOSTIC_Q,B_SELECTED_FRONTIER_AVAILABLE,0.18438686855721798,1.6700000497698397,0.019880922615044972,1,1,1,0
mpx_005,NO_ADMISSIBLE_MX033_VETO,19,0.01,2,NO_RULE_FOLD_DIAGNOSTIC_Q,B_SELECTED_FRONTIER_AVAILABLE,0.18438686855721798,1.6700000497698397,0.019880922615044972,1,1,1,0
mpx_005,NO_ADMISSIBLE_MX033_VETO,19,0.05,0,NO_RULE_FOLD_DIAGNOSTIC_Q,B_SELECTED_FRONTIER_AVAILABLE,0.18438686855721798,1.6700000497698397,0.019880922615044972,1,1,1,0
mpx_005,NO_ADMISSIBLE_MX033_VETO,19,0.05,1,NO_RULE_FOLD_DIAGNOSTIC_Q,B_SELECTED_FRONTIER_AVAILABLE,0.18438686855721798,1.6700000497698397,0.019880922615044972,1,1,1,0
mpx_005,NO_ADMISSIBLE_MX033_VETO,19,0.05,2,NO_RULE_FOLD_DIAGNOSTIC_Q,B_SELECTED_FRONTIER_AVAILABLE,0.18438686855721798,1.6700000497698397,0.019880922615044972,1,1,1,0
mpx_005,NO_ADMISSIBLE_MX033_VETO,19,0.1,0,NO_RULE_FOLD_DIAGNOSTIC_Q,B_SELECTED_FRONTIER_AVAILABLE,0.18438686855721798,1.6700000497698397,0.019880922615044972,1,1,1,0
mpx_005,NO_ADMISSIBLE_MX033_VETO,19,0.1,1,NO_RULE_FOLD_DIAGNOSTIC_Q,B_SELECTED_FRONTIER_AVAILABLE,0.18438686855721798,1.6700000497698397,0.019880922615044972,1,1,1,0
mpx_005,NO_ADMISSIBLE_MX033_VETO,19,0.1,2,NO_RULE_FOLD_DIAGNOSTIC_Q,B_SELECTED_FRONTIER_AVAILABLE,0.18438686855721798,1.6700000497698397,0.019880922615044972,1,1,1,0
mpx_006,NO_ADMISSIBLE_MX033_VETO,23,0.0,0,NO_RULE_FOLD_DIAGNOSTIC_Q,B_SELECTED_FRONTIER_AVAILABLE,0.10140774592796603,2.4300000724196593,0.04673076055387479,1,1,1,0
mpx_006,NO_ADMISSIBLE_MX033_VETO,23,0.0,1,NO_RULE_FOLD_DIAGNOSTIC_Q,B_SELECTED_FRONTIER_AVAILABLE,0.10140774592796603,2.4300000724196593,0.04673076055387479,1,1,1,0
mpx_006,NO_ADMISSIBLE_MX033_VETO,23,0.0,2,NO_RULE_FOLD_DIAGNOSTIC_Q,B_SELECTED_FRONTIER_AVAILABLE,0.10140774592796603,2.4300000724196593,0.04673076055387479,1,1,1,0
mpx_006,NO_ADMISSIBLE_MX033_VETO,23,0.01,0,NO_RULE_FOLD_DIAGNOSTIC_Q,B_SELECTED_FRONTIER_AVAILABLE,0.10140774592796603,2.4300000724196593,0.04673076055387479,1,1,1,0
mpx_006,NO_ADMISSIBLE_MX033_VETO,23,0.01,1,NO_RULE_FOLD_DIAGNOSTIC_Q,B_SELECTED_FRONTIER_AVAILABLE,0.10140774592796603,2.4300000724196593,0.04673076055387479,1,1,1,0
mpx_006,NO_ADMISSIBLE_MX033_VETO,23,0.01,2,NO_RULE_FOLD_DIAGNOSTIC_Q,B_SELECTED_FRONTIER_AVAILABLE,0.10140774592796603,2.4300000724196593,0.04673076055387479,1,1,1,0
mpx_006,NO_ADMISSIBLE_MX033_VETO,23,0.05,0,NO_RULE_FOLD_DIAGNOSTIC_Q,B_SELECTED_FRONTIER_AVAILABLE,0.10140774592796603,2.4300000724196593,0.04673076055387479,1,1,1,0
mpx_006,NO_ADMISSIBLE_MX033_VETO,23,0.05,1,NO_RULE_FOLD_DIAGNOSTIC_Q,B_SELECTED_FRONTIER_AVAILABLE,0.10140774592796603,2.4300000724196593,0.04673076055387479,1,1,1,0
mpx_006,NO_ADMISSIBLE_MX033_VETO,23,0.05,2,NO_RULE_FOLD_DIAGNOSTIC_Q,B_SELECTED_FRONTIER_AVAILABLE,0.10140774592796603,2.4300000724196593,0.04673076055387479,1,1,1,0
mpx_006,NO_ADMISSIBLE_MX033_VETO,23,0.1,0,NO_RULE_FOLD_DIAGNOSTIC_Q,B_SELECTED_FRONTIER_AVAILABLE,0.10140774592796603,2.4300000724196593,0.04673076055387479,1,1,1,0
mpx_006,NO_ADMISSIBLE_MX033_VETO,23,0.1,1,NO_RULE_FOLD_DIAGNOSTIC_Q,B_SELECTED_FRONTIER_AVAILABLE,0.10140774592796603,2.4300000724196593,0.04673076055387479,1,1,1,0
mpx_006,NO_ADMISSIBLE_MX033_VETO,23,0.1,2,NO_RULE_FOLD_DIAGNOSTIC_Q,B_SELECTED_FRONTIER_AVAILABLE,0.10140774592796603,2.4300000724196593,0.04673076055387479,1,1,1,0
mpx_007,NO_ADMISSIBLE_MX033_VETO,19,0.0,0,NO_RULE_FOLD_DIAGNOSTIC_Q,B_SELECTED_FRONTIER_AVAILABLE,0.1449535878961866,10.030000298917287,0.668652381400863,1,1,1,0
mpx_007,NO_ADMISSIBLE_MX033_VETO,19,0.0,1,NO_RULE_FOLD_DIAGNOSTIC_Q,B_SELECTED_FRONTIER_AVAILABLE,0.1449535878961866,10.030000298917287,0.668652381400863,1,1,1,0
mpx_007,NO_ADMISSIBLE_MX033_VETO,19,0.0,2,NO_RULE_FOLD_DIAGNOSTIC_Q,B_SELECTED_FRONTIER_AVAILABLE,0.1449535878961866,10.030000298917287,0.668652381400863,1,1,1,0
mpx_007,NO_ADMISSIBLE_MX033_VETO,19,0.01,0,NO_RULE_FOLD_DIAGNOSTIC_Q,B_SELECTED_FRONTIER_AVAILABLE,0.1449535878961866,10.030000298917287,0.668652381400863,1,1,1,0
mpx_007,NO_ADMISSIBLE_MX033_VETO,19,0.01,1,NO_RULE_FOLD_DIAGNOSTIC_Q,B_SELECTED_FRONTIER_AVAILABLE,0.1449535878961866,10.030000298917287,0.668652381400863,1,1,1,0
mpx_007,NO_ADMISSIBLE_MX033_VETO,19,0.01,2,NO_RULE_FOLD_DIAGNOSTIC_Q,B_SELECTED_FRONTIER_AVAILABLE,0.1449535878961866,10.030000298917287,0.668652381400863,1,1,1,0
mpx_007,NO_ADMISSIBLE_MX033_VETO,19,0.05,0,NO_RULE_FOLD_DIAGNOSTIC_Q,B_SELECTED_FRONTIER_AVAILABLE,0.1449535878961866,10.030000298917287,0.668652381400863,1,1,1,0
mpx_007,NO_ADMISSIBLE_MX033_VETO,19,0.05,1,NO_RULE_FOLD_DIAGNOSTIC_Q,B_SELECTED_FRONTIER_AVAILABLE,0.1449535878961866,10.030000298917287,0.668652381400863,1,1,1,0
mpx_007,NO_ADMISSIBLE_MX033_VETO,19,0.05,2,NO_RULE_FOLD_DIAGNOSTIC_Q,B_SELECTED_FRONTIER_AVAILABLE,0.1449535878961866,10.030000298917287,0.668652381400863,1,1,1,0
mpx_007,NO_ADMISSIBLE_MX033_VETO,19,0.1,0,NO_RULE_FOLD_DIAGNOSTIC_Q,B_SELECTED_FRONTIER_AVAILABLE,0.1449535878961866,10.030000298917287,0.668652381400863,1,1,1,0
mpx_007,NO_ADMISSIBLE_MX033_VETO,19,0.1,1,NO_RULE_FOLD_DIAGNOSTIC_Q,B_SELECTED_FRONTIER_AVAILABLE,0.1449535878961866,10.030000298917287,0.668652381400863,1,1,1,0
mpx_007,NO_ADMISSIBLE_MX033_VETO,19,0.1,2,NO_RULE_FOLD_DIAGNOSTIC_Q,B_SELECTED_FRONTIER_AVAILABLE,0.1449535878961866,10.030000298917287,0.668652381400863,1,1,1,0
mpx_008,NO_ADMISSIBLE_MX033_VETO,20,0.0,0,NO_RULE_FOLD_DIAGNOSTIC_Q,B_SELECTED_FRONTIER_AVAILABLE,0.14946911381438524,2.0300000604987076,0.05205125528264412,1,1,1,0
mpx_008,NO_ADMISSIBLE_MX033_VETO,20,0.0,1,NO_RULE_FOLD_DIAGNOSTIC_Q,B_SELECTED_FRONTIER_AVAILABLE,0.14946911381438524,2.0300000604987076,0.05205125528264412,1,1,1,0
mpx_008,NO_ADMISSIBLE_MX033_VETO,20,0.0,2,NO_RULE_FOLD_DIAGNOSTIC_Q,B_SELECTED_FRONTIER_AVAILABLE,0.14946911381438524,2.0300000604987076,0.05205125528264412,1,1,1,0
mpx_008,NO_ADMISSIBLE_MX033_VETO,20,0.01,0,NO_RULE_FOLD_DIAGNOSTIC_Q,B_SELECTED_FRONTIER_AVAILABLE,0.14946911381438524,2.0300000604987076,0.05205125528264412,1,1,1,0
mpx_008,NO_ADMISSIBLE_MX033_VETO,20,0.01,1,NO_RULE_FOLD_DIAGNOSTIC_Q,B_SELECTED_FRONTIER_AVAILABLE,0.14946911381438524,2.0300000604987076,0.05205125528264412,1,1,1,0
mpx_008,NO_ADMISSIBLE_MX033_VETO,20,0.01,2,NO_RULE_FOLD_DIAGNOSTIC_Q,B_SELECTED_FRONTIER_AVAILABLE,0.14946911381438524,2.0300000604987076,0.05205125528264412,1,1,1,0
mpx_008,NO_ADMISSIBLE_MX033_VETO,20,0.05,0,NO_RULE_FOLD_DIAGNOSTIC_Q,B_SELECTED_FRONTIER_AVAILABLE,0.14946911381438524,2.0300000604987076,0.05205125528264412,1,1,1,0
mpx_008,NO_ADMISSIBLE_MX033_VETO,20,0.05,1,NO_RULE_FOLD_DIAGNOSTIC_Q,B_SELECTED_FRONTIER_AVAILABLE,0.14946911381438524,2.0300000604987076,0.05205125528264412,1,1,1,0
mpx_008,NO_ADMISSIBLE_MX033_VETO,20,0.05,2,NO_RULE_FOLD_DIAGNOSTIC_Q,B_SELECTED_FRONTIER_AVAILABLE,0.14946911381438524,2.0300000604987076,0.05205125528264412,1,1,1,0
mpx_008,NO_ADMISSIBLE_MX033_VETO,20,0.1,0,NO_RULE_FOLD_DIAGNOSTIC_Q,B_SELECTED_FRONTIER_AVAILABLE,0.14946911381438524,2.0300000604987076,0.05205125528264412,1,1,1,0
mpx_008,NO_ADMISSIBLE_MX033_VETO,20,0.1,1,NO_RULE_FOLD_DIAGNOSTIC_Q,B_SELECTED_FRONTIER_AVAILABLE,0.14946911381438524,2.0300000604987076,0.05205125528264412,1,1,1,0
mpx_008,NO_ADMISSIBLE_MX033_VETO,20,0.1,2,NO_RULE_FOLD_DIAGNOSTIC_Q,B_SELECTED_FRONTIER_AVAILABLE,0.14946911381438524,2.0300000604987076,0.05205125528264412,1,1,1,0
mpx_009,NO_ADMISSIBLE_MX033_VETO,23,0.0,0,NO_RULE_FOLD_DIAGNOSTIC_Q,B_SELECTED_FRONTIER_AVAILABLE,0.03380428187453383,5.340000159144438,0.10679925660909322,1,1,1,0
mpx_009,NO_ADMISSIBLE_MX033_VETO,23,0.0,1,NO_RULE_FOLD_DIAGNOSTIC_Q,B_SELECTED_FRONTIER_AVAILABLE,0.03380428187453383,5.340000159144438,0.10679925660909322,1,1,1,0
mpx_009,NO_ADMISSIBLE_MX033_VETO,23,0.0,2,NO_RULE_FOLD_DIAGNOSTIC_Q,B_SELECTED_FRONTIER_AVAILABLE,0.03380428187453383,5.340000159144438,0.10679925660909322,1,1,1,0
mpx_009,NO_ADMISSIBLE_MX033_VETO,23,0.01,0,NO_RULE_FOLD_DIAGNOSTIC_Q,B_SELECTED_FRONTIER_AVAILABLE,0.03380428187453383,5.340000159144438,0.10679925660909322,1,1,1,0
mpx_009,NO_ADMISSIBLE_MX033_VETO,23,0.01,1,NO_RULE_FOLD_DIAGNOSTIC_Q,B_SELECTED_FRONTIER_AVAILABLE,0.03380428187453383,5.340000159144438,0.10679925660909322,1,1,1,0
mpx_009,NO_ADMISSIBLE_MX033_VETO,23,0.01,2,NO_RULE_FOLD_DIAGNOSTIC_Q,B_SELECTED_FRONTIER_AVAILABLE,0.03380428187453383,5.340000159144438,0.10679925660909322,1,1,1,0
mpx_009,NO_ADMISSIBLE_MX033_VETO,23,0.05,0,NO_RULE_FOLD_DIAGNOSTIC_Q,B_SELECTED_FRONTIER_AVAILABLE,0.03380428187453383,5.340000159144438,0.10679925660909322,0,1,0,0
mpx_009,NO_ADMISSIBLE_MX033_VETO,23,0.05,1,NO_RULE_FOLD_DIAGNOSTIC_Q,B_SELECTED_FRONTIER_AVAILABLE,0.03380428187453383,5.340000159144438,0.10679925660909322,0,1,0,0
mpx_009,NO_ADMISSIBLE_MX033_VETO,23,0.05,2,NO_RULE_FOLD_DIAGNOSTIC_Q,B_SELECTED_FRONTIER_AVAILABLE,0.03380428187453383,5.340000159144438,0.10679925660909322,0,1,0,0
mpx_009,NO_ADMISSIBLE_MX033_VETO,23,0.1,0,NO_RULE_FOLD_DIAGNOSTIC_Q,B_SELECTED_FRONTIER_AVAILABLE,0.03380428187453383,5.340000159144438,0.10679925660909322,0,1,0,0
mpx_009,NO_ADMISSIBLE_MX033_VETO,23,0.1,1,NO_RULE_FOLD_DIAGNOSTIC_Q,B_SELECTED_FRONTIER_AVAILABLE,0.03380428187453383,5.340000159144438,0.10679925660909322,0,1,0,0
mpx_009,NO_ADMISSIBLE_MX033_VETO,23,0.1,2,NO_RULE_FOLD_DIAGNOSTIC_Q,B_SELECTED_FRONTIER_AVAILABLE,0.03380428187453383,5.340000159144438,0.10679925660909322,0,1,0,0
mpx_010,NO_ADMISSIBLE_MX033_VETO,23,0.0,0,NO_RULE_FOLD_DIAGNOSTIC_Q,B_SELECTED_FRONTIER_AVAILABLE,0.10390706293580414,1.5000000447034836,0.0148515778997091,1,1,1,0
mpx_010,NO_ADMISSIBLE_MX033_VETO,23,0.0,1,NO_RULE_FOLD_DIAGNOSTIC_Q,B_SELECTED_FRONTIER_AVAILABLE,0.10390706293580414,1.5000000447034836,0.0148515778997091,1,1,1,0
mpx_010,NO_ADMISSIBLE_MX033_VETO,23,0.0,2,NO_RULE_FOLD_DIAGNOSTIC_Q,B_SELECTED_FRONTIER_AVAILABLE,0.10390706293580414,1.5000000447034836,0.0148515778997091,1,1,1,0
mpx_010,NO_ADMISSIBLE_MX033_VETO,23,0.01,0,NO_RULE_FOLD_DIAGNOSTIC_Q,B_SELECTED_FRONTIER_AVAILABLE,0.10390706293580414,1.5000000447034836,0.0148515778997091,1,1,1,0
mpx_010,NO_ADMISSIBLE_MX033_VETO,23,0.01,1,NO_RULE_FOLD_DIAGNOSTIC_Q,B_SELECTED_FRONTIER_AVAILABLE,0.10390706293580414,1.5000000447034836,0.0148515778997091,1,1,1,0
mpx_010,NO_ADMISSIBLE_MX033_VETO,23,0.01,2,NO_RULE_FOLD_DIAGNOSTIC_Q,B_SELECTED_FRONTIER_AVAILABLE,0.10390706293580414,1.5000000447034836,0.0148515778997091,1,1,1,0
mpx_010,NO_ADMISSIBLE_MX033_VETO,23,0.05,0,NO_RULE_FOLD_DIAGNOSTIC_Q,B_SELECTED_FRONTIER_AVAILABLE,0.10390706293580414,1.5000000447034836,0.0148515778997091,1,1,1,0
mpx_010,NO_ADMISSIBLE_MX033_VETO,23,0.05,1,NO_RULE_FOLD_DIAGNOSTIC_Q,B_SELECTED_FRONTIER_AVAILABLE,0.10390706293580414,1.5000000447034836,0.0148515778997091,1,1,1,0
mpx_010,NO_ADMISSIBLE_MX033_VETO,23,0.05,2,NO_RULE_FOLD_DIAGNOSTIC_Q,B_SELECTED_FRONTIER_AVAILABLE,0.10390706293580414,1.5000000447034836,0.0148515778997091,1,1,1,0
mpx_010,NO_ADMISSIBLE_MX033_VETO,23,0.1,0,NO_RULE_FOLD_DIAGNOSTIC_Q,B_SELECTED_FRONTIER_AVAILABLE,0.10390706293580414,1.5000000447034836,0.0148515778997091,1,1,1,0
mpx_010,NO_ADMISSIBLE_MX033_VETO,23,0.1,1,NO_RULE_FOLD_DIAGNOSTIC_Q,B_SELECTED_FRONTIER_AVAILABLE,0.10390706293580414,1.5000000447034836,0.0148515778997091,1,1,1,0
mpx_010,NO_ADMISSIBLE_MX033_VETO,23,0.1,2,NO_RULE_FOLD_DIAGNOSTIC_Q,B_SELECTED_FRONTIER_AVAILABLE,0.10390706293580414,1.5000000447034836,0.0148515778997091,1,1,1,0
