goal_id,decision_id,mode,start_time_s,end_time_s,target_x,target_y,result,status,error_code,error_msg
1,1,main,0.029668093,,1.715230190,-0.074579722,,,,
1,1,,,4.460785151,,,succeeded,4,0,
2,2,main,5.085561514,,-2.684769876,-1.774579747,,,,
2,2,,,21.467180490,,,succeeded,4,0,
3,3,main,22.121588945,,-3.151553124,1.650184929,,,,
3,3,,,38.044677734,,,succeeded,4,0,
4,4,main,39.142673969,,-1.086610010,5.392902867,,,,
4,4,,,54.665457964,,,succeeded,4,0,
5,5,main,55.208007336,,1.013390021,5.792902873,,,,
5,5,,,67.330947638,,,succeeded,4,0,
6,6,main,68.263486147,,6.213390099,4.092902847,,,,
6,6,,,81.775307655,,,succeeded,4,0,
7,7,main,82.231521606,,7.513390118,5.392902867,,,,
7,7,,,88.014754057,,,succeeded,4,0,
8,8,main,89.199952841,,7.813390123,-0.007097214,,,,
8,8,,,109.321703911,,,succeeded,4,0,
9,9,main,110.251658440,,8.813390138,-1.016985142,,,,
9,9,,,115.774445057,,,succeeded,4,0,
10,10,main,116.230795383,,11.213390173,-2.716985167,,,,
10,10,,,136.084529161,,,succeeded,4,0,
11,11,main,137.248823404,,11.813390182,2.036462014,,,,
11,11,,,169.301363468,,,succeeded,4,0,
12,12,main,170.285530329,,10.611208857,6.039951434,,,,
12,12,,,181.198209286,,,succeeded,4,0,
13,13,main,182.292310715,,6.011208789,-6.560048754,,,,
13,13,,,218.473930836,,,succeeded,4,0,
14,14,main,219.315576553,,4.411195561,-9.502073175,,,,
14,14,,,229.237323284,,,succeeded,4,0,
15,15,main,230.329776525,,1.311195515,-9.918806992,,,,
15,15,,,239.853687525,,,succeeded,4,0,
16,16,main,240.310203314,,1.111195512,-9.118806980,,,,
16,16,,,246.846857786,,,failed,6,208,
17,17,main,247.335765600,,1.911195524,-12.518807030,,,,
17,17,,,257.520420790,,,succeeded,4,0,
18,18,main,258.307404757,,-2.588804543,-7.618806957,,,,
19,18,subgoal,311.184363365,,-2.104865708,-7.924042634,,,,
18,18,,,311.184562922,,,failed,6,105,
20,18,main,312.698416233,,-2.588804543,-7.618806957,,,,
19,18,,,312.698584795,,,succeeded,4,0,
20,18,,,334.502933741,,,failed,6,105,
21,19,main,335.348182201,,-1.788821850,-11.813678541,,,,
21,19,,,347.801914930,,,succeeded,4,0,
22,20,main,348.343760490,,-4.488821890,-11.837948904,,,,
22,20,,,364.808962345,,,succeeded,4,0,
23,21,main,365.340053797,,-6.688821923,-11.144853067,,,,
23,21,,,374.192528248,,,succeeded,4,0,
24,22,main,375.375962734,,-9.088821958,-4.648115949,,,,
24,22,,,391.150768518,,,failed,6,208,
25,23,main,392.399399042,,-9.808604272,-7.629458498,,,,
25,23,,,400.058946609,,,succeeded,4,0,
26,24,main,401.354079008,,-9.708604270,-5.760483533,,,,
26,24,,,405.858133316,,,failed,6,208,
27,25,main,406.362390995,,-12.313150306,-8.560483575,,,,
27,25,,,415.544623613,,,succeeded,4,0,
28,26,main,416.431174755,,-11.413150293,-9.560483589,,,,
28,26,,,423.215449333,,,succeeded,4,0,
29,27,main,424.400839806,,-9.113150259,-11.660483621,,,,
29,27,,,433.983460903,,,succeeded,4,0,
30,28,main,434.357625484,,-12.113150303,-3.660483502,,,,
30,28,,,471.870402813,,,succeeded,4,0,
31,29,main,472.391359806,,-9.650002667,2.142576876,,,,
31,29,,,502.775041103,,,succeeded,4,0,
32,30,main,503.393147945,,-12.030267962,1.942576873,,,,
32,30,,,510.574778080,,,succeeded,4,0,
33,31,main,511.414345741,,-12.037552591,0.542576852,,,,
33,31,,,525.939236879,,,succeeded,4,0,
34,32,main,526.432245016,,-10.348506620,4.942576917,,,,
34,32,,,545.946292162,,,succeeded,4,0,
35,33,main,546.431928873,,10.347792973,-11.258340927,,,,
35,33,,,615.543811321,,,succeeded,4,0,
36,34,main,616.441588402,,11.949514652,-9.858890409,,,,
36,34,,,622.764013529,,,succeeded,4,0,
37,35,main,623.449385405,,10.349514628,-9.358890402,,,,
37,35,,,629.103380442,,,succeeded,4,0,
38,36,main,630.449012756,,9.049514608,-6.158890354,,,,
38,36,,,640.501019478,,,succeeded,4,0,
