candidate,development_runs,valid_rho_count,positive_rho_count,rho_dev_macro,TRR50_dev,FC25_dev,FC25_dev_contributing_runs,CalMAE_dev,development_detail_json,admissible,admissibility_reason,held_out_run,selected,selection_rank
RemainingFraction,mpx_002;mpx_003;mpx_004;mpx_005;mpx_006;mpx_007;mpx_008;mpx_009;mpx_010,9,9,0.994689712087105,0.08404433617727589,0.0,4,0.03369639765036363,"[{""cal_mae"": 0.020734110902898447, ""fc25"": NaN, ""fc25_count"": 0, ""low25"": 0, ""pairs"": 23, ""rho"": 0.9997373604682214, ""run_id"": ""mpx_002"", ""trr50"": 0.003392152325640668}, {""cal_mae"": 0.03833223415497127, ""fc25"": 0.0, ""fc25_count"": 0, ""low25"": 6, ""pairs"": 24, ""rho"": 0.9945640591711886, ""run_id"": ""mpx_003"", ""trr50"": 0.1375801867821517}, {""cal_mae"": 0.05320597894314723, ""fc25"": 0.0, ""fc25_count"": 0, ""low25"": 4, ""pairs"": 18, ""rho"": 0.9979360165118679, ""run_id"": ""mpx_004"", ""trr50"": 0.10677589993533722}, {""cal_mae"": 0.025915919721055638, ""fc25"": NaN, ""fc25_count"": 0, ""low25"": 0, ""pairs"": 21, ""rho"": 0.9999999999999999, ""run_id"": ""mpx_005"", ""trr50"": 0.011302905397084041}, {""cal_mae"": 0.026920953070927147, ""fc25"": NaN, ""fc25_count"": 0, ""low25"": 0, ""pairs"": 23, ""rho"": 0.9875563164322685, ""run_id"": ""mpx_006"", ""trr50"": 0.016142617377759873}, {""cal_mae"": 0.03335975694082892, ""fc25"": 0.0, ""fc25_count"": 0, ""low25"": 5, ""pairs"": 20, ""rho"": 0.9966153393772732, ""run_id"": ""mpx_007"", ""trr50"": 0.18829383879719233}, {""cal_mae"": 0.046212876341301765, ""fc25"": 0.0, ""fc25_count"": 0, ""low25"": 5, ""pairs"": 20, ""rho"": 0.9759398496240601, ""run_id"": ""mpx_008"", ""trr50"": 0.2793046681690197}, {""cal_mae"": 0.03181439889505757, ""fc25"": NaN, ""fc25_count"": 0, ""low25"": 0, ""pairs"": 25, ""rho"": 0.9999999999999999, ""run_id"": ""mpx_009"", ""trr50"": 0.004501570442332138}, {""cal_mae"": 0.026771349883084637, ""fc25"": NaN, ""fc25_count"": 0, ""low25"": 0, ""pairs"": 28, ""rho"": 0.9998584671990648, ""run_id"": ""mpx_010"", ""trr50"": 0.009105186368965436}]",True,ADMISSIBLE,mpx_001,True,1
A_mean_m2,mpx_002;mpx_003;mpx_004;mpx_005;mpx_006;mpx_007;mpx_008;mpx_009;mpx_010,9,9,0.9721001277185827,0.08404433617727598,0.0,4,0.08930482505515164,"[{""cal_mae"": 0.06384365187035006, ""fc25"": NaN, ""fc25_count"": 0, ""low25"": 0, ""pairs"": 23, ""rho"": 0.9955345759786021, ""run_id"": ""mpx_002"", ""trr50"": 0.0033921523256407087}, {""cal_mae"": 0.10165705122489242, ""fc25"": 0.0, ""fc25_count"": 0, ""low25"": 6, ""pairs"": 24, ""rho"": 0.9702109383519553, ""run_id"": ""mpx_003"", ""trr50"": 0.13758018678215192}, {""cal_mae"": 0.128111151383976, ""fc25"": 0.0, ""fc25_count"": 0, ""low25"": 4, ""pairs"": 18, ""rho"": 0.977296181630547, ""run_id"": ""mpx_004"", ""trr50"": 0.1067758999353374}, {""cal_mae"": 0.08181768752926812, ""fc25"": NaN, ""fc25_count"": 0, ""low25"": 0, ""pairs"": 21, ""rho"": 0.9601648351648352, ""run_id"": ""mpx_005"", ""trr50"": 0.011302905397084112}, {""cal_mae"": 0.07686476503788589, ""fc25"": NaN, ""fc25_count"": 0, ""low25"": 0, ""pairs"": 23, ""rho"": 0.9677843775363643, ""run_id"": ""mpx_006"", ""trr50"": 0.01614261737775994}, {""cal_mae"": 0.08595464463601457, ""fc25"": 0.0, ""fc25_count"": 0, ""low25"": 5, ""pairs"": 20, ""rho"": 0.9605115384036058, ""run_id"": ""mpx_007"", ""trr50"": 0.18829383879719247}, {""cal_mae"": 0.11411186099849983, ""fc25"": 0.0, ""fc25_count"": 0, ""low25"": 5, ""pairs"": 20, ""rho"": 0.956390977443609, ""run_id"": ""mpx_008"", ""trr50"": 0.2793046681690197}, {""cal_mae"": 0.08075213949947459, ""fc25"": NaN, ""fc25_count"": 0, ""low25"": 0, ""pairs"": 25, ""rho"": 0.9770020533880903, ""run_id"": ""mpx_009"", ""trr50"": 0.004501570442332151}, {""cal_mae"": 0.07063047331600324, ""fc25"": NaN, ""fc25_count"": 0, ""low25"": 0, ""pairs"": 28, ""rho"": 0.9840056715696346, ""run_id"": ""mpx_010"", ""trr50"": 0.009105186368965476}]",True,ADMISSIBLE,mpx_001,False,2
RemainingFraction,mpx_001;mpx_003;mpx_004;mpx_005;mpx_006;mpx_007;mpx_008;mpx_009;mpx_010,9,9,0.993409779546126,0.11639841027927983,0.0,5,0.03654197729818773,"[{""cal_mae"": 0.04634432773331541, ""fc25"": 0.0, ""fc25_count"": 0, ""low25"": 4, ""pairs"": 16, ""rho"": 0.9882179675994109, ""run_id"": ""mpx_001"", ""trr50"": 0.2945788192436759}, {""cal_mae"": 0.03833223415497127, ""fc25"": 0.0, ""fc25_count"": 0, ""low25"": 6, ""pairs"": 24, ""rho"": 0.9945640591711886, ""run_id"": ""mpx_003"", ""trr50"": 0.1375801867821517}, {""cal_mae"": 0.05320597894314723, ""fc25"": 0.0, ""fc25_count"": 0, ""low25"": 4, ""pairs"": 18, ""rho"": 0.9979360165118679, ""run_id"": ""mpx_004"", ""trr50"": 0.10677589993533722}, {""cal_mae"": 0.025915919721055638, ""fc25"": NaN, ""fc25_count"": 0, ""low25"": 0, ""pairs"": 21, ""rho"": 0.9999999999999999, ""run_id"": ""mpx_005"", ""trr50"": 0.011302905397084041}, {""cal_mae"": 0.026920953070927147, ""fc25"": NaN, ""fc25_count"": 0, ""low25"": 0, ""pairs"": 23, ""rho"": 0.9875563164322685, ""run_id"": ""mpx_006"", ""trr50"": 0.016142617377759873}, {""cal_mae"": 0.03335975694082892, ""fc25"": 0.0, ""fc25_count"": 0, ""low25"": 5, ""pairs"": 20, ""rho"": 0.9966153393772732, ""run_id"": ""mpx_007"", ""trr50"": 0.18829383879719233}, {""cal_mae"": 0.046212876341301765, ""fc25"": 0.0, ""fc25_count"": 0, ""low25"": 5, ""pairs"": 20, ""rho"": 0.9759398496240601, ""run_id"": ""mpx_008"", ""trr50"": 0.2793046681690197}, {""cal_mae"": 0.03181439889505757, ""fc25"": NaN, ""fc25_count"": 0, ""low25"": 0, ""pairs"": 25, ""rho"": 0.9999999999999999, ""run_id"": ""mpx_009"", ""trr50"": 0.004501570442332138}, {""cal_mae"": 0.026771349883084637, ""fc25"": NaN, ""fc25_count"": 0, ""low25"": 0, ""pairs"": 28, ""rho"": 0.9998584671990648, ""run_id"": ""mpx_010"", ""trr50"": 0.009105186368965436}]",True,ADMISSIBLE,mpx_002,True,1
A_mean_m2,mpx_001;mpx_003;mpx_004;mpx_005;mpx_006;mpx_007;mpx_008;mpx_009;mpx_010,9,9,0.9660507123872996,0.11639841027927991,0.0,5,0.09599922628713542,"[{""cal_mae"": 0.12409326295820418, ""fc25"": 0.0, ""fc25_count"": 0, ""low25"": 4, ""pairs"": 16, ""rho"": 0.9410898379970545, ""run_id"": ""mpx_001"", ""trr50"": 0.29457881924367607}, {""cal_mae"": 0.10165705122489242, ""fc25"": 0.0, ""fc25_count"": 0, ""low25"": 6, ""pairs"": 24, ""rho"": 0.9702109383519553, ""run_id"": ""mpx_003"", ""trr50"": 0.13758018678215192}, {""cal_mae"": 0.128111151383976, ""fc25"": 0.0, ""fc25_count"": 0, ""low25"": 4, ""pairs"": 18, ""rho"": 0.977296181630547, ""run_id"": ""mpx_004"", ""trr50"": 0.1067758999353374}, {""cal_mae"": 0.08181768752926812, ""fc25"": NaN, ""fc25_count"": 0, ""low25"": 0, ""pairs"": 21, ""rho"": 0.9601648351648352, ""run_id"": ""mpx_005"", ""trr50"": 0.011302905397084112}, {""cal_mae"": 0.07686476503788589, ""fc25"": NaN, ""fc25_count"": 0, ""low25"": 0, ""pairs"": 23, ""rho"": 0.9677843775363643, ""run_id"": ""mpx_006"", ""trr50"": 0.01614261737775994}, {""cal_mae"": 0.08595464463601457, ""fc25"": 0.0, ""fc25_count"": 0, ""low25"": 5, ""pairs"": 20, ""rho"": 0.9605115384036058, ""run_id"": ""mpx_007"", ""trr50"": 0.18829383879719247}, {""cal_mae"": 0.11411186099849983, ""fc25"": 0.0, ""fc25_count"": 0, ""low25"": 5, ""pairs"": 20, ""rho"": 0.956390977443609, ""run_id"": ""mpx_008"", ""trr50"": 0.2793046681690197}, {""cal_mae"": 0.08075213949947459, ""fc25"": NaN, ""fc25_count"": 0, ""low25"": 0, ""pairs"": 25, ""rho"": 0.9770020533880903, ""run_id"": ""mpx_009"", ""trr50"": 0.004501570442332151}, {""cal_mae"": 0.07063047331600324, ""fc25"": NaN, ""fc25_count"": 0, ""low25"": 0, ""pairs"": 28, ""rho"": 0.9840056715696346, ""run_id"": ""mpx_010"", ""trr50"": 0.009105186368965476}]",True,ADMISSIBLE,mpx_002,False,2
RemainingFraction,mpx_001;mpx_002;mpx_004;mpx_005;mpx_006;mpx_007;mpx_008;mpx_009;mpx_010,9,9,0.9939845908013518,0.1014886286730008,0.0,4,0.034586630270179636,"[{""cal_mae"": 0.04634432773331541, ""fc25"": 0.0, ""fc25_count"": 0, ""low25"": 4, ""pairs"": 16, ""rho"": 0.9882179675994109, ""run_id"": ""mpx_001"", ""trr50"": 0.2945788192436759}, {""cal_mae"": 0.020734110902898447, ""fc25"": NaN, ""fc25_count"": 0, ""low25"": 0, ""pairs"": 23, ""rho"": 0.9997373604682214, ""run_id"": ""mpx_002"", ""trr50"": 0.003392152325640668}, {""cal_mae"": 0.05320597894314723, ""fc25"": 0.0, ""fc25_count"": 0, ""low25"": 4, ""pairs"": 18, ""rho"": 0.9979360165118679, ""run_id"": ""mpx_004"", ""trr50"": 0.10677589993533722}, {""cal_mae"": 0.025915919721055638, ""fc25"": NaN, ""fc25_count"": 0, ""low25"": 0, ""pairs"": 21, ""rho"": 0.9999999999999999, ""run_id"": ""mpx_005"", ""trr50"": 0.011302905397084041}, {""cal_mae"": 0.026920953070927147, ""fc25"": NaN, ""fc25_count"": 0, ""low25"": 0, ""pairs"": 23, ""rho"": 0.9875563164322685, ""run_id"": ""mpx_006"", ""trr50"": 0.016142617377759873}, {""cal_mae"": 0.03335975694082892, ""fc25"": 0.0, ""fc25_count"": 0, ""low25"": 5, ""pairs"": 20, ""rho"": 0.9966153393772732, ""run_id"": ""mpx_007"", ""trr50"": 0.18829383879719233}, {""cal_mae"": 0.046212876341301765, ""fc25"": 0.0, ""fc25_count"": 0, ""low25"": 5, ""pairs"": 20, ""rho"": 0.9759398496240601, ""run_id"": ""mpx_008"", ""trr50"": 0.2793046681690197}, {""cal_mae"": 0.03181439889505757, ""fc25"": NaN, ""fc25_count"": 0, ""low25"": 0, ""pairs"": 25, ""rho"": 0.9999999999999999, ""run_id"": ""mpx_009"", ""trr50"": 0.004501570442332138}, {""cal_mae"": 0.026771349883084637, ""fc25"": NaN, ""fc25_count"": 0, ""low25"": 0, ""pairs"": 28, ""rho"": 0.9998584671990648, ""run_id"": ""mpx_010"", ""trr50"": 0.009105186368965436}]",True,ADMISSIBLE,mpx_003,True,1
A_mean_m2,mpx_001;mpx_002;mpx_004;mpx_005;mpx_006;mpx_007;mpx_008;mpx_009;mpx_010,9,9,0.9688644499013714,0.10148862867300089,0.0,4,0.09179773746996406,"[{""cal_mae"": 0.12409326295820418, ""fc25"": 0.0, ""fc25_count"": 0, ""low25"": 4, ""pairs"": 16, ""rho"": 0.9410898379970545, ""run_id"": ""mpx_001"", ""trr50"": 0.29457881924367607}, {""cal_mae"": 0.06384365187035006, ""fc25"": NaN, ""fc25_count"": 0, ""low25"": 0, ""pairs"": 23, ""rho"": 0.9955345759786021, ""run_id"": ""mpx_002"", ""trr50"": 0.0033921523256407087}, {""cal_mae"": 0.128111151383976, ""fc25"": 0.0, ""fc25_count"": 0, ""low25"": 4, ""pairs"": 18, ""rho"": 0.977296181630547, ""run_id"": ""mpx_004"", ""trr50"": 0.1067758999353374}, {""cal_mae"": 0.08181768752926812, ""fc25"": NaN, ""fc25_count"": 0, ""low25"": 0, ""pairs"": 21, ""rho"": 0.9601648351648352, ""run_id"": ""mpx_005"", ""trr50"": 0.011302905397084112}, {""cal_mae"": 0.07686476503788589, ""fc25"": NaN, ""fc25_count"": 0, ""low25"": 0, ""pairs"": 23, ""rho"": 0.9677843775363643, ""run_id"": ""mpx_006"", ""trr50"": 0.01614261737775994}, {""cal_mae"": 0.08595464463601457, ""fc25"": 0.0, ""fc25_count"": 0, ""low25"": 5, ""pairs"": 20, ""rho"": 0.9605115384036058, ""run_id"": ""mpx_007"", ""trr50"": 0.18829383879719247}, {""cal_mae"": 0.11411186099849983, ""fc25"": 0.0, ""fc25_count"": 0, ""low25"": 5, ""pairs"": 20, ""rho"": 0.956390977443609, ""run_id"": ""mpx_008"", ""trr50"": 0.2793046681690197}, {""cal_mae"": 0.08075213949947459, ""fc25"": NaN, ""fc25_count"": 0, ""low25"": 0, ""pairs"": 25, ""rho"": 0.9770020533880903, ""run_id"": ""mpx_009"", ""trr50"": 0.004501570442332151}, {""cal_mae"": 0.07063047331600324, ""fc25"": NaN, ""fc25_count"": 0, ""low25"": 0, ""pairs"": 28, ""rho"": 0.9840056715696346, ""run_id"": ""mpx_010"", ""trr50"": 0.009105186368965476}]",True,ADMISSIBLE,mpx_003,False,2
RemainingFraction,mpx_001;mpx_002;mpx_003;mpx_005;mpx_006;mpx_007;mpx_008;mpx_009;mpx_010,9,9,0.9936099288746097,0.10491132721153576,0.0,4,0.03293399196038231,"[{""cal_mae"": 0.04634432773331541, ""fc25"": 0.0, ""fc25_count"": 0, ""low25"": 4, ""pairs"": 16, ""rho"": 0.9882179675994109, ""run_id"": ""mpx_001"", ""trr50"": 0.2945788192436759}, {""cal_mae"": 0.020734110902898447, ""fc25"": NaN, ""fc25_count"": 0, ""low25"": 0, ""pairs"": 23, ""rho"": 0.9997373604682214, ""run_id"": ""mpx_002"", ""trr50"": 0.003392152325640668}, {""cal_mae"": 0.03833223415497127, ""fc25"": 0.0, ""fc25_count"": 0, ""low25"": 6, ""pairs"": 24, ""rho"": 0.9945640591711886, ""run_id"": ""mpx_003"", ""trr50"": 0.1375801867821517}, {""cal_mae"": 0.025915919721055638, ""fc25"": NaN, ""fc25_count"": 0, ""low25"": 0, ""pairs"": 21, ""rho"": 0.9999999999999999, ""run_id"": ""mpx_005"", ""trr50"": 0.011302905397084041}, {""cal_mae"": 0.026920953070927147, ""fc25"": NaN, ""fc25_count"": 0, ""low25"": 0, ""pairs"": 23, ""rho"": 0.9875563164322685, ""run_id"": ""mpx_006"", ""trr50"": 0.016142617377759873}, {""cal_mae"": 0.03335975694082892, ""fc25"": 0.0, ""fc25_count"": 0, ""low25"": 5, ""pairs"": 20, ""rho"": 0.9966153393772732, ""run_id"": ""mpx_007"", ""trr50"": 0.18829383879719233}, {""cal_mae"": 0.046212876341301765, ""fc25"": 0.0, ""fc25_count"": 0, ""low25"": 5, ""pairs"": 20, ""rho"": 0.9759398496240601, ""run_id"": ""mpx_008"", ""trr50"": 0.2793046681690197}, {""cal_mae"": 0.03181439889505757, ""fc25"": NaN, ""fc25_count"": 0, ""low25"": 0, ""pairs"": 25, ""rho"": 0.9999999999999999, ""run_id"": ""mpx_009"", ""trr50"": 0.004501570442332138}, {""cal_mae"": 0.026771349883084637, ""fc25"": NaN, ""fc25_count"": 0, ""low25"": 0, ""pairs"": 28, ""rho"": 0.9998584671990648, ""run_id"": ""mpx_010"", ""trr50"": 0.009105186368965436}]",True,ADMISSIBLE,mpx_004,True,1
A_mean_m2,mpx_001;mpx_002;mpx_003;mpx_005;mpx_006;mpx_007;mpx_008;mpx_009;mpx_010,9,9,0.9680772006481946,0.10491132721153584,0.0,4,0.08885839300784365,"[{""cal_mae"": 0.12409326295820418, ""fc25"": 0.0, ""fc25_count"": 0, ""low25"": 4, ""pairs"": 16, ""rho"": 0.9410898379970545, ""run_id"": ""mpx_001"", ""trr50"": 0.29457881924367607}, {""cal_mae"": 0.06384365187035006, ""fc25"": NaN, ""fc25_count"": 0, ""low25"": 0, ""pairs"": 23, ""rho"": 0.9955345759786021, ""run_id"": ""mpx_002"", ""trr50"": 0.0033921523256407087}, {""cal_mae"": 0.10165705122489242, ""fc25"": 0.0, ""fc25_count"": 0, ""low25"": 6, ""pairs"": 24, ""rho"": 0.9702109383519553, ""run_id"": ""mpx_003"", ""trr50"": 0.13758018678215192}, {""cal_mae"": 0.08181768752926812, ""fc25"": NaN, ""fc25_count"": 0, ""low25"": 0, ""pairs"": 21, ""rho"": 0.9601648351648352, ""run_id"": ""mpx_005"", ""trr50"": 0.011302905397084112}, {""cal_mae"": 0.07686476503788589, ""fc25"": NaN, ""fc25_count"": 0, ""low25"": 0, ""pairs"": 23, ""rho"": 0.9677843775363643, ""run_id"": ""mpx_006"", ""trr50"": 0.01614261737775994}, {""cal_mae"": 0.08595464463601457, ""fc25"": 0.0, ""fc25_count"": 0, ""low25"": 5, ""pairs"": 20, ""rho"": 0.9605115384036058, ""run_id"": ""mpx_007"", ""trr50"": 0.18829383879719247}, {""cal_mae"": 0.11411186099849983, ""fc25"": 0.0, ""fc25_count"": 0, ""low25"": 5, ""pairs"": 20, ""rho"": 0.956390977443609, ""run_id"": ""mpx_008"", ""trr50"": 0.2793046681690197}, {""cal_mae"": 0.08075213949947459, ""fc25"": NaN, ""fc25_count"": 0, ""low25"": 0, ""pairs"": 25, ""rho"": 0.9770020533880903, ""run_id"": ""mpx_009"", ""trr50"": 0.004501570442332151}, {""cal_mae"": 0.07063047331600324, ""fc25"": NaN, ""fc25_count"": 0, ""low25"": 0, ""pairs"": 28, ""rho"": 0.9840056715696346, ""run_id"": ""mpx_010"", ""trr50"": 0.009105186368965476}]",True,ADMISSIBLE,mpx_004,False,2
RemainingFraction,mpx_001;mpx_002;mpx_003;mpx_004;mpx_006;mpx_007;mpx_008;mpx_009;mpx_010,9,9,0.9933805973759284,0.11551943771578611,0.0,5,0.03596622076283693,"[{""cal_mae"": 0.04634432773331541, ""fc25"": 0.0, ""fc25_count"": 0, ""low25"": 4, ""pairs"": 16, ""rho"": 0.9882179675994109, ""run_id"": ""mpx_001"", ""trr50"": 0.2945788192436759}, {""cal_mae"": 0.020734110902898447, ""fc25"": NaN, ""fc25_count"": 0, ""low25"": 0, ""pairs"": 23, ""rho"": 0.9997373604682214, ""run_id"": ""mpx_002"", ""trr50"": 0.003392152325640668}, {""cal_mae"": 0.03833223415497127, ""fc25"": 0.0, ""fc25_count"": 0, ""low25"": 6, ""pairs"": 24, ""rho"": 0.9945640591711886, ""run_id"": ""mpx_003"", ""trr50"": 0.1375801867821517}, {""cal_mae"": 0.05320597894314723, ""fc25"": 0.0, ""fc25_count"": 0, ""low25"": 4, ""pairs"": 18, ""rho"": 0.9979360165118679, ""run_id"": ""mpx_004"", ""trr50"": 0.10677589993533722}, {""cal_mae"": 0.026920953070927147, ""fc25"": NaN, ""fc25_count"": 0, ""low25"": 0, ""pairs"": 23, ""rho"": 0.9875563164322685, ""run_id"": ""mpx_006"", ""trr50"": 0.016142617377759873}, {""cal_mae"": 0.03335975694082892, ""fc25"": 0.0, ""fc25_count"": 0, ""low25"": 5, ""pairs"": 20, ""rho"": 0.9966153393772732, ""run_id"": ""mpx_007"", ""trr50"": 0.18829383879719233}, {""cal_mae"": 0.046212876341301765, ""fc25"": 0.0, ""fc25_count"": 0, ""low25"": 5, ""pairs"": 20, ""rho"": 0.9759398496240601, ""run_id"": ""mpx_008"", ""trr50"": 0.2793046681690197}, {""cal_mae"": 0.03181439889505757, ""fc25"": NaN, ""fc25_count"": 0, ""low25"": 0, ""pairs"": 25, ""rho"": 0.9999999999999999, ""run_id"": ""mpx_009"", ""trr50"": 0.004501570442332138}, {""cal_mae"": 0.026771349883084637, ""fc25"": NaN, ""fc25_count"": 0, ""low25"": 0, ""pairs"": 28, ""rho"": 0.9998584671990648, ""run_id"": ""mpx_010"", ""trr50"": 0.009105186368965436}]",True,ADMISSIBLE,mpx_005,True,1
A_mean_m2,mpx_001;mpx_002;mpx_003;mpx_004;mpx_006;mpx_007;mpx_008;mpx_009;mpx_010,9,9,0.9699806835888292,0.11551943771578621,0.0,5,0.09400211121392231,"[{""cal_mae"": 0.12409326295820418, ""fc25"": 0.0, ""fc25_count"": 0, ""low25"": 4, ""pairs"": 16, ""rho"": 0.9410898379970545, ""run_id"": ""mpx_001"", ""trr50"": 0.29457881924367607}, {""cal_mae"": 0.06384365187035006, ""fc25"": NaN, ""fc25_count"": 0, ""low25"": 0, ""pairs"": 23, ""rho"": 0.9955345759786021, ""run_id"": ""mpx_002"", ""trr50"": 0.0033921523256407087}, {""cal_mae"": 0.10165705122489242, ""fc25"": 0.0, ""fc25_count"": 0, ""low25"": 6, ""pairs"": 24, ""rho"": 0.9702109383519553, ""run_id"": ""mpx_003"", ""trr50"": 0.13758018678215192}, {""cal_mae"": 0.128111151383976, ""fc25"": 0.0, ""fc25_count"": 0, ""low25"": 4, ""pairs"": 18, ""rho"": 0.977296181630547, ""run_id"": ""mpx_004"", ""trr50"": 0.1067758999353374}, {""cal_mae"": 0.07686476503788589, ""fc25"": NaN, ""fc25_count"": 0, ""low25"": 0, ""pairs"": 23, ""rho"": 0.9677843775363643, ""run_id"": ""mpx_006"", ""trr50"": 0.01614261737775994}, {""cal_mae"": 0.08595464463601457, ""fc25"": 0.0, ""fc25_count"": 0, ""low25"": 5, ""pairs"": 20, ""rho"": 0.9605115384036058, ""run_id"": ""mpx_007"", ""trr50"": 0.18829383879719247}, {""cal_mae"": 0.11411186099849983, ""fc25"": 0.0, ""fc25_count"": 0, ""low25"": 5, ""pairs"": 20, ""rho"": 0.956390977443609, ""run_id"": ""mpx_008"", ""trr50"": 0.2793046681690197}, {""cal_mae"": 0.08075213949947459, ""fc25"": NaN, ""fc25_count"": 0, ""low25"": 0, ""pairs"": 25, ""rho"": 0.9770020533880903, ""run_id"": ""mpx_009"", ""trr50"": 0.004501570442332151}, {""cal_mae"": 0.07063047331600324, ""fc25"": NaN, ""fc25_count"": 0, ""low25"": 0, ""pairs"": 28, ""rho"": 0.9840056715696346, ""run_id"": ""mpx_010"", ""trr50"": 0.009105186368965476}]",True,ADMISSIBLE,mpx_005,False,2
RemainingFraction,mpx_001;mpx_002;mpx_003;mpx_004;mpx_005;mpx_007;mpx_008;mpx_009;mpx_010,9,9,0.9947632288834541,0.11498169194015546,0.0,5,0.035854550390628986,"[{""cal_mae"": 0.04634432773331541, ""fc25"": 0.0, ""fc25_count"": 0, ""low25"": 4, ""pairs"": 16, ""rho"": 0.9882179675994109, ""run_id"": ""mpx_001"", ""trr50"": 0.2945788192436759}, {""cal_mae"": 0.020734110902898447, ""fc25"": NaN, ""fc25_count"": 0, ""low25"": 0, ""pairs"": 23, ""rho"": 0.9997373604682214, ""run_id"": ""mpx_002"", ""trr50"": 0.003392152325640668}, {""cal_mae"": 0.03833223415497127, ""fc25"": 0.0, ""fc25_count"": 0, ""low25"": 6, ""pairs"": 24, ""rho"": 0.9945640591711886, ""run_id"": ""mpx_003"", ""trr50"": 0.1375801867821517}, {""cal_mae"": 0.05320597894314723, ""fc25"": 0.0, ""fc25_count"": 0, ""low25"": 4, ""pairs"": 18, ""rho"": 0.9979360165118679, ""run_id"": ""mpx_004"", ""trr50"": 0.10677589993533722}, {""cal_mae"": 0.025915919721055638, ""fc25"": NaN, ""fc25_count"": 0, ""low25"": 0, ""pairs"": 21, ""rho"": 0.9999999999999999, ""run_id"": ""mpx_005"", ""trr50"": 0.011302905397084041}, {""cal_mae"": 0.03335975694082892, ""fc25"": 0.0, ""fc25_count"": 0, ""low25"": 5, ""pairs"": 20, ""rho"": 0.9966153393772732, ""run_id"": ""mpx_007"", ""trr50"": 0.18829383879719233}, {""cal_mae"": 0.046212876341301765, ""fc25"": 0.0, ""fc25_count"": 0, ""low25"": 5, ""pairs"": 20, ""rho"": 0.9759398496240601, ""run_id"": ""mpx_008"", ""trr50"": 0.2793046681690197}, {""cal_mae"": 0.03181439889505757, ""fc25"": NaN, ""fc25_count"": 0, ""low25"": 0, ""pairs"": 25, ""rho"": 0.9999999999999999, ""run_id"": ""mpx_009"", ""trr50"": 0.004501570442332138}, {""cal_mae"": 0.026771349883084637, ""fc25"": NaN, ""fc25_count"": 0, ""low25"": 0, ""pairs"": 28, ""rho"": 0.9998584671990648, ""run_id"": ""mpx_010"", ""trr50"": 0.009105186368965436}]",True,ADMISSIBLE,mpx_006,True,1
A_mean_m2,mpx_001;mpx_002;mpx_003;mpx_004;mpx_005;mpx_007;mpx_008;mpx_009;mpx_010,9,9,0.9691340677697704,0.11498169194015556,0.0,5,0.094552435935187,"[{""cal_mae"": 0.12409326295820418, ""fc25"": 0.0, ""fc25_count"": 0, ""low25"": 4, ""pairs"": 16, ""rho"": 0.9410898379970545, ""run_id"": ""mpx_001"", ""trr50"": 0.29457881924367607}, {""cal_mae"": 0.06384365187035006, ""fc25"": NaN, ""fc25_count"": 0, ""low25"": 0, ""pairs"": 23, ""rho"": 0.9955345759786021, ""run_id"": ""mpx_002"", ""trr50"": 0.0033921523256407087}, {""cal_mae"": 0.10165705122489242, ""fc25"": 0.0, ""fc25_count"": 0, ""low25"": 6, ""pairs"": 24, ""rho"": 0.9702109383519553, ""run_id"": ""mpx_003"", ""trr50"": 0.13758018678215192}, {""cal_mae"": 0.128111151383976, ""fc25"": 0.0, ""fc25_count"": 0, ""low25"": 4, ""pairs"": 18, ""rho"": 0.977296181630547, ""run_id"": ""mpx_004"", ""trr50"": 0.1067758999353374}, {""cal_mae"": 0.08181768752926812, ""fc25"": NaN, ""fc25_count"": 0, ""low25"": 0, ""pairs"": 21, ""rho"": 0.9601648351648352, ""run_id"": ""mpx_005"", ""trr50"": 0.011302905397084112}, {""cal_mae"": 0.08595464463601457, ""fc25"": 0.0, ""fc25_count"": 0, ""low25"": 5, ""pairs"": 20, ""rho"": 0.9605115384036058, ""run_id"": ""mpx_007"", ""trr50"": 0.18829383879719247}, {""cal_mae"": 0.11411186099849983, ""fc25"": 0.0, ""fc25_count"": 0, ""low25"": 5, ""pairs"": 20, ""rho"": 0.956390977443609, ""run_id"": ""mpx_008"", ""trr50"": 0.2793046681690197}, {""cal_mae"": 0.08075213949947459, ""fc25"": NaN, ""fc25_count"": 0, ""low25"": 0, ""pairs"": 25, ""rho"": 0.9770020533880903, ""run_id"": ""mpx_009"", ""trr50"": 0.004501570442332151}, {""cal_mae"": 0.07063047331600324, ""fc25"": NaN, ""fc25_count"": 0, ""low25"": 0, ""pairs"": 28, ""rho"": 0.9840056715696346, ""run_id"": ""mpx_010"", ""trr50"": 0.009105186368965476}]",True,ADMISSIBLE,mpx_006,False,2
RemainingFraction,mpx_001;mpx_002;mpx_003;mpx_004;mpx_005;mpx_006;mpx_008;mpx_009;mpx_010,9,9,0.9937566707784536,0.0958537784491074,0.0,4,0.03513912773841768,"[{""cal_mae"": 0.04634432773331541, ""fc25"": 0.0, ""fc25_count"": 0, ""low25"": 4, ""pairs"": 16, ""rho"": 0.9882179675994109, ""run_id"": ""mpx_001"", ""trr50"": 0.2945788192436759}, {""cal_mae"": 0.020734110902898447, ""fc25"": NaN, ""fc25_count"": 0, ""low25"": 0, ""pairs"": 23, ""rho"": 0.9997373604682214, ""run_id"": ""mpx_002"", ""trr50"": 0.003392152325640668}, {""cal_mae"": 0.03833223415497127, ""fc25"": 0.0, ""fc25_count"": 0, ""low25"": 6, ""pairs"": 24, ""rho"": 0.9945640591711886, ""run_id"": ""mpx_003"", ""trr50"": 0.1375801867821517}, {""cal_mae"": 0.05320597894314723, ""fc25"": 0.0, ""fc25_count"": 0, ""low25"": 4, ""pairs"": 18, ""rho"": 0.9979360165118679, ""run_id"": ""mpx_004"", ""trr50"": 0.10677589993533722}, {""cal_mae"": 0.025915919721055638, ""fc25"": NaN, ""fc25_count"": 0, ""low25"": 0, ""pairs"": 21, ""rho"": 0.9999999999999999, ""run_id"": ""mpx_005"", ""trr50"": 0.011302905397084041}, {""cal_mae"": 0.026920953070927147, ""fc25"": NaN, ""fc25_count"": 0, ""low25"": 0, ""pairs"": 23, ""rho"": 0.9875563164322685, ""run_id"": ""mpx_006"", ""trr50"": 0.016142617377759873}, {""cal_mae"": 0.046212876341301765, ""fc25"": 0.0, ""fc25_count"": 0, ""low25"": 5, ""pairs"": 20, ""rho"": 0.9759398496240601, ""run_id"": ""mpx_008"", ""trr50"": 0.2793046681690197}, {""cal_mae"": 0.03181439889505757, ""fc25"": NaN, ""fc25_count"": 0, ""low25"": 0, ""pairs"": 25, ""rho"": 0.9999999999999999, ""run_id"": ""mpx_009"", ""trr50"": 0.004501570442332138}, {""cal_mae"": 0.026771349883084637, ""fc25"": NaN, ""fc25_count"": 0, ""low25"": 0, ""pairs"": 28, ""rho"": 0.9998584671990648, ""run_id"": ""mpx_010"", ""trr50"": 0.009105186368965436}]",True,ADMISSIBLE,mpx_007,True,1
A_mean_m2,mpx_001;mpx_002;mpx_003;mpx_004;mpx_005;mpx_006;mpx_008;mpx_009;mpx_010,9,9,0.9699421610067436,0.0958537784491075,0.0,4,0.09354244931317271,"[{""cal_mae"": 0.12409326295820418, ""fc25"": 0.0, ""fc25_count"": 0, ""low25"": 4, ""pairs"": 16, ""rho"": 0.9410898379970545, ""run_id"": ""mpx_001"", ""trr50"": 0.29457881924367607}, {""cal_mae"": 0.06384365187035006, ""fc25"": NaN, ""fc25_count"": 0, ""low25"": 0, ""pairs"": 23, ""rho"": 0.9955345759786021, ""run_id"": ""mpx_002"", ""trr50"": 0.0033921523256407087}, {""cal_mae"": 0.10165705122489242, ""fc25"": 0.0, ""fc25_count"": 0, ""low25"": 6, ""pairs"": 24, ""rho"": 0.9702109383519553, ""run_id"": ""mpx_003"", ""trr50"": 0.13758018678215192}, {""cal_mae"": 0.128111151383976, ""fc25"": 0.0, ""fc25_count"": 0, ""low25"": 4, ""pairs"": 18, ""rho"": 0.977296181630547, ""run_id"": ""mpx_004"", ""trr50"": 0.1067758999353374}, {""cal_mae"": 0.08181768752926812, ""fc25"": NaN, ""fc25_count"": 0, ""low25"": 0, ""pairs"": 21, ""rho"": 0.9601648351648352, ""run_id"": ""mpx_005"", ""trr50"": 0.011302905397084112}, {""cal_mae"": 0.07686476503788589, ""fc25"": NaN, ""fc25_count"": 0, ""low25"": 0, ""pairs"": 23, ""rho"": 0.9677843775363643, ""run_id"": ""mpx_006"", ""trr50"": 0.01614261737775994}, {""cal_mae"": 0.11411186099849983, ""fc25"": 0.0, ""fc25_count"": 0, ""low25"": 5, ""pairs"": 20, ""rho"": 0.956390977443609, ""run_id"": ""mpx_008"", ""trr50"": 0.2793046681690197}, {""cal_mae"": 0.08075213949947459, ""fc25"": NaN, ""fc25_count"": 0, ""low25"": 0, ""pairs"": 25, ""rho"": 0.9770020533880903, ""run_id"": ""mpx_009"", ""trr50"": 0.004501570442332151}, {""cal_mae"": 0.07063047331600324, ""fc25"": NaN, ""fc25_count"": 0, ""low25"": 0, ""pairs"": 28, ""rho"": 0.9840056715696346, ""run_id"": ""mpx_010"", ""trr50"": 0.009105186368965476}]",True,ADMISSIBLE,mpx_007,False,2
RemainingFraction,mpx_001;mpx_002;mpx_003;mpx_004;mpx_005;mpx_006;mpx_007;mpx_009;mpx_010,9,9,0.9960539474176995,0.08574146407445991,0.0,4,0.03371100336058737,"[{""cal_mae"": 0.04634432773331541, ""fc25"": 0.0, ""fc25_count"": 0, ""low25"": 4, ""pairs"": 16, ""rho"": 0.9882179675994109, ""run_id"": ""mpx_001"", ""trr50"": 0.2945788192436759}, {""cal_mae"": 0.020734110902898447, ""fc25"": NaN, ""fc25_count"": 0, ""low25"": 0, ""pairs"": 23, ""rho"": 0.9997373604682214, ""run_id"": ""mpx_002"", ""trr50"": 0.003392152325640668}, {""cal_mae"": 0.03833223415497127, ""fc25"": 0.0, ""fc25_count"": 0, ""low25"": 6, ""pairs"": 24, ""rho"": 0.9945640591711886, ""run_id"": ""mpx_003"", ""trr50"": 0.1375801867821517}, {""cal_mae"": 0.05320597894314723, ""fc25"": 0.0, ""fc25_count"": 0, ""low25"": 4, ""pairs"": 18, ""rho"": 0.9979360165118679, ""run_id"": ""mpx_004"", ""trr50"": 0.10677589993533722}, {""cal_mae"": 0.025915919721055638, ""fc25"": NaN, ""fc25_count"": 0, ""low25"": 0, ""pairs"": 21, ""rho"": 0.9999999999999999, ""run_id"": ""mpx_005"", ""trr50"": 0.011302905397084041}, {""cal_mae"": 0.026920953070927147, ""fc25"": NaN, ""fc25_count"": 0, ""low25"": 0, ""pairs"": 23, ""rho"": 0.9875563164322685, ""run_id"": ""mpx_006"", ""trr50"": 0.016142617377759873}, {""cal_mae"": 0.03335975694082892, ""fc25"": 0.0, ""fc25_count"": 0, ""low25"": 5, ""pairs"": 20, ""rho"": 0.9966153393772732, ""run_id"": ""mpx_007"", ""trr50"": 0.18829383879719233}, {""cal_mae"": 0.03181439889505757, ""fc25"": NaN, ""fc25_count"": 0, ""low25"": 0, ""pairs"": 25, ""rho"": 0.9999999999999999, ""run_id"": ""mpx_009"", ""trr50"": 0.004501570442332138}, {""cal_mae"": 0.026771349883084637, ""fc25"": NaN, ""fc25_count"": 0, ""low25"": 0, ""pairs"": 28, ""rho"": 0.9998584671990648, ""run_id"": ""mpx_010"", ""trr50"": 0.009105186368965436}]",True,ADMISSIBLE,mpx_008,True,1
A_mean_m2,mpx_001;mpx_002;mpx_003;mpx_004;mpx_005;mpx_006;mpx_007;mpx_009;mpx_010,9,9,0.97040000111341,0.08574146407446002,0.0,4,0.09041386971734101,"[{""cal_mae"": 0.12409326295820418, ""fc25"": 0.0, ""fc25_count"": 0, ""low25"": 4, ""pairs"": 16, ""rho"": 0.9410898379970545, ""run_id"": ""mpx_001"", ""trr50"": 0.29457881924367607}, {""cal_mae"": 0.06384365187035006, ""fc25"": NaN, ""fc25_count"": 0, ""low25"": 0, ""pairs"": 23, ""rho"": 0.9955345759786021, ""run_id"": ""mpx_002"", ""trr50"": 0.0033921523256407087}, {""cal_mae"": 0.10165705122489242, ""fc25"": 0.0, ""fc25_count"": 0, ""low25"": 6, ""pairs"": 24, ""rho"": 0.9702109383519553, ""run_id"": ""mpx_003"", ""trr50"": 0.13758018678215192}, {""cal_mae"": 0.128111151383976, ""fc25"": 0.0, ""fc25_count"": 0, ""low25"": 4, ""pairs"": 18, ""rho"": 0.977296181630547, ""run_id"": ""mpx_004"", ""trr50"": 0.1067758999353374}, {""cal_mae"": 0.08181768752926812, ""fc25"": NaN, ""fc25_count"": 0, ""low25"": 0, ""pairs"": 21, ""rho"": 0.9601648351648352, ""run_id"": ""mpx_005"", ""trr50"": 0.011302905397084112}, {""cal_mae"": 0.07686476503788589, ""fc25"": NaN, ""fc25_count"": 0, ""low25"": 0, ""pairs"": 23, ""rho"": 0.9677843775363643, ""run_id"": ""mpx_006"", ""trr50"": 0.01614261737775994}, {""cal_mae"": 0.08595464463601457, ""fc25"": 0.0, ""fc25_count"": 0, ""low25"": 5, ""pairs"": 20, ""rho"": 0.9605115384036058, ""run_id"": ""mpx_007"", ""trr50"": 0.18829383879719247}, {""cal_mae"": 0.08075213949947459, ""fc25"": NaN, ""fc25_count"": 0, ""low25"": 0, ""pairs"": 25, ""rho"": 0.9770020533880903, ""run_id"": ""mpx_009"", ""trr50"": 0.004501570442332151}, {""cal_mae"": 0.07063047331600324, ""fc25"": NaN, ""fc25_count"": 0, ""low25"": 0, ""pairs"": 28, ""rho"": 0.9840056715696346, ""run_id"": ""mpx_010"", ""trr50"": 0.009105186368965476}]",True,ADMISSIBLE,mpx_008,False,2
RemainingFraction,mpx_001;mpx_002;mpx_003;mpx_004;mpx_005;mpx_006;mpx_007;mpx_008;mpx_010,9,9,0.9933805973759284,0.11627514159964744,0.0,5,0.03531083418794784,"[{""cal_mae"": 0.04634432773331541, ""fc25"": 0.0, ""fc25_count"": 0, ""low25"": 4, ""pairs"": 16, ""rho"": 0.9882179675994109, ""run_id"": ""mpx_001"", ""trr50"": 0.2945788192436759}, {""cal_mae"": 0.020734110902898447, ""fc25"": NaN, ""fc25_count"": 0, ""low25"": 0, ""pairs"": 23, ""rho"": 0.9997373604682214, ""run_id"": ""mpx_002"", ""trr50"": 0.003392152325640668}, {""cal_mae"": 0.03833223415497127, ""fc25"": 0.0, ""fc25_count"": 0, ""low25"": 6, ""pairs"": 24, ""rho"": 0.9945640591711886, ""run_id"": ""mpx_003"", ""trr50"": 0.1375801867821517}, {""cal_mae"": 0.05320597894314723, ""fc25"": 0.0, ""fc25_count"": 0, ""low25"": 4, ""pairs"": 18, ""rho"": 0.9979360165118679, ""run_id"": ""mpx_004"", ""trr50"": 0.10677589993533722}, {""cal_mae"": 0.025915919721055638, ""fc25"": NaN, ""fc25_count"": 0, ""low25"": 0, ""pairs"": 21, ""rho"": 0.9999999999999999, ""run_id"": ""mpx_005"", ""trr50"": 0.011302905397084041}, {""cal_mae"": 0.026920953070927147, ""fc25"": NaN, ""fc25_count"": 0, ""low25"": 0, ""pairs"": 23, ""rho"": 0.9875563164322685, ""run_id"": ""mpx_006"", ""trr50"": 0.016142617377759873}, {""cal_mae"": 0.03335975694082892, ""fc25"": 0.0, ""fc25_count"": 0, ""low25"": 5, ""pairs"": 20, ""rho"": 0.9966153393772732, ""run_id"": ""mpx_007"", ""trr50"": 0.18829383879719233}, {""cal_mae"": 0.046212876341301765, ""fc25"": 0.0, ""fc25_count"": 0, ""low25"": 5, ""pairs"": 20, ""rho"": 0.9759398496240601, ""run_id"": ""mpx_008"", ""trr50"": 0.2793046681690197}, {""cal_mae"": 0.026771349883084637, ""fc25"": NaN, ""fc25_count"": 0, ""low25"": 0, ""pairs"": 28, ""rho"": 0.9998584671990648, ""run_id"": ""mpx_010"", ""trr50"": 0.009105186368965436}]",True,ADMISSIBLE,mpx_009,True,1
A_mean_m2,mpx_001;mpx_002;mpx_003;mpx_004;mpx_005;mpx_006;mpx_007;mpx_008;mpx_010,9,9,0.9681098815640231,0.11627514159964752,0.0,5,0.09412050543945492,"[{""cal_mae"": 0.12409326295820418, ""fc25"": 0.0, ""fc25_count"": 0, ""low25"": 4, ""pairs"": 16, ""rho"": 0.9410898379970545, ""run_id"": ""mpx_001"", ""trr50"": 0.29457881924367607}, {""cal_mae"": 0.06384365187035006, ""fc25"": NaN, ""fc25_count"": 0, ""low25"": 0, ""pairs"": 23, ""rho"": 0.9955345759786021, ""run_id"": ""mpx_002"", ""trr50"": 0.0033921523256407087}, {""cal_mae"": 0.10165705122489242, ""fc25"": 0.0, ""fc25_count"": 0, ""low25"": 6, ""pairs"": 24, ""rho"": 0.9702109383519553, ""run_id"": ""mpx_003"", ""trr50"": 0.13758018678215192}, {""cal_mae"": 0.128111151383976, ""fc25"": 0.0, ""fc25_count"": 0, ""low25"": 4, ""pairs"": 18, ""rho"": 0.977296181630547, ""run_id"": ""mpx_004"", ""trr50"": 0.1067758999353374}, {""cal_mae"": 0.08181768752926812, ""fc25"": NaN, ""fc25_count"": 0, ""low25"": 0, ""pairs"": 21, ""rho"": 0.9601648351648352, ""run_id"": ""mpx_005"", ""trr50"": 0.011302905397084112}, {""cal_mae"": 0.07686476503788589, ""fc25"": NaN, ""fc25_count"": 0, ""low25"": 0, ""pairs"": 23, ""rho"": 0.9677843775363643, ""run_id"": ""mpx_006"", ""trr50"": 0.01614261737775994}, {""cal_mae"": 0.08595464463601457, ""fc25"": 0.0, ""fc25_count"": 0, ""low25"": 5, ""pairs"": 20, ""rho"": 0.9605115384036058, ""run_id"": ""mpx_007"", ""trr50"": 0.18829383879719247}, {""cal_mae"": 0.11411186099849983, ""fc25"": 0.0, ""fc25_count"": 0, ""low25"": 5, ""pairs"": 20, ""rho"": 0.956390977443609, ""run_id"": ""mpx_008"", ""trr50"": 0.2793046681690197}, {""cal_mae"": 0.07063047331600324, ""fc25"": NaN, ""fc25_count"": 0, ""low25"": 0, ""pairs"": 28, ""rho"": 0.9840056715696346, ""run_id"": ""mpx_010"", ""trr50"": 0.009105186368965476}]",True,ADMISSIBLE,mpx_009,False,2
RemainingFraction,mpx_001;mpx_002;mpx_003;mpx_004;mpx_005;mpx_006;mpx_007;mpx_008;mpx_009,9,9,0.993396323242699,0.1157636287189104,0.0,5,0.035871172967055935,"[{""cal_mae"": 0.04634432773331541, ""fc25"": 0.0, ""fc25_count"": 0, ""low25"": 4, ""pairs"": 16, ""rho"": 0.9882179675994109, ""run_id"": ""mpx_001"", ""trr50"": 0.2945788192436759}, {""cal_mae"": 0.020734110902898447, ""fc25"": NaN, ""fc25_count"": 0, ""low25"": 0, ""pairs"": 23, ""rho"": 0.9997373604682214, ""run_id"": ""mpx_002"", ""trr50"": 0.003392152325640668}, {""cal_mae"": 0.03833223415497127, ""fc25"": 0.0, ""fc25_count"": 0, ""low25"": 6, ""pairs"": 24, ""rho"": 0.9945640591711886, ""run_id"": ""mpx_003"", ""trr50"": 0.1375801867821517}, {""cal_mae"": 0.05320597894314723, ""fc25"": 0.0, ""fc25_count"": 0, ""low25"": 4, ""pairs"": 18, ""rho"": 0.9979360165118679, ""run_id"": ""mpx_004"", ""trr50"": 0.10677589993533722}, {""cal_mae"": 0.025915919721055638, ""fc25"": NaN, ""fc25_count"": 0, ""low25"": 0, ""pairs"": 21, ""rho"": 0.9999999999999999, ""run_id"": ""mpx_005"", ""trr50"": 0.011302905397084041}, {""cal_mae"": 0.026920953070927147, ""fc25"": NaN, ""fc25_count"": 0, ""low25"": 0, ""pairs"": 23, ""rho"": 0.9875563164322685, ""run_id"": ""mpx_006"", ""trr50"": 0.016142617377759873}, {""cal_mae"": 0.03335975694082892, ""fc25"": 0.0, ""fc25_count"": 0, ""low25"": 5, ""pairs"": 20, ""rho"": 0.9966153393772732, ""run_id"": ""mpx_007"", ""trr50"": 0.18829383879719233}, {""cal_mae"": 0.046212876341301765, ""fc25"": 0.0, ""fc25_count"": 0, ""low25"": 5, ""pairs"": 20, ""rho"": 0.9759398496240601, ""run_id"": ""mpx_008"", ""trr50"": 0.2793046681690197}, {""cal_mae"": 0.03181439889505757, ""fc25"": NaN, ""fc25_count"": 0, ""low25"": 0, ""pairs"": 25, ""rho"": 0.9999999999999999, ""run_id"": ""mpx_009"", ""trr50"": 0.004501570442332138}]",True,ADMISSIBLE,mpx_010,True,1
A_mean_m2,mpx_001;mpx_002;mpx_003;mpx_004;mpx_005;mpx_006;mpx_007;mpx_008;mpx_009,9,9,0.9673317017660737,0.11576362871891048,0.0,5,0.09524513501539618,"[{""cal_mae"": 0.12409326295820418, ""fc25"": 0.0, ""fc25_count"": 0, ""low25"": 4, ""pairs"": 16, ""rho"": 0.9410898379970545, ""run_id"": ""mpx_001"", ""trr50"": 0.29457881924367607}, {""cal_mae"": 0.06384365187035006, ""fc25"": NaN, ""fc25_count"": 0, ""low25"": 0, ""pairs"": 23, ""rho"": 0.9955345759786021, ""run_id"": ""mpx_002"", ""trr50"": 0.0033921523256407087}, {""cal_mae"": 0.10165705122489242, ""fc25"": 0.0, ""fc25_count"": 0, ""low25"": 6, ""pairs"": 24, ""rho"": 0.9702109383519553, ""run_id"": ""mpx_003"", ""trr50"": 0.13758018678215192}, {""cal_mae"": 0.128111151383976, ""fc25"": 0.0, ""fc25_count"": 0, ""low25"": 4, ""pairs"": 18, ""rho"": 0.977296181630547, ""run_id"": ""mpx_004"", ""trr50"": 0.1067758999353374}, {""cal_mae"": 0.08181768752926812, ""fc25"": NaN, ""fc25_count"": 0, ""low25"": 0, ""pairs"": 21, ""rho"": 0.9601648351648352, ""run_id"": ""mpx_005"", ""trr50"": 0.011302905397084112}, {""cal_mae"": 0.07686476503788589, ""fc25"": NaN, ""fc25_count"": 0, ""low25"": 0, ""pairs"": 23, ""rho"": 0.9677843775363643, ""run_id"": ""mpx_006"", ""trr50"": 0.01614261737775994}, {""cal_mae"": 0.08595464463601457, ""fc25"": 0.0, ""fc25_count"": 0, ""low25"": 5, ""pairs"": 20, ""rho"": 0.9605115384036058, ""run_id"": ""mpx_007"", ""trr50"": 0.18829383879719247}, {""cal_mae"": 0.11411186099849983, ""fc25"": 0.0, ""fc25_count"": 0, ""low25"": 5, ""pairs"": 20, ""rho"": 0.956390977443609, ""run_id"": ""mpx_008"", ""trr50"": 0.2793046681690197}, {""cal_mae"": 0.08075213949947459, ""fc25"": NaN, ""fc25_count"": 0, ""low25"": 0, ""pairs"": 25, ""rho"": 0.9770020533880903, ""run_id"": ""mpx_009"", ""trr50"": 0.004501570442332151}]",True,ADMISSIBLE,mpx_010,False,2
