held_out_run,development_runs,selected_candidate,finite_pair_support,rho,TRR25,TRR50,TRR75,low_C25_count,FC25_count,FC25,OracleFC10_count,calibration_bias_mean,calibration_bias_median,calibration_MAE,calibration_p90_abs,progress_bin_summaries_json,oracle_5_decision,oracle_exact_candidate_evaluable,oracle_exact_candidate_value,oracle_exact_C_dev_percentile,broad_future_gain_json
mpx_001,mpx_002;mpx_003;mpx_004;mpx_005;mpx_006;mpx_007;mpx_008;mpx_009;mpx_010,RemainingFraction,16,0.9882179675994109,0.0007264384884202972,0.05031654824205872,0.5034160454286271,1,0,0.0,0,-0.04484323299175737,-0.021065090890877464,0.04634432773331541,0.1090251502901328,"[{""TRR50"": NaN, ""calibration_bias"": -0.08708351316535716, ""progress_bin"": ""[0.00,0.25)"", ""rho"": 0.8999999999999998, ""run_id"": ""mpx_001"", ""support"": 5}, {""TRR50"": NaN, ""calibration_bias"": -0.04058591943692551, ""progress_bin"": ""[0.25,0.50)"", ""rho"": 0.9642857142857145, ""run_id"": ""mpx_001"", ""support"": 7}, {""TRR50"": 0.4218599999999992, ""calibration_bias"": 0.000685293004452033, ""progress_bin"": ""[0.50,0.75)"", ""rho"": NaN, ""run_id"": ""mpx_001"", ""support"": 3}, {""TRR50"": 1.0, ""calibration_bias"": -2.86049962096e-05, ""progress_bin"": ""[0.75,1.00]"", ""rho"": NaN, ""run_id"": ""mpx_001"", ""support"": 1}]",20.0,True,0.0362627387491928,0.48096695038724024,"[{""rho"": 0.9882179675994109, ""run_id"": ""mpx_001"", ""support"": 16, ""target"": ""FutureCoverageGain""}, {""rho"": 0.9882179675994109, ""run_id"": ""mpx_001"", ""support"": 16, ""target"": ""FutureObservedAreaGain""}, {""rho"": 0.9293078055964652, ""run_id"": ""mpx_001"", ""support"": 16, ""target"": ""FutureIoUGain""}]"
mpx_002,mpx_001;mpx_003;mpx_004;mpx_005;mpx_006;mpx_007;mpx_008;mpx_009;mpx_010,RemainingFraction,23,0.9997373604682214,9.819388311063196e-05,0.09967916873753582,0.3597543323222548,10,0,0.0,0,-0.020677553503079354,0.0,0.020734110902898447,0.0686513666278367,"[{""TRR50"": NaN, ""calibration_bias"": -0.08535270418827873, ""progress_bin"": ""[0.00,0.25)"", ""rho"": 0.9999999999999999, ""run_id"": ""mpx_002"", ""support"": 5}, {""TRR50"": 0.6145743188803675, ""calibration_bias"": -0.009716008956192738, ""progress_bin"": ""[0.25,0.50)"", ""rho"": 0.9999999999999999, ""run_id"": ""mpx_002"", ""support"": 5}, {""TRR50"": 1.0, ""calibration_bias"": -0.00011683803701756686, ""progress_bin"": ""[0.50,0.75)"", ""rho"": NaN, ""run_id"": ""mpx_002"", ""support"": 3}, {""TRR50"": 1.0, ""calibration_bias"": 1.103492625849e-05, ""progress_bin"": ""[0.75,1.00]"", ""rho"": 0.9999999999999999, ""run_id"": ""mpx_002"", ""support"": 10}]",18.0,True,0.0187493618719659,0.34299171842650106,"[{""rho"": 0.9828219801454426, ""run_id"": ""mpx_002"", ""support"": 23, ""target"": ""FutureCoverageGain""}, {""rho"": 0.9363162082142703, ""run_id"": ""mpx_002"", ""support"": 23, ""target"": ""FutureObservedAreaGain""}, {""rho"": 0.665934065934066, ""run_id"": ""mpx_002"", ""support"": 14, ""target"": ""FutureIoUGain""}]"
mpx_003,mpx_001;mpx_002;mpx_004;mpx_005;mpx_006;mpx_007;mpx_008;mpx_009;mpx_010,RemainingFraction,24,0.9945640591711886,0.0,0.04311321362625329,0.4068819044872965,1,0,0.0,0,-0.03811773744596586,-0.032363612267891334,0.03833223415497127,0.08157972184629037,"[{""TRR50"": NaN, ""calibration_bias"": -0.08012756897091367, ""progress_bin"": ""[0.00,0.25)"", ""rho"": 1.0, ""run_id"": ""mpx_003"", ""support"": 8}, {""TRR50"": NaN, ""calibration_bias"": -0.04401289351044868, ""progress_bin"": ""[0.25,0.50)"", ""rho"": 0.6571428571428573, ""run_id"": ""mpx_003"", ""support"": 6}, {""TRR50"": 1.0, ""calibration_bias"": -0.0010808650970199002, ""progress_bin"": ""[0.50,0.75)"", ""rho"": 0.9958246164193105, ""run_id"": ""mpx_003"", ""support"": 9}, {""TRR50"": NaN, ""calibration_bias"": 0.0, ""progress_bin"": ""[0.75,1.00]"", ""rho"": NaN, ""run_id"": ""mpx_003"", ""support"": 1}]",21.0,True,0.0349746249720128,0.4485595429798328,"[{""rho"": 0.9939130434782607, ""run_id"": ""mpx_003"", ""support"": 24, ""target"": ""FutureCoverageGain""}, {""rho"": 0.9921739130434782, ""run_id"": ""mpx_003"", ""support"": 24, ""target"": ""FutureObservedAreaGain""}, {""rho"": 0.9426086956521739, ""run_id"": ""mpx_003"", ""support"": 24, ""target"": ""FutureIoUGain""}]"
mpx_004,mpx_001;mpx_002;mpx_003;mpx_005;mpx_006;mpx_007;mpx_008;mpx_009;mpx_010,RemainingFraction,18,0.9979360165118679,,0.03668310564420248,0.3685498727016673,0,0,,0,-0.0520212378479056,-0.021303283317554697,0.05320597894314723,0.1369926985189381,"[{""TRR50"": NaN, ""calibration_bias"": -0.13248177471324912, ""progress_bin"": ""[0.00,0.25)"", ""rho"": 1.0, ""run_id"": ""mpx_004"", ""support"": 6}, {""TRR50"": 0.1906058345764953, ""calibration_bias"": -0.020795368651790543, ""progress_bin"": ""[0.25,0.50)"", ""rho"": 1.0, ""run_id"": ""mpx_004"", ""support"": 7}, {""TRR50"": 1.0, ""calibration_bias"": 0.00081518951594558, ""progress_bin"": ""[0.50,0.75)"", ""rho"": 0.8999999999999998, ""run_id"": ""mpx_004"", ""support"": 5}, {""TRR50"": NaN, ""calibration_bias"": NaN, ""progress_bin"": ""[0.75,1.00]"", ""rho"": NaN, ""run_id"": ""mpx_004"", ""support"": 0}]",16.0,True,0.0275596370960291,0.39726478030825857,"[{""rho"": 0.9979360165118679, ""run_id"": ""mpx_004"", ""support"": 18, ""target"": ""FutureCoverageGain""}, {""rho"": 0.9979360165118679, ""run_id"": ""mpx_004"", ""support"": 18, ""target"": ""FutureObservedAreaGain""}, {""rho"": 0.5500515995872033, ""run_id"": ""mpx_004"", ""support"": 18, ""target"": ""FutureIoUGain""}]"
mpx_005,mpx_001;mpx_002;mpx_003;mpx_004;mpx_006;mpx_007;mpx_008;mpx_009;mpx_010,RemainingFraction,21,0.9999999999999999,0.0,0.04826453584487165,0.22682440661267092,8,0,0.0,0,-0.02431927592192093,7.295808557983439e-05,0.025915919721055638,0.06590734040292445,"[{""TRR50"": NaN, ""calibration_bias"": -0.07189150817172271, ""progress_bin"": ""[0.00,0.25)"", ""rho"": 1.0, ""run_id"": ""mpx_005"", ""support"": 7}, {""TRR50"": 0.33552326480136, ""calibration_bias"": -0.0019507774917914347, ""progress_bin"": ""[0.25,0.50)"", ""rho"": NaN, ""run_id"": ""mpx_005"", ""support"": 3}, {""TRR50"": 1.0, ""calibration_bias"": -0.000731856455848301, ""progress_bin"": ""[0.50,0.75)"", ""rho"": NaN, ""run_id"": ""mpx_005"", ""support"": 3}, {""TRR50"": NaN, ""calibration_bias"": 7.295808557983439e-05, ""progress_bin"": ""[0.75,1.00]"", ""rho"": NaN, ""run_id"": ""mpx_005"", ""support"": 8}]",16.0,True,0.0342463842254569,0.4174748868951767,"[{""rho"": 0.9999999999999999, ""run_id"": ""mpx_005"", ""support"": 21, ""target"": ""FutureCoverageGain""}, {""rho"": 0.9999999999999999, ""run_id"": ""mpx_005"", ""support"": 21, ""target"": ""FutureObservedAreaGain""}, {""rho"": 0.9175824175824175, ""run_id"": ""mpx_005"", ""support"": 13, ""target"": ""FutureIoUGain""}]"
mpx_006,mpx_001;mpx_002;mpx_003;mpx_004;mpx_005;mpx_007;mpx_008;mpx_009;mpx_010,RemainingFraction,23,0.9875563164322685,0.0008796610621751367,0.016142617377759873,0.387414551517146,10,0,0.0,0,-0.02544415076451994,-0.0039796015783806,0.026920953070927147,0.06457713291212229,"[{""TRR50"": NaN, ""calibration_bias"": -0.10071422890476056, ""progress_bin"": ""[0.00,0.25)"", ""rho"": 0.9999999999999999, ""run_id"": ""mpx_006"", ""support"": 5}, {""TRR50"": NaN, ""calibration_bias"": -0.011221521389349396, ""progress_bin"": ""[0.25,0.50)"", ""rho"": 0.8928571428571429, ""run_id"": ""mpx_006"", ""support"": 7}, {""TRR50"": 1.0, ""calibration_bias"": -0.001031224444903333, ""progress_bin"": ""[0.50,0.75)"", ""rho"": NaN, ""run_id"": ""mpx_006"", ""support"": 3}, {""TRR50"": NaN, ""calibration_bias"": 0.0, ""progress_bin"": ""[0.75,1.00]"", ""rho"": NaN, ""run_id"": ""mpx_006"", ""support"": 8}]",19.0,False,,,"[{""rho"": 0.9969072164948454, ""run_id"": ""mpx_006"", ""support"": 23, ""target"": ""FutureCoverageGain""}, {""rho"": 0.9969072164948454, ""run_id"": ""mpx_006"", ""support"": 23, ""target"": ""FutureObservedAreaGain""}, {""rho"": 0.04642857142857142, ""run_id"": ""mpx_006"", ""support"": 15, ""target"": ""FutureIoUGain""}]"
mpx_007,mpx_001;mpx_002;mpx_003;mpx_004;mpx_005;mpx_006;mpx_008;mpx_009;mpx_010,RemainingFraction,20,0.9966153393772732,0.0,0.09457793188485539,0.3556932532143452,2,0,0.0,0,-0.030766048686734798,-0.020006862339797503,0.03335975694082892,0.07464000771549939,"[{""TRR50"": NaN, ""calibration_bias"": -0.05130261869852892, ""progress_bin"": ""[0.00,0.25)"", ""rho"": 0.9761904761904763, ""run_id"": ""mpx_007"", ""support"": 8}, {""TRR50"": 0.6064874918284857, ""calibration_bias"": -0.038697492275825515, ""progress_bin"": ""[0.25,0.50)"", ""rho"": 0.9999999999999999, ""run_id"": ""mpx_007"", ""support"": 5}, {""TRR50"": 1.0, ""calibration_bias"": -0.0019020937945561673, ""progress_bin"": ""[0.50,0.75)"", ""rho"": 0.942857142857143, ""run_id"": ""mpx_007"", ""support"": 6}, {""TRR50"": NaN, ""calibration_bias"": 0.0, ""progress_bin"": ""[0.75,1.00]"", ""rho"": NaN, ""run_id"": ""mpx_007"", ""support"": 1}]",18.0,True,0.0312146086240301,0.4312315006517905,"[{""rho"": 0.9969924812030074, ""run_id"": ""mpx_007"", ""support"": 20, ""target"": ""FutureCoverageGain""}, {""rho"": 0.9969924812030074, ""run_id"": ""mpx_007"", ""support"": 20, ""target"": ""FutureObservedAreaGain""}, {""rho"": 0.30977443609022554, ""run_id"": ""mpx_007"", ""support"": 20, ""target"": ""FutureIoUGain""}]"
mpx_008,mpx_001;mpx_002;mpx_003;mpx_004;mpx_005;mpx_006;mpx_007;mpx_009;mpx_010,RemainingFraction,20,0.9759398496240601,0.00010037993806557825,0.07898646376535177,0.4961813798560886,1,0,0.0,0,-0.046176578645768775,-0.033642295891623014,0.046212876341301765,0.09773440727613003,"[{""TRR50"": NaN, ""calibration_bias"": -0.08597363060154876, ""progress_bin"": ""[0.00,0.25)"", ""rho"": 1.0, ""run_id"": ""mpx_008"", ""support"": 8}, {""TRR50"": NaN, ""calibration_bias"": -0.03736695538076617, ""progress_bin"": ""[0.25,0.50)"", ""rho"": 0.14285714285714288, ""run_id"": ""mpx_008"", ""support"": 6}, {""TRR50"": 1.0, ""calibration_bias"": -0.00234662400428758, ""progress_bin"": ""[0.50,0.75)"", ""rho"": 0.8999999999999998, ""run_id"": ""mpx_008"", ""support"": 5}, {""TRR50"": 1.0, ""calibration_bias"": 0.00019232420304948514, ""progress_bin"": ""[0.75,1.00]"", ""rho"": NaN, ""run_id"": ""mpx_008"", ""support"": 1}]",17.0,False,,,"[{""rho"": 0.9759398496240601, ""run_id"": ""mpx_008"", ""support"": 20, ""target"": ""FutureCoverageGain""}, {""rho"": 0.9759398496240601, ""run_id"": ""mpx_008"", ""support"": 20, ""target"": ""FutureObservedAreaGain""}, {""rho"": 0.45714285714285713, ""run_id"": ""mpx_008"", ""support"": 20, ""target"": ""FutureIoUGain""}]"
mpx_009,mpx_001;mpx_002;mpx_003;mpx_004;mpx_005;mpx_006;mpx_007;mpx_008;mpx_010,RemainingFraction,25,0.9999999999999999,0.0,0.1426515044998796,0.28109153624990085,10,0,0.0,0,-0.03134519879818318,-0.00022188383733269968,0.03181439889505757,0.08263320943214358,"[{""TRR50"": NaN, ""calibration_bias"": -0.07321307742495867, ""progress_bin"": ""[0.00,0.25)"", ""rho"": 1.0, ""run_id"": ""mpx_009"", ""support"": 7}, {""TRR50"": 0.8399713334894379, ""calibration_bias"": -0.06616998201477192, ""progress_bin"": ""[0.25,0.50)"", ""rho"": NaN, ""run_id"": ""mpx_009"", ""support"": 4}, {""TRR50"": 1.0, ""calibration_bias"": -0.0012916999841562195, ""progress_bin"": ""[0.50,0.75)"", ""rho"": 0.9999999999999999, ""run_id"": ""mpx_009"", ""support"": 5}, {""TRR50"": NaN, ""calibration_bias"": 0.0, ""progress_bin"": ""[0.75,1.00]"", ""rho"": NaN, ""run_id"": ""mpx_009"", ""support"": 9}]",18.0,False,,,"[{""rho"": 0.9908858858161605, ""run_id"": ""mpx_009"", ""support"": 25, ""target"": ""FutureCoverageGain""}, {""rho"": 0.9908858858161605, ""run_id"": ""mpx_009"", ""support"": 25, ""target"": ""FutureObservedAreaGain""}, {""rho"": 0.888235294117647, ""run_id"": ""mpx_009"", ""support"": 16, ""target"": ""FutureIoUGain""}]"
mpx_010,mpx_001;mpx_002;mpx_003;mpx_004;mpx_005;mpx_006;mpx_007;mpx_008;mpx_009,RemainingFraction,28,0.9998584671990648,4.3668616028487535e-05,0.1421349768328893,0.2677304653449891,11,0,0.0,0,-0.026698926717511822,-0.0008264750759655014,0.026771349883084637,0.08140706484095574,"[{""TRR50"": NaN, ""calibration_bias"": -0.07099921440359244, ""progress_bin"": ""[0.00,0.25)"", ""rho"": 1.0, ""run_id"": ""mpx_010"", ""support"": 7}, {""TRR50"": 0.8184726381704329, ""calibration_bias"": -0.049425395217415645, ""progress_bin"": ""[0.25,0.50)"", ""rho"": 0.9999999999999999, ""run_id"": ""mpx_010"", ""support"": 5}, {""TRR50"": 1.0, ""calibration_bias"": -0.0004926387397293779, ""progress_bin"": ""[0.50,0.75)"", ""rho"": 0.9908673886137247, ""run_id"": ""mpx_010"", ""support"": 7}, {""TRR50"": NaN, ""calibration_bias"": 0.0, ""progress_bin"": ""[0.75,1.00]"", ""rho"": NaN, ""run_id"": ""mpx_010"", ""support"": 9}]",18.0,True,0.0471014492753623,0.4391708841346522,"[{""rho"": 1.0, ""run_id"": ""mpx_010"", ""support"": 28, ""target"": ""FutureCoverageGain""}, {""rho"": 0.943956977073309, ""run_id"": ""mpx_010"", ""support"": 28, ""target"": ""FutureObservedAreaGain""}, {""rho"": 0.35557506584723436, ""run_id"": ""mpx_010"", ""support"": 19, ""target"": ""FutureIoUGain""}]"
