run_id,decision_id,decision_index,decision_time_s,decision_progress,r_hat,r_evaluable,r_missing_reason,topo_valid,topo_reason,source_prediction_traversable,prediction_component_count,source_component_area_m2,total_prediction_traversable_area_m2,source_component_fraction,u_p95,u_mean,u_disagreement,low_u_25,raw_map_sha256,prediction_member_sha256s,mean_map_sha256,source_mode,source_lower_time_s,source_upper_time_s,tau_r,k,r_condition,topology_condition,u_condition,qualify,streak_before,streak_after,reset_reason,stop_consider,first_fire
hpx_001,1,1,0,0,,false,outside_trajectory_range,false,R_NOT_FINITE,false,0,0,0,,,,,,fef344f59c66c007cb193c3b165cfbe721855a54496ce0c36d71dae386139b1c,2acd5dff89590f1a96e0a0579b51a29182e5b6101591db183ed2e1f152ec5ec4|5f3f267ee9f17b5feedefec490651688338b7b0f6df78e6e2238e2b4894c7ab3|fd771ebf83a98f2188f05fe80f90bb7727165cf0cdb8739aeb127be03090999f,0c66c80ab14ac4adf539689c33147dd7133e2730958108ccae2d1aa3e41f4f75,outside_trajectory_range,,,0.029999999999999999,1,false,false,true,false,0,0,R_MISSING:outside_trajectory_range,false,false
hpx_001,2,2,3.9987370969999998,0.018181818181818181,0.51641151255358242,true,,true,OK,true,7,248.99000742048031,285.26000850141054,0.87285283600925467,5.2978937492295871e-05,0.013270874507725239,0.013814417634792969,,db482a7d305acfe24a7be7b955d1d01d0fec0f537569e5d8f4ae46fbe0d438a4,eb3dc6bae7a3101a77e3a0e686434193baf67198a3f56945249d7a89e0d8e49f|4e775f3efd4e06b41002f24033037d748cb32ca681756baeeaa159f9031cb1b2|6dfe627dc0acfadfea62cca3fb05207f48e6c514f3da2bea11476d1607b79656,f59f456a8afcf9b22a1ca17b0f2bf1fe4cab8de7564aa8429711cb6615f83bfa,interpolated,3.5950310230000002,7.7166612150000002,0.029999999999999999,1,false,true,true,false,0,0,R_ABOVE_THRESHOLD,false,false
hpx_001,3,3,18.998673439000001,0.036363636363636362,0.26317602480192909,true,,true,OK,true,7,358.49001068383461,414.76001236081134,0.8643311794772881,0.33333015441894531,0.03783223032951355,0.039177470835804869,,0c7c0f603bc9f0aa490699f6284f9b3bf4226777f4ac4636f7e9539eb022df65,db98957fe00cf82eff98f1be1dd1b3fe4d67ebb236c3d3b9b7e3e494664890a8|e9a2b9d71ad4dd987a883ce7673ab9e627e40c9ccfbb12b03e3afa0daa5b8a9c|dd86412664b6e54a5ac9c5bc65cd462c45a4703d36afb7403f08639fb7a91e6e,e2a48a596aa9ba131bccc1eee969ccfc27a31e1aae33636cd714f56d75c644fb,interpolated,18.992601871000002,21.613750219,0.029999999999999999,1,false,true,true,false,0,0,R_ABOVE_THRESHOLD,false,false
hpx_001,4,4,48.998841523999999,0.054545454545454543,0.23178330047873841,true,,true,OK,true,6,401.32001196026812,464.39001383990058,0.86418742866986797,0.33333325386047363,0.034905761480331421,0.036122418211970445,,c7615c2027b36796b79bd937b2b62986ebc1ee44a9954e2805ff1a00b7a9ccfa,3ced3d98e76a00e0d43f916ccb7d02a4dff19819b829f046fb247f38169b825b|bc9ef9e845de2dd994d17f3187f3caf1118342f4a71ea26f25571291ac413db6|1a4321897777237607b1c8da68f16d51357a25bf5cc6d2cee2975f7ff0ee009c,c3bd99407de3403db23311714577f2208008a58f416f13f407dcd6c4f26a2f9b,interpolated,48.667533159000001,51.742708921000002,0.029999999999999999,1,false,true,true,false,0,0,R_ABOVE_THRESHOLD,false,false
hpx_001,5,5,80.998834372000005,0.072727272727272724,0.20268967134926633,true,,true,OK,true,7,397.68001185178764,465.55001387447129,0.85421544409837824,0.33333328366279602,0.036306414753198624,0.037532752637915154,,72eb896e141d0127e18da9afd5b50ab7f2ca68bf8c0ac58fd09253d9d585817c,cf9941a1ca9e21b51dfcad53d6ba98f5f09c5851649f328f22609d7a43f263cf|3bbb29b471b975737041444d056ccbcf51a1946253f0986d7201346d58e4bab0|02cd7d346524547341659fb0ad9be014d54191a84107558a68a696749604e4e8,2f0faebfe714116f8341f797cde0d06ab4706f615ae77163ea117537c9f21348,interpolated,80.932659626000003,83.503789901999994,0.029999999999999999,1,false,true,true,false,0,0,R_ABOVE_THRESHOLD,false,false
hpx_001,6,6,130.99908518800001,0.090909090909090912,0.12260990568468794,true,,true,OK,true,5,406.59001211732635,484.49001443892729,0.83921236764432705,0.3333332657814026,0.035143632441759109,0.036827915967241463,,ac706f874650317b781ee4ef6ad67de8d8b973c3a2984de9dbeb4352c3e3629f,90b31b515f1a181a0cdb009970161df153b4837b9ce95accecc6b7f2959565f8|f03f54f58997ff1914c6eca5bf08a312db5d34deb8b5cffdcc5d08a37ee4f45b|9a68ad56a65c72ba63b27f401adbfe6c8769c8ec812958406e39731a3e80447e,fa29471add8458430ea783a34c2068708b48afe9dad650a1d37390e47f9ed8d9,interpolated,130.89101338399999,133.53479743,0.029999999999999999,1,false,true,true,false,0,0,R_ABOVE_THRESHOLD,false,false
hpx_001,7,7,160.99961495400001,0.10909090909090909,0.084605466735430651,true,,true,OK,true,8,396.44001181483276,482.92001439213766,0.82092272011927436,0.3333333432674408,0.038299806416034698,0.039234839234839232,,82fd22e081953626c968b9c004a294df14257b88fda7d3be03f1066039c06b4a,ed9b6305115ffbb8085c480ba0f304e92a2d8f394291469464e14c8e22fb7af0|e9d10407e5f1c0e2af763ee4101bcf6380a1022b81ee3754e4fd4f52f353bc8e|62015f62a479367083ff2b8218a090299dd00fd0af420126b07f17be214f7543,5307e9e38117b123920ee468600d5e94ed692053ea6c1ea1a04cf4083c17bb3e,interpolated,160.61836242699999,163.40928959799999,0.029999999999999999,1,false,true,true,false,0,0,R_ABOVE_THRESHOLD,false,false
hpx_001,8,8,192.999078274,0.12727272727272726,0.062792917896198577,true,,true,OK,true,6,396.04001180291186,486.62001450240621,0.81385886317866096,0.3333333432674408,0.039790462702512741,0.04094319399785637,,234d7b6778adf910e3f334ced3499a8d01847e99cedb4474096700333e893862,504dd6b69e90c93dc1ff0762dbe13818ac6b96667790e9b4e9b643d4c19d59bd|ce0cde695a952de76e5d33117ef89fb1a94646985596eabaef5d85e628c7dcc8|a99fc66d07032de34158823546b44c3e400facdcf9e3eff2d171744d0dc721f5,975d0c71cbd0fe1e8753dc36b75918d295967ac071082606509719e20f293acc,interpolated,192.54399371100001,195.57077527000001,0.029999999999999999,1,false,true,true,false,0,0,R_ABOVE_THRESHOLD,false,false
hpx_001,9,9,222.99872803700001,0.14545454545454545,,false,source_not_known_footprint_safe,false,R_NOT_FINITE,false,0,0,0,,,,,,9207c8fd05dd3865fb420445ad45ecea801c0cf72aeb161fa5291236cdafb79a,78e201578efcd84587620ca827bfe152783713c4cdc4ff0722c907c73b4f7a94|f31dae8d2bbf41c572d78095c7b87a96529a5f7de7f96551b3718ba933296e55|5fbce4b32a0c0a8e362a79ce8888ec436e76a6cf5feb2c3c5b78f838aa8b6640,2bb61b26086acdc24551455c5f05c8103fe3ad37e8ba091215a1581a631e7c0b,interpolated,222.60143661500001,225.421874046,0.029999999999999999,1,false,false,true,false,0,0,R_MISSING:source_not_known_footprint_safe,false,false
hpx_001,10,10,252.998739481,0.16363636363636364,,false,source_not_known_footprint_safe,false,R_NOT_FINITE,false,0,0,0,,,,,,e2c55e3a892d60ba27ca727b026644294b988c71451669bf55b8d13940e5d536,cdbbcc8e6f56ac1562985ad8029fe508ddfc9b7463bbf0df594365c23c861dac|be0ba4f4609f78e236083f7b4dc355d784ab6765bbb2c84e540ecc0514c91545|18d5b00618cee7d783894304fda62b496e373bcfffd0ff027dedefe7315b1dd1,25008610ad1406521757e86167e4987857b774639f53bf9d8e7e0f3474fc78dd,interpolated,252.85506486899999,255.72621750799999,0.029999999999999999,1,false,false,true,false,0,0,R_MISSING:source_not_known_footprint_safe,false,false
hpx_001,11,11,285.998886347,0.18181818181818182,0.26107764370875974,true,,true,OK,true,4,607.88001811623587,629.70001876652259,0.96534857868826429,0.32473579794168472,0.018437406048178673,0.018917507263408743,,3c6815249c8232f2dc021155c913ffae3e03128939a9b3e8ec55e55ed6e37066,6a97c34d60f1ef8ad92b3170f21a80d36c6947f6adb91b89ac6874b0162162c2|80bef934056197d891e4d3e8aa20a1be1eec639a6e6f690a5513536cd9b0d2a2|6747c6a055d20c88b6046a7c47569b9ce7f4ed104ade12e3ff21c6a22d82a66e,ebd9cc0fcaf4667e1e8201a254e4becfcb4fed1a0b7b87b662475ff7bbea8737,interpolated,285.830646753,288.76224088700002,0.029999999999999999,1,false,true,true,false,0,0,R_ABOVE_THRESHOLD,false,false
hpx_001,12,12,307.99914336199998,0.20000000000000001,0.25659380755464434,true,,true,OK,true,8,622.61001855522409,682.20002033114451,0.91265024919378479,1.5517507165441345e-06,0.010383298620581627,0.010744104048165518,,3dd992a90bbc2347ac83d7a6c92734a7c0ce64ba1e4797ad1bb21c927540f068,01ee5245fa9767cab25e1b22e7e433e648c89f5d7a18d4a9902c19eb4e93ab5b|4c142e25567e971b7810cceed0989602fd5a0f89037011abf50e11f4a047dd95|39c7a0237ec2612586ae21759e63b3399531817e73670308b79facc0a9deae77,5136b85240c1f7e78229f2433d73fb3aa81c05873ee6b899649b0ed100598989,interpolated,307.57925510400003,311.07964849500001,0.029999999999999999,1,false,true,true,false,0,0,R_ABOVE_THRESHOLD,false,false
hpx_001,13,13,325.99945712099998,0.21818181818181817,,false,source_not_known_footprint_safe,false,R_NOT_FINITE,false,0,0,0,,,,,,be732e0f9dd25cf3e3baa309928a9ed25af08c4804aaafa69da44acaa9342c5e,83da7c3d61e4ba6c86a7f6ac102f11c6cc6e806f18f1362ebb1833d3dfaa074d|898a5e73ba1143ff9b7ca167f503318744dc96780215891d8b684ce40ca468d9|1b4778fd42039795462b4f6770ebe71f400e30f0fad5c656f20c803f5fbde795,204d86eb16d12db17a4e2cc8c7c88a5d46c67f5cc33c88bc5b0cc460e8c16a50,interpolated,325.75729823099999,329.558930159,0.029999999999999999,1,false,false,true,false,0,0,R_MISSING:source_not_known_footprint_safe,false,false
hpx_001,14,14,342.99865412700001,0.23636363636363636,,false,source_not_known_footprint_safe,false,R_NOT_FINITE,false,0,0,0,,,,,,cac85cc5732a5a87dc71a0d7444b4279599c5e5df526938eaaded9bf805bebe6,dbc304a546bb8caa0c875c372f0a2e11106ac6909c808231dbd84655736c9d6c|d90e97b950b6a5912b6091af1cfa05a17e35fb0d6c88d2c96f0b73b61a35f15f|805d757ccd8190044a7cebbd8400599a2cd813416e409556e8ecec6e269a59aa,37c7f20ad7f69e4c962b0bcdcbcabadcc3e16e04e8f5dcc0e3333dab11021df4,interpolated,342.72576737399999,347.57880401599999,0.029999999999999999,1,false,false,true,false,0,0,R_MISSING:source_not_known_footprint_safe,false,false
hpx_001,15,15,364.99880480799999,0.25454545454545452,0.32790162486343244,true,,true,OK,true,6,923.550027523935,952.26002837955969,0.96985067103522149,1.5176875507448924e-07,0.0095088742673397064,0.0099458042999225772,,fcfc8bc0cd75dc99bb7fa7979fdfae9e300ea5b3f26841f413d4abeeffe79dab,0d1a6c62b32c9963db884d62dcacc401fa1b028d909f5f90f1a07a420205e597|f780f304348743ddf269f5b530e9ffcf09c466aa4f5a7ed299b5e9f191767c83|7f9a7406515804c442835ea9ad98e42b447444ef89ff945b8381812a56a3ea21,92950ad4bc2b76531c5fa4fe857a46ca89b582300ee6ce03cc4b501941cdd1f5,interpolated,364.77150940899998,369.20344924900002,0.029999999999999999,1,false,true,true,false,0,0,R_ABOVE_THRESHOLD,false,false
hpx_001,16,16,379.99885010700001,0.27272727272727271,0.30990192288203344,true,,true,OK,true,6,948.28002826094644,981.22002924263495,0.96642954689060556,1.9910724859073285e-06,0.011507903225719929,0.012061839889790295,,fe948eb7be967b4914efdd59d705b31efb703dcd84860b3294ef1e656d53edf8,ba5b77329b973be1558b498de63888b7eb55b18db684e110f97fffb2c96ebbc9|63fc0ccea2072da35e0d586eafb86935e551342a11a648ffb6061309de13a616|16fbc4e8b1ec3d466f1845e4a26da7576fac00037a69dee9da2f98b844a53345,2ba5d4e82d80bd43fcbfa249aedcbf787fb50406a5039af72948ffdb469dcb23,interpolated,379.82870340300002,384.34522771799999,0.029999999999999999,1,false,true,true,false,0,0,R_ABOVE_THRESHOLD,false,false
hpx_001,17,17,409.999094963,0.29090909090909089,0.24297681904277488,true,,true,OK,true,9,931.46002775967145,969.73002890020632,0.9605354067627071,0.24189772307872348,0.017203781753778458,0.018215410559730177,,e10e1eba3c22970deb125480e6ab33bd3b451b84075171dd4a8c7d6cde0f54dc,6ff1b158c1a21ba3eb4e8278bfffe5e421956d82e5742e147926e3744f0c08a0|8753effed30f6b89ecf8326d0e11f5ac8b8cb512869aa4348519eb624a6f822f|0decb70f6f6b079058e53072a3d6a6d745fae979cd83d84f7567fbad16732bd3,3647466f39e12339163c07aa35c84066dbc517afb17032f6fdbb9c00a372755f,interpolated,409.73587369900002,414.238307238,0.029999999999999999,1,false,true,true,false,0,0,R_ABOVE_THRESHOLD,false,false
hpx_001,18,18,423.99916410399999,0.30909090909090908,0.23861058369225074,true,,true,OK,true,8,931.95002777427453,970.86002893388297,0.95992213089425871,0.06430131196975708,0.015663886442780495,0.016504534630389624,,01294527f2575ec71e12122fad3d8a57c9d23a95b41efa4b7a0110e8411937d7,6c8192f63b176523735c6587dcc332b80b99e489b572dd87ff7ff48786ad5295|6c8d1d2f64f6092351d7affb8f4e94860fdf6cb5237ebfe5b55a720fecfa744f|1655e0ec3a738bcb22d9f4303131d1fbf6a8d6fa04859878304b81e55df5a3ad,fb86a7b0108302436694a92197324aeebafa45ba4c2653dd535ea3b0ae43d5f2,interpolated,423.87236523600001,428.23520946500003,0.029999999999999999,1,false,true,true,false,0,0,R_ABOVE_THRESHOLD,false,false
hpx_001,19,19,478.99885797500002,0.32727272727272727,,false,source_not_known_footprint_safe,false,R_NOT_FINITE,false,0,0,0,,,,,,4c4d30c89a82f57da763571bd298ed8f01065ff870c7141e1471717cba8a2f92,5df1ee7204a5e6902ef21e781555b714c96e287e6bb08f5e3af332bd1855b070|bb419825ef50bcdf3d9221b800ac16d6a6b40baacf5838baa798e1a70f14673a|91a5258c2f5517a685e6747412a92fb789c3c47c31b1d14f8d8e218838d8d9f1,cefb52989d024ed53d86a6a74c53a22a51e2e84a02bb9839ac2dfafc457b3a60,interpolated,478.873091698,483.76496100399999,0.029999999999999999,1,false,false,true,false,0,0,R_MISSING:source_not_known_footprint_safe,false,false
hpx_001,20,20,493.99882721900002,0.34545454545454546,0.22986125422985126,true,,true,OK,true,7,1049.7500312849882,1126.2300335642699,0.93209202383172174,0.050728391855955124,0.01568388007581234,0.016319591089741507,,8c97240f725cd7902c84c36e89b475f11857837176258dab41dd6fefb9db45ef,8825062dcab6cd4068e852156bcb29fbe4df7a68ae37a04936cc8b4f1ed9fa17|2f62abbb3203128c92f2591a7cd3ceb1f51cf647aa77a01f5ab2dcda01844c64|c44b4934911f5eb8c51492bae2812db6f0c5f28fb19550c1f285293d4968dfab,1903eb6cc0292b63d5c90728450d922ef753a0091de228cba373f510c98a7c0a,interpolated,493.966366768,499.07217717200001,0.029999999999999999,1,false,true,true,false,0,0,R_ABOVE_THRESHOLD,false,false
hpx_001,21,21,530.99861502600004,0.36363636363636365,0.18850995696329878,true,,true,OK,true,9,1049.0500312641266,1125.7100335487726,0.93190075596734501,0.1778121143579483,0.016707390546798706,0.017348754448398576,,d099139bdf5efd20e819ef77b4624a2de86d4fca04490f3b83d9d32d1af0a20f,82e57e99054c381410e988924f3d69d67c328fa98a9040e27ecc425f586d4ca3|d525021142a5210083a7e4815e6c02058a2378bc84aa0ff9f07900dbf42cad7a|8f37f7d80248e560dfea531dd1f914d6c5bc96c7fbfc8e10159d41632624e0ae,dd294ad5b7c6fac4b483d8ac5cb382bb5f23829b68647b138d6e613b869de746,interpolated,530.69661831899998,535.74192452399996,0.029999999999999999,1,false,true,true,false,0,0,R_ABOVE_THRESHOLD,false,false
hpx_001,22,22,546.99864363699999,0.38181818181818183,,false,source_not_known_footprint_safe,false,R_NOT_FINITE,false,0,0,0,,,,,,5a60cb2bf0a7eea76fcc207a09ed9ec4df02d4bc98b8c01709a55d332bfaa868,ac0a29eeb0faac6f537f7d2eabc0cb147f0d52c6d583233d47a7b28a337ce7ba|2be14ffa9fb7f8acdf3583e9776ccd9fa0b3a14c32f425d423d6da30bf361192|31316031ee6b9a17fb36699ab242300c31921c8e9c4c2c946eb9e96357d02c7a,957765055a80918cb11976fb463c5ead44bc66aa567d426b9288e624b7113241,interpolated,546.99418139500006,551.95055675499998,0.029999999999999999,1,false,false,true,false,0,0,R_MISSING:source_not_known_footprint_safe,false,false
hpx_001,23,23,566.99930620199996,0.40000000000000002,,false,source_not_known_footprint_safe,false,R_NOT_FINITE,false,0,0,0,,,,,,f373c7fe0d8f619d4957383900a4352a00fb3ca89c181c44f7b3b94569ebdf4a,f7b0df615aac686526286de4b2f581d935970c5e2754fdad0dc655c3635577ff|73210125ba7110a833f5c6f2b44a181305063426a704404cb7f3fb99cd1b122f|4a6b88f934b7472a0ecdd53fd3aec1432c657792c67ee69d95a1a24e42260502,c75d459ed0fd05bab5ac310ff86d300096119fd0abbf69eed9ddf4ada85edccf,interpolated,566.68025779699997,572.01518845600003,0.029999999999999999,1,false,false,true,false,0,0,R_MISSING:source_not_known_footprint_safe,false,false
hpx_001,24,24,584.99905753099995,0.41818181818181815,0.12317861367104727,true,,true,OK,true,8,1112.2600331479314,1134.3000338047746,0.98056951423785599,1.5052037610984663e-06,0.010604554787278175,0.011120067795208861,,3f8e7b64ea51f5204766c5865fb470f45cb48c667042f393f1d0f41d3dda3f38,5a0284da31d7716bb099fb56c5886973a3cbc72761ff25651abe1cf4adfe5ca6|476cf477f8ff982dbe6e31d6975409937b20fccc266772cd817539a11e2c26db|825e1dcd55ffc1566fb26879902fc2aede7e1ab039172f3d035fd333881cd3b2,b780b692419c2cdb5608ce6187323ec3f49a9a5e9df43c259f1a697e29eb4347,interpolated,584.65165996600001,589.76840829800005,0.029999999999999999,1,false,true,true,false,0,0,R_ABOVE_THRESHOLD,false,false
hpx_001,25,25,614.99885034600004,0.43636363636363634,,false,source_outside_runtime_grid,false,R_NOT_FINITE,false,0,0,0,,,,,,eb4d4ea5133ea99ff292fd16078033a13057cc78e8ee0f938cb099f01bc1134b,05de3c8d2c4a77445557ce47d50b2db98cac1827e4b446b87391595d9ea961af|dc8a7a01b87409d79bd5fe2139604448b283662b15bc6db79354dc87c836e4fb|fcd01acdffbcc4a46b9e8c36fbe691e0c3e4ba1b86bad7dc31bb2308dda7b9ba,09107c9670675b091c308e952bc182663690fce15d14938ad097bf858abc137b,interpolated,614.57630038299999,619.80274009699997,0.029999999999999999,1,false,false,true,false,0,0,R_MISSING:source_outside_runtime_grid,false,false
hpx_001,26,26,655.99930500999994,0.45454545454545453,0.067714033969822895,true,,true,OK,true,6,1113.2800331783296,1134.8100338199738,0.98102766101814398,1.491577705792171e-09,0.0063867000862956047,0.0070419565675732647,,cf88122c8b64eabb246c4d3373df847f5f7831450c6695fad7940d8c4a15ec09,007c6a972d3d36607206316223caa1bb1183cda65da869a6182bb3b1f53ec509|68f50f690abe30fcfbd35a2aa65f6d57794e2b74d65f916089372d6f3e43063d|3f609e44bb91fa4edebf9cb7d7552558763320336031527b6ae2c6411dd6dfb0,7035f43ce9ac326906caf8b550afe0d7650a976d6a688e7698780a6a1765437f,interpolated,655.50287675899995,661.00323176400002,0.029999999999999999,1,false,true,true,false,0,0,R_ABOVE_THRESHOLD,false,false
hpx_001,27,27,728.99929308900005,0.47272727272727272,,false,source_outside_runtime_grid,false,R_NOT_FINITE,false,0,0,0,,,,,,9ed7b98cf1d8aad98801213187be24b15808bdd875e3783dc43a76a47c598950,095df5f02b5f640e7d89f360a57d3c1d6c8050e25fd3e83d7314d9a65b8ed8f1|dbb76c21eefce3338aecf1f3b550c2e873e6e9af7ef1034ba12352605fd125b9|4f37bf72a96442960be89749d904eccd86e5c54dac9d879e3cc24541fb337a3c,f2ca511f3fa8b561e0ad66abd8a0e7b1e6be2d95a9bd3404f5110d64b16bc5fb,interpolated,728.63166618299999,733.79609584800005,0.029999999999999999,1,false,false,true,false,0,0,R_MISSING:source_outside_runtime_grid,false,false
hpx_001,28,28,803.99935102500001,0.49090909090909091,,false,source_outside_runtime_grid,false,R_NOT_FINITE,false,0,0,0,,,,,,be7f459dfe66a882b80854592fdece56bafca5ae7bcb65cfaa3258b56cebdf8e,26af14b6d5ad36bff2f66b2f9511ab2ced757b86927f016359116d771ffd65b5|8b08f2605001459c498355314a754bcb57e62987c00acb43716edb6c11e7e1fb|a4064fbad10923498dec8555c0d8048b85c77e25bfd907970a9e3565cb4253c3,6023486cda0af186688a9bce020f0ce209bb67d2236a63e873ab99e4439354ed,interpolated,803.76805448499999,808.68736529399996,0.029999999999999999,1,false,false,true,false,0,0,R_MISSING:source_outside_runtime_grid,false,false
hpx_001,29,29,833.99957847600001,0.50909090909090904,,false,source_outside_runtime_grid,false,R_NOT_FINITE,false,0,0,0,,,,,,5e953c3308d4fbe050fc0200154f519a18dc7ceaac35b8542703ff8f41ce9505,29f483e5a1235c3f87c4f070bc81f9a164c4d1d0170ebde1da1693f4cfc9ac38|a9c1d7784cce2c2d588c93dace5c3d2d494a8b3b6977e7c94c017fba2b7bfcec|61024ea61b235ee19ef3ff8040005d19ec8cd888a7a52740993322162eae7a93,a6988d6e1bcdce9177d760daa0d57b4a33bc8c81f3518f26636433b47bdda40a,interpolated,833.71558976200004,838.72644257499996,0.029999999999999999,1,false,false,true,false,0,0,R_MISSING:source_outside_runtime_grid,false,false
hpx_001,30,30,907.99865579599998,0.52727272727272723,0.013645553577355984,true,,true,OK,true,5,1112.8800331664088,1131.2200337129834,0.98378741535687131,0.0051055779447778185,0.01152452640235424,0.012888418079096044,,1d4763ccb88ff4ff878611f4565b03e8646d74400a7b79e58969bb1d56d6f06b,5533c798debc42506ccf8f975496cf8d8c2488476ae66d8f5f74b28f5d27395e|6b07138150bb0d0c46e06a1c67dd314398166f953a5a80b887fd4b2c1bfe07ad|9482d8baaff8189ca920bb3cf68073653e7e1c8fb52142dc8cfdc3889c65d898,d5bbb98aff9b94a1354effbae2bf03485586764d43abb23001953ec6615654c7,interpolated,907.55707240100003,912.50682687799997,0.029999999999999999,1,true,true,true,true,0,1,,true,true
hpx_001,31,31,936.99858403200005,0.54545454545454541,0.014643519745560564,true,,true,OK,true,6,1113.3100331792239,1131.9100337335469,0.98356759813059347,0.012104963464662338,0.012970447540283203,0.01376967095851216,,d4c6a80a84caf61fadd3e4fbc4ee1198663e58ddf7f57844ee2bca331bd83ac7,053a0d88b5ed0bfe93e9e62a23c037bf652d17d0fe3d0b9a25fce9e6028d5a07|0a00f76afda4761566592e7be01e6b1aad196ff52a0dd61e48cdcbbe50d63b52|f30c8f6c20771bdd576ba3d0e7c73f1f1f84cd69771623915c435a1792756a37,211e2712ece247fabbb6cb7e76fdebdc9b8d92c2f1c166dc4a5c879c8773dacb,interpolated,936.51553177799997,941.42069459000004,0.029999999999999999,1,true,true,true,true,1,2,,false,false
hpx_001,32,32,941.998885632,0.5636363636363636,0.014640552009951116,true,,true,OK,true,6,1113.3300331798198,1131.8800337326529,0.98361133689083646,0.012635274417698258,0.012960414402186871,0.01376967095851216,,105d6b43ac6a4b8248878cebb4dd87043ff494d7d68750f33f2a17b2f4d057cf,012152b0d1bd4d73efaa3bc17d4acc63fbef1dbcae099d22483ad28c6ec0cabf|ac0e11f4297dd382ffc32c74ce79c37c4fb0bd52c51c2d9ea2973d3e5254b6df|2eb8a81a3456553fd8107eb573d591976bc94bd71f09c5d0cf836a430afe733f,57a6b7ca7d8f6129a2fdc7cb2627b8011d3ce28d09dd0001b29a91f59af82fa2,interpolated,941.92437577199996,946.45424938199994,0.029999999999999999,1,true,true,true,true,2,3,,false,false
hpx_001,33,33,976.00122952499999,0.58181818181818179,,false,source_not_known_footprint_safe,false,R_NOT_FINITE,false,0,0,0,,,,,,0092c0f02166d01576d90845b3d4bfcbf315eab4f675708d8a1d8483e575fec6,45774e6f2223f451eccfcc502439634db7dc7b6745ed9e4d74418e5a32b8ccab|0e542fc61b0f560c8e573ab2cf4e2bf0b2138da72a834b29f0dfd86b4a8f2824|2d664051f200e4d818f4d8966bf94c88d249a0290c93f1aafe5c5f7484fc3ccb,6b8174276ef94b6bcfd069cba699e1a0a73e5beed814984b8fbc9fd91952da5e,interpolated,975.83296561199995,980.722521067,0.029999999999999999,1,false,false,true,false,3,0,R_MISSING:source_not_known_footprint_safe,false,false
hpx_001,34,34,1058.998975277,0.59999999999999998,0.0069212453443529493,true,,true,OK,true,5,1114.7200332212451,1135.2700338336829,0.98189857919261492,0.33300050795078279,0.047107499092817307,0.052160493827160488,,fcfa091561d6f26995d0349a4e86f1e77c485b625d6f40567520e97effae531c,827c478573cc128351c5932a8ad83be738cf5a7992f21f6a8891568649bab597|f8679dac044962900e80af8594fbb6a6b25ed6d00c0597eb579300e58bd86728|22fb63fba8f18ea831ee06bbc87c695855ebb2ef6ef6f68594d5d01950e02327,5d884c1e3b0cc0346d597a08f871bd88b902bde2a608123dd6d296b7103af940,interpolated,1058.8303766250001,1063.4218072890001,0.029999999999999999,1,true,true,true,true,0,1,,false,false
hpx_001,35,35,1150.9986476900001,0.61818181818181817,0.0052375405232122372,true,,true,OK,true,6,1110.3300330904128,1133.2300337728861,0.97979227517803091,0.28655527681112264,0.02323397621512413,0.026315789473684209,,75664f2083eeed0b70925f78dae57effb71fdc7c8699dc1b3694877931261a54,ee7e09bb245c26f1f679eb3a0400a46aa97e15b225fee0c0af828694ae065dc6|f404628367f8dfa215b258a6ddb241e30630dd613f0b3fdd1ba8b9b0c64648ef|fb3fef3fa46d35c256814aa033a0b7f43069db9a5924f789a82f2b10ecdec242,bd4ecca8ead7102d5c4565887f7f58cd238d5927a306e1ddd34164969a2f1106,interpolated,1150.5977616309999,1155.4585733409999,0.029999999999999999,1,true,true,true,true,1,2,,false,false
hpx_001,36,36,1223.9987061019999,0.63636363636363635,0.0041451462983963872,true,,true,OK,true,6,1110.4200330930951,1132.9600337648394,0.98010521112837168,0.2185699269175512,0.016572190448641777,0.019707207207207207,,e7fde0341cf69f9a898c769ae1f6bad72430c2410360e5cfc88b1369cfbda66f,8582d41034ff1349d8bc6c0d50b306bbd33077e03a1af97031d9f9dd8805fb96|e5cc010e96d3745011b4a3bd031aa7b8c5761082d9c95640c00813638ed8cd3f|c5445d60b4a9212ed441c159dc0f8bba0fc6902fb5f23213a888eb95e29bd79d,f8bba25aba21f9352f8384c36ccbd9965c0bcb17f7a4744f39db49bac8d12fd8,interpolated,1223.5702147479999,1228.4757137300001,0.029999999999999999,1,true,true,true,true,2,3,,false,false
hpx_001,37,37,1335.998643875,0.65454545454545454,0.0042420109294870837,true,,true,OK,true,5,1112.2400331473352,1133.1900337716941,0.981512367740626,0.039610608667135144,0.013995044864714146,0.015873015873015872,,2d586795033eb22a7fda3f0063e40bfbbe02e680ce5df2a086379f2812daf450,40645d4277991347de482544a59bdbcf9148234e15dd99af9db8012096eb70d1|ea91fe66556dbb05b99c50749799ab26c50de48bd07b11047125264d69389713|5540d5b38c04622166a93fa008d382d41efb67a642f1a11c04b52c6e4cce92e1,4bfbe781d8643d14d75a52142216b746511fe46c654137a77e87f3fe9284925a,interpolated,1335.7997791769999,1340.456051826,0.029999999999999999,1,true,true,true,true,3,4,,false,false
hpx_001,38,38,1441.9988191130001,0.67272727272727273,0.0040260868780838347,true,,true,OK,true,5,1111.0400331115725,1132.1700337412956,0.98133672505012504,0.00032947822764981064,0.0080070160329341888,0.010376134889753566,,c8c094aafdaef94a3461c9bfb01297a9bef5273cc4c13d516bc381a4a3dccced,3ca562aaf9ad4ffc05db3f4abaea21c0da034fffd9363d179e46f3428db8018f|b29bb52e2268fb588e912c2a5075acbf89a7247e44c337b7e618bbc5397e7866|33672fc02c59256d138d1fec4277031695d31c522360f9c1f26d23a1a665fbbf,c97df1686bd583c49e3e1c56c32ecf6f9120b90c21d0969e5b1e5799a0a20f22,interpolated,1441.858960152,1446.514501333,0.029999999999999999,1,true,true,true,true,4,5,,false,false
hpx_001,39,39,1454.9987113479999,0.69090909090909092,0.0030111249346387553,true,,true,OK,true,6,1111.280033118725,1132.4700337502363,0.9812886875590523,2.6037019210889366e-06,0.003055008128285408,0.0044563279857397498,,75169d51a7d7f3434bb98efb85d60221bdd7013c0234cad51411bc6446e749d6,cba6b6eb33a71036b0e207be0035608cedc1e69791139fd9465710c47a41e14f|b879d00b694c01e0e23c77654fd1f04e0ebaab3bd407ac37f643a794fad843e5|4b7445a1c08f8941c84cea47f1109368debd150862898b0153cd2ee7fff9a25b,da703f5a8be1893b3b4c2f5e67c52409f37f7ed018fbb1ce3b7c456c4e67c0e9,interpolated,1454.6561195849999,1459.4283452029999,0.029999999999999999,1,true,true,true,true,5,6,,false,false
hpx_001,40,40,1459.9988932609999,0.70909090909090911,0.0030111249346387553,true,,true,OK,true,5,1111.280033118725,1132.6800337564948,0.98110675565914474,2.640822788180226e-06,0.0030940407887101173,0.0044563279857397498,,de709ffca9b13f570e242fb43aaef4e4b712b9a3d5242b827d7436eaf474e67d,e468a4ab9fd3d78a60a2f2c13fe388f4258801d8f240d009991686af2b099da5|2c55db7fc751999d3f8f7da0a97fc94cefe57afca3577d38823bcfdcceaf3dac|6081e98262d45aaf48b2ab4940b4e9a99bb8240d0e6496729db060b71b3f0b35,071ee435ff3238b687ba0388e873741832422e1efccf2bfb3c3b21018ced7bf4,interpolated,1459.93364954,1464.5154609680001,0.029999999999999999,1,true,true,true,true,6,7,,false,false
hpx_001,41,41,1552.9990272519999,0.72727272727272729,,false,source_outside_runtime_grid,false,R_NOT_FINITE,false,0,0,0,,,,,,358c335dbf7d7848f8853f0b15fa679b9d1ba2da44b191eb2ef455cd2e55efc4,841060857d653e64ddaefb3168bc21ef73fe4fa93af8c3509bad6f32b3a0a48d|c3e0e9c722a38212fb19c737a6c125e3cbdfc5462a49310416724e0f8ee2e426|c57e25d1365ddd9cbc7c798b81016598c768a96d8728af2394314e59fe47b73b,7eb4cf897d05e7aef8d4c62701d6544a1b87cb03a1bcbb735151d901dcf62d64,interpolated,1552.7628331179999,1557.326653481,0.029999999999999999,1,false,false,true,false,7,0,R_MISSING:source_outside_runtime_grid,false,false
hpx_001,42,42,1557.9990115170001,0.74545454545454548,,false,source_outside_runtime_grid,false,R_NOT_FINITE,false,0,0,0,,,,,,e16544c15d9588c6d85818606f16bd359bfd644df4b0ebb0def844e4fa02b217,c0ce2b45fd8fa33f770d9968e04fd4a1586395f3f17ddc93a98fbf7cd17ad24b|40e920b6bca947052b0111bcbdd499696db35ced1b7d2e05fa703aff40f9dfdf|637a206be99d490f8889c23ec0fa0de746d8588e80ff671a8fdd249752560ec8,2335a211c14be1f7548db0a82e35439aaaa39c5906998d0149f934986189fa08,interpolated,1557.8368866440001,1562.410271168,0.029999999999999999,1,false,false,true,false,0,0,R_MISSING:source_outside_runtime_grid,false,false
hpx_001,43,43,1648.9992332459999,0.76363636363636367,0.00076867643526303138,true,,true,OK,true,5,1111.2600331181291,1133.7800337892772,0.98013724002892977,5.2867787871946348e-06,0.00044237804831936955,0,,76796ff21ded8146e503669832cd4abedb010ee8dda310526f41aabbed6736c9,d8c45505c646c6b50ab153404c723768988dbd312acbf3d8e929c33ba3aa1d37|d49ba7475552156c340376ee864dbd5342c69d03da4cdd4d8e20db5e37da8944|379392f354e6e1ba7bc440c10a4b924d1f02add549f5956971f0ebacbc79658a,7e861753d70026ffc1d07f5156f5609b6fe598588e81cde29c5e9d33f22bf5e3,interpolated,1648.6829557420001,1653.39100194,0.029999999999999999,1,true,true,true,true,0,1,,false,false
hpx_001,44,44,1672.998826027,0.78181818181818186,,false,source_not_known_footprint_safe,false,R_NOT_FINITE,false,0,0,0,,,,,,79915ea17e7f40e7ca9956aad8902604a036c73ab3470e2726f5496482ca40bb,820b40e9fc4faea497c227a6b8bde4fc5839fe783ff26b451c8fd258f2f03c9b|38992bd897f69d44b675d6706ce444cffb15edc450f6312d629afe6f13c9e853|1cd5639ec9e0ebf168b1211cf813e84d5374e6582453fa984e176e13a39cd93f,4c83291fe82cb73997f722cbfb9218c996183ac75a5112200486bc66c81fe331,interpolated,1672.721382856,1677.3983743189999,0.029999999999999999,1,false,false,true,false,1,0,R_MISSING:source_not_known_footprint_safe,false,false
hpx_001,45,45,1724.998601198,0.80000000000000004,0.00072028595352354883,true,,true,OK,true,5,1111.4700331243876,1133.9800337952379,0.98014956172066525,2.4179729007300839e-05,0.00086660595843568444,0,,234aa8f073448a9d2d5f99a0e9179da3497c0e2df4c677d116b583ff297f3a50,cabbbc3619ee25c825e48d0f7e07d88873244b7ac9b16a2b2d866809a4d59fdb|2bafa9c81691bb01bf0759a7bd71962fe9ba271d0c86fecd8fad1052e31f40ee|1a583a1b7e21aafe1b2a72f946adf39c68ea2ff9f06da439c7f63d53b309afe2,c110ac3f37ba09c297b9d7ced919528b4a769bc40e3ba84eed6cb818bb561e70,interpolated,1724.53347373,1729.328076839,0.029999999999999999,1,true,true,true,true,0,1,,false,false
hpx_001,46,46,1729.9986362459999,0.81818181818181823,0.00072027298346073157,true,,true,OK,true,5,1111.4900331249835,1133.9400337940458,0.98020177434432154,2.4731611665629229e-05,0.00088032620260491967,0,,8f77cd33c38a414692d71ffd78e240b649ec653c0aeb4d2cf5171075fbd47d5d,667981eef87e2a527ccde331dcf0aa49db0de8d3a3e44b99f14337ce7b754b3c|4bc0c5e3ca6a1d33ce43613b60442df5a2e7fa885dd37f5f90af9089ae1134f8|69f85815562d0c831841002ef08d3910fc7ef4307ba80a92eeadcce2900bd367,fdb4dcfe2e9ad9f16bf1bb08efc5f1f7aa2a6a1b86ad7521f8ae1ee6e4903221,interpolated,1729.833628416,1734.3231258390001,0.029999999999999999,1,true,true,true,true,1,2,,false,false
hpx_001,47,47,1807.9989604949999,0.83636363636363631,0,true,,true,OK,true,5,1110.5000330954792,1133.3500337764624,0.97983853178629721,0,0,0,,f89908c4c8a98a93c1bc73cc10bd4ad8cc714ebc9a8ab192264f703ac4f3ddb0,41e4c04066f853e95378a3b8342a9879c5c6d68f4679a3bfec1033d1fe72ced7|7abfe93d622db4e7b3389b44b369ea49a154943cc4ddde0dec52bfb107346096|97c796f9a5b6390a84224d0ed28c443de462db6d62a9fe2843f43be3be0965e7,d224c07c9d056f05c918c716e7e66d078ab3825c11e0056a4c22d2f407b9fafe,interpolated,1807.54907465,1812.4058172699999,0.029999999999999999,1,true,true,true,true,2,3,,false,false
hpx_001,48,48,1812.998632908,0.8545454545454545,0,true,,true,OK,true,5,1110.5000330954792,1133.3500337764624,0.97983853178629721,0,0,0,,5a71c6e9dca0b66ed1fcd131826aeaa05501973e058b6f9e37c5866e0897abbd,e442b0041a7b87055bc837ade11b14006f040843f57ac3a6a05dd257e8951187|39f9eef331b5ac58f067cffcb60ac6b6b03831c8e96639c0f1031e40268d62be|2f6474e105355f5e8b64e2d0649d7873785d4bdcc59a4db7179f6be54c1f52f7,3dc4eef7e367863bd336e7019d42d9373bb72e8efec6b7a42d282db822e26798,interpolated,1812.9112148280001,1817.3539457320001,0.029999999999999999,1,true,true,true,true,3,4,,false,false
hpx_001,49,49,1928.99873209,0.87272727272727268,,false,source_not_known_footprint_safe,false,R_NOT_FINITE,false,0,0,0,,,,,,8c4c6dc77e55af9e0393cc38349c7a2b648d6828b1f36844a417800ceb19131a,c9c8426e39fde5785de5035fc9b80d918d852a6bc3059256208b05d46d083cd2|b0cacda7a7bc673fdeb4143fd864791d01db7233f02262ed78efcc05e490793f|38ceb3a31a2b9377f281902f3e8e9a2cb23495205c47977130934a145a7e33b7,20cf57a3f87147b3d2948d198e840525a832bb6cb5a42ed4e7a8c6b087d2bcc9,interpolated,1928.6035189629999,1933.207836151,0.029999999999999999,1,false,false,true,false,4,0,R_MISSING:source_not_known_footprint_safe,false,false
hpx_001,50,50,1933.9986958500001,0.89090909090909087,,false,source_not_known_footprint_safe,false,R_NOT_FINITE,false,0,0,0,,,,,,dea18600eb9d938f0d53fe43a91870a1d647fb3a04619611e1ac7f6748e7e75f,0a1e10a1dfb5c60af71dd197c0ea0e2ca49ecb330d543a7f2ae150cfc40caec8|0aade3c74b3c00a93bcb8a38d8541c62010fe9fdcdc5233ad9820606d9c1ed78|48abac86cce9012636c64dce57899310e398b409e0121f3b91c1a0320d3eea11,bf869596fe6121f930735e09b7e701c09b58cb7220ff627ab38b78c5c53536d1,interpolated,1933.7146875860001,1938.2277808189999,0.029999999999999999,1,false,false,true,false,0,0,R_MISSING:source_not_known_footprint_safe,false,false
hpx_001,51,51,2033.998795986,0.90909090909090906,,false,source_outside_runtime_grid,false,R_NOT_FINITE,false,0,0,0,,,,,,eaeaa74af47c42fdc7ef814e8046d4d637a618f8d34b9a77712994f78c3330e5,a01c227aac22e76d726df3422e2e2ad1f1b3c3caa3d0a480a0b699bf7287cd57|0d21832a4e11d6ef4f83203774fd865564a7f3fa48030997fd472cca87058e2d|83187078de86fe6b8077b8aba2d87c843ccc731be9f7ecc6783d2622e3c5c014,71c549966405b6b8ea963c66832262d72459e792b7352aaaeccee79cbc7c0397,interpolated,2033.5963308810001,2038.320221663,0.029999999999999999,1,false,false,true,false,0,0,R_MISSING:source_outside_runtime_grid,false,false
hpx_001,52,52,2038.9997258190001,0.92727272727272725,,false,source_outside_runtime_grid,false,R_NOT_FINITE,false,0,0,0,,,,,,77f6d90849f12d904fba83b714d1372aa8440fdae86521fc44f90ac2a297da47,dc65b6bf3fb901f92404fea950a187d08fdf64a622f6cc11ace7642b74c5fd97|916041194050886b7ac2502ec4aef66fa5f6e63b42a00e2a8550206ac7448c25|8b62ca33d7d5e072f32933d513ae406bf30684d62b841c0bc2f838740ca31957,4c6f64a2d78f44963bcd6708c2eb57f0ef44a512583c4ef0201398a5ab3495f2,interpolated,2038.8296329980001,2043.3228502269999,0.029999999999999999,1,false,false,true,false,0,0,R_MISSING:source_outside_runtime_grid,false,false
hpx_001,53,53,2043.998694658,0.94545454545454544,,false,source_outside_runtime_grid,false,R_NOT_FINITE,false,0,0,0,,,,,,3693d7508a389c368e4f07160320a9602bf68be468dc05080105c1be03ace142,fef734ed47730a8b192ed22f13a10f56781d330fc6907ac455344413e8965ecf|4257b76cf10adbf22409ba36261b837434044c35397b1fea64e3336b770fa50b|4c6e2543617963257e1079d2d72cde62b365b214685d8b9c5b0d992ba6885b77,095bec8020c1caf3d766cd743d76d7667f8f4dcc3a35e6eb5056e3c9108f0237,interpolated,2043.828579903,2048.3200626369999,0.029999999999999999,1,false,false,true,false,0,0,R_MISSING:source_outside_runtime_grid,false,false
hpx_001,54,54,2048.9987392429998,0.96363636363636362,,false,source_outside_runtime_grid,false,R_NOT_FINITE,false,0,0,0,,,,,,de4a48597684dcd0e97f2a999ba3ce71214ed92fab21320f2ec0d16b85d98328,9f5df1005b7bc95be236b937f6e5a2c4efce6040475be57af6a1d451141964fa|ce763ac5745335fe30035e877049dbc44e4f3c3fb060b6ec19b5d20a8cf9ca72|bb4e517c96ddc459d447b29a1b55cdc8072feb1497c96b6b69ce9102513d6147,c0f74b2ee63af8895bffe313e621795b8ddb1d6b5960110e65dd268711a1738f,interpolated,2048.8218417170001,2053.417690277,0.029999999999999999,1,false,false,true,false,0,0,R_MISSING:source_outside_runtime_grid,false,false
hpx_001,55,55,2053.9994170670002,0.98181818181818181,,false,source_outside_runtime_grid,false,R_NOT_FINITE,false,0,0,0,,,,,,b96f362e960989150b94df3aea35a07634a959917cbf745d3de20f97ac654524,c79e3c0dc29e678a8f89c322f41be266163f14ca363d75465c8d263518347826|3b5fd81c5c938303adef3aded6688f402fa85f50965542cd94721bf495ac40ca|ff4710c65a5f3ca42b1cc3c7ee3e7723b7483db32bf42a3e4d90fd60b5d6189a,805953b78e1dc7d1ec8188baa4d9f79ea3c10cbe8d52762101e6465670f64c40,interpolated,2053.9184191230001,2058.6662034989999,0.029999999999999999,1,false,false,true,false,0,0,R_MISSING:source_outside_runtime_grid,false,false
hpx_001,56,56,2058.9992947579999,1,,false,source_outside_runtime_grid,false,R_NOT_FINITE,false,0,0,0,,,,,,0c88d1a2085ed7c947f6a5b93e43f5562105f455aef4580d0fc4e6f6a45533f2,b34312d285baf152f4182ef3bdcbbf5d350d9419828b19340bdf1ba034082702|1b357a85e5d870ca31a4ae08bea0644da32813d3f80d7147a0cae0675647c9fe|570981da9ab2583fda65f91f0bd836c158a171663d98a9eca2805faee19f2f08,09f637e1060fdd05ae86b80a153bbe9fedf1a4b4794e1049ec79bc25aa57d2de,interpolated,2058.6662034989999,2063.6953907010002,0.029999999999999999,1,false,false,true,false,0,0,R_MISSING:source_outside_runtime_grid,false,false
