run_id,decision_id,decision_index,decision_count,V0_PrimarySevere,V1_PrimarySevere,V2_PrimarySevere,V3_PrimarySevere,PredictionAttributableSevere,ObservedOrSupportSevere,V1_S1,V1_S2,V1_S3,V1_FalseBarrierEvent
mpx_001,1,1,35,1,1,1,1,0,1,1,1,1,1
mpx_001,2,2,35,1,1,1,1,0,1,1,1,1,1
mpx_001,3,3,35,1,1,1,1,0,1,1,1,1,1
mpx_001,4,4,35,1,1,1,1,0,1,1,1,1,1
mpx_001,5,5,35,1,1,1,1,0,1,1,1,1,1
mpx_001,6,6,35,1,1,1,1,0,1,1,1,1,1
mpx_001,7,7,35,1,1,1,1,0,1,1,1,1,1
mpx_001,8,8,35,1,1,1,1,0,1,1,1,1,1
mpx_001,9,9,35,1,1,1,1,0,1,1,1,1,1
mpx_001,10,10,35,1,1,1,1,0,1,1,1,1,1
mpx_001,11,11,35,1,1,1,1,0,1,1,1,1,1
mpx_001,12,12,35,1,1,1,1,0,1,1,1,1,1
mpx_001,13,13,35,1,1,1,1,0,1,1,0,1,0
mpx_001,14,14,35,1,1,1,1,0,1,1,0,1,0
mpx_001,15,15,35,1,1,1,1,0,1,1,0,1,0
mpx_001,16,16,35,1,1,1,1,0,1,1,0,1,0
mpx_001,17,17,35,1,1,1,1,0,1,1,0,1,0
mpx_001,18,18,35,1,1,1,1,0,1,1,0,1,0
mpx_001,19,19,35,1,1,1,1,0,1,1,0,1,0
mpx_001,20,20,35,1,1,1,1,0,1,1,0,1,0
mpx_001,21,21,35,1,1,1,1,0,1,1,0,1,0
mpx_001,22,22,35,1,1,1,1,0,1,1,0,1,0
mpx_001,23,23,35,1,1,1,1,0,1,1,0,1,0
mpx_001,24,24,35,1,1,1,1,0,1,1,0,1,0
mpx_001,25,25,35,1,1,1,1,0,1,1,0,1,0
mpx_001,26,26,35,1,1,1,1,0,1,1,0,1,0
mpx_001,27,27,35,1,1,1,1,0,1,1,0,1,0
mpx_001,28,28,35,1,1,1,1,0,1,1,0,1,0
mpx_001,29,29,35,1,1,1,1,0,1,1,0,1,0
mpx_001,30,30,35,1,1,1,1,0,1,1,0,1,0
mpx_001,31,31,35,1,1,1,1,0,1,1,0,1,0
mpx_001,32,32,35,1,1,1,1,0,1,1,0,1,0
mpx_001,33,33,35,1,1,1,1,0,1,1,0,1,0
mpx_001,34,34,35,1,1,1,1,0,1,1,0,1,0
mpx_001,35,35,35,1,1,1,1,0,1,1,0,1,0
mpx_002,1,1,37,1,1,1,1,0,1,1,1,1,1
mpx_002,2,2,37,1,1,1,1,0,1,1,1,1,1
mpx_002,3,3,37,1,1,1,1,0,1,1,1,1,1
mpx_002,4,4,37,1,1,1,1,0,1,1,1,1,1
mpx_002,5,5,37,1,1,1,1,0,1,1,1,1,1
mpx_002,6,6,37,1,1,1,1,0,1,1,1,1,1
mpx_002,7,7,37,1,1,1,1,0,1,1,0,1,0
mpx_002,8,8,37,1,1,1,1,0,1,1,0,1,0
mpx_002,9,9,37,1,1,1,1,0,1,1,0,1,0
mpx_002,10,10,37,1,1,1,1,0,1,1,0,1,0
mpx_002,11,11,37,1,1,1,1,0,1,1,0,1,0
mpx_002,12,12,37,1,1,1,1,0,1,1,0,1,0
mpx_002,13,13,37,1,1,1,1,0,1,1,0,1,0
mpx_002,14,14,37,1,1,1,1,0,1,1,0,1,0
mpx_002,15,15,37,1,1,1,1,0,1,1,0,1,0
mpx_002,16,16,37,1,1,1,1,0,1,1,0,1,0
mpx_002,17,17,37,1,1,1,1,0,1,1,0,1,0
mpx_002,18,18,37,1,1,1,1,0,1,1,0,1,0
mpx_002,19,19,37,1,1,1,1,0,1,1,0,1,0
mpx_002,20,20,37,1,1,1,1,0,1,1,0,1,0
mpx_002,21,21,37,1,1,1,1,0,1,1,0,1,0
mpx_002,22,22,37,1,1,1,1,0,1,1,0,1,0
mpx_002,23,23,37,1,1,1,1,0,1,1,0,1,0
mpx_002,24,24,37,1,1,1,1,0,1,1,0,1,0
mpx_002,25,25,37,1,1,1,1,0,1,1,0,1,0
mpx_002,26,26,37,1,1,1,1,0,1,1,0,1,0
mpx_002,27,27,37,1,1,1,1,0,1,1,0,1,0
mpx_002,28,28,37,1,1,1,1,0,1,1,0,1,0
mpx_002,29,29,37,1,1,1,1,0,1,1,0,1,0
mpx_002,30,30,37,1,1,1,1,0,1,1,0,1,0
mpx_002,31,31,37,1,1,1,1,0,1,1,0,1,0
mpx_002,32,32,37,1,1,1,1,0,1,1,0,1,0
mpx_002,33,33,37,1,1,1,1,0,1,1,0,1,0
mpx_002,34,34,37,1,1,1,1,0,1,1,0,1,0
mpx_002,35,35,37,1,1,1,1,0,1,1,0,1,0
mpx_002,36,36,37,1,1,1,1,0,1,1,0,1,0
mpx_002,37,37,37,1,1,1,1,0,1,1,0,1,0
mpx_003,1,1,41,1,1,1,1,0,1,1,1,1,1
mpx_003,2,2,41,1,1,1,1,0,1,1,1,1,1
mpx_003,3,3,41,1,1,1,1,0,1,1,1,1,1
mpx_003,4,4,41,1,1,1,1,0,1,1,1,1,1
mpx_003,5,5,41,1,1,1,1,0,1,1,1,1,1
mpx_003,6,6,41,1,1,1,1,0,1,1,1,1,1
mpx_003,7,7,41,1,1,1,1,0,1,1,1,1,1
mpx_003,8,8,41,1,1,1,1,0,1,1,1,1,1
mpx_003,9,9,41,1,1,1,1,0,1,1,1,1,1
mpx_003,10,10,41,1,1,1,1,0,1,1,1,1,1
mpx_003,11,11,41,1,1,1,1,0,1,1,0,1,0
mpx_003,12,12,41,1,1,1,1,0,1,1,1,1,1
mpx_003,13,13,41,1,1,1,1,0,1,1,1,1,1
mpx_003,14,14,41,1,1,1,1,0,1,1,1,1,1
mpx_003,15,15,41,1,1,1,1,0,1,1,1,1,1
mpx_003,16,16,41,1,1,1,1,0,1,1,1,1,1
mpx_003,17,17,41,1,1,1,1,0,1,1,0,1,0
mpx_003,18,18,41,1,1,1,1,0,1,1,0,1,0
mpx_003,19,19,41,1,1,1,1,0,1,1,0,1,0
mpx_003,20,20,41,1,1,1,1,0,1,1,0,1,0
mpx_003,21,21,41,1,1,1,1,0,1,1,0,1,0
mpx_003,22,22,41,1,1,1,1,0,1,1,0,1,0
mpx_003,23,23,41,1,1,1,1,0,1,1,0,1,0
mpx_003,24,24,41,1,1,1,1,0,1,1,0,1,0
mpx_003,25,25,41,1,1,1,1,0,1,1,0,1,0
mpx_003,26,26,41,1,1,1,1,0,1,1,0,1,0
mpx_003,27,27,41,1,1,1,1,0,1,1,0,1,0
mpx_003,28,28,41,1,1,1,1,0,1,1,0,1,0
mpx_003,29,29,41,1,1,1,1,0,1,1,0,1,0
mpx_003,30,30,41,1,1,1,1,0,1,1,0,1,0
mpx_003,31,31,41,1,1,1,1,0,1,1,0,1,0
mpx_003,32,32,41,1,1,1,1,0,1,1,0,1,0
mpx_003,33,33,41,1,1,1,1,0,1,1,0,1,0
mpx_003,34,34,41,1,1,1,1,0,1,1,0,1,0
mpx_003,35,35,41,1,1,1,1,0,1,1,0,1,0
mpx_003,36,36,41,1,1,1,1,0,1,1,0,1,0
mpx_003,37,37,41,1,1,1,1,0,1,1,0,1,0
mpx_003,38,38,41,1,1,1,1,0,1,1,0,1,0
mpx_003,39,39,41,1,1,1,1,0,1,1,0,1,0
mpx_003,40,40,41,1,1,1,1,0,1,1,0,1,0
mpx_003,41,41,41,1,1,1,1,0,1,1,0,1,0
mpx_004,1,1,36,1,1,1,1,0,1,1,1,1,1
mpx_004,2,2,36,1,1,1,1,0,1,1,1,1,1
mpx_004,3,3,36,1,1,1,1,0,1,1,1,1,1
mpx_004,4,4,36,1,1,1,1,0,1,1,1,1,1
mpx_004,5,5,36,1,1,1,1,0,1,1,1,1,1
mpx_004,6,6,36,1,1,1,1,0,1,1,1,1,1
mpx_004,7,7,36,1,1,1,1,0,1,1,1,1,1
mpx_004,8,8,36,1,1,1,1,0,1,1,1,1,1
mpx_004,9,9,36,1,1,1,1,0,1,1,1,1,1
mpx_004,10,10,36,1,1,1,1,0,1,1,1,1,1
mpx_004,11,11,36,1,1,1,1,0,1,1,1,1,1
mpx_004,12,12,36,1,1,1,1,0,1,1,1,1,1
mpx_004,13,13,36,1,1,1,1,0,1,1,0,1,0
mpx_004,14,14,36,1,1,1,1,0,1,1,0,1,0
mpx_004,15,15,36,1,1,1,1,0,1,1,0,1,0
mpx_004,16,16,36,1,1,1,1,0,1,1,0,1,0
mpx_004,17,17,36,1,1,1,1,0,1,1,0,1,0
mpx_004,18,18,36,1,1,1,1,0,1,1,0,1,0
mpx_004,19,19,36,1,1,1,1,0,1,1,0,1,0
mpx_004,20,20,36,1,1,1,1,0,1,1,0,1,0
mpx_004,21,21,36,1,1,1,1,0,1,1,0,1,0
mpx_004,22,22,36,1,1,1,1,0,1,1,0,1,0
mpx_004,23,23,36,1,1,1,1,0,1,1,0,1,0
mpx_004,24,24,36,1,1,1,1,0,1,1,0,1,0
mpx_004,25,25,36,1,1,1,1,0,1,1,0,1,0
mpx_004,26,26,36,1,1,1,1,0,1,1,0,1,0
mpx_004,27,27,36,1,1,1,1,0,1,1,0,1,0
mpx_004,28,28,36,1,1,1,1,0,1,1,0,1,0
mpx_004,29,29,36,1,1,1,1,0,1,1,0,1,0
mpx_004,30,30,36,1,1,1,1,0,1,1,0,1,0
mpx_004,31,31,36,1,1,1,1,0,1,1,0,1,0
mpx_004,32,32,36,1,1,1,1,0,1,1,0,1,0
mpx_004,33,33,36,1,1,1,1,0,1,1,0,1,0
mpx_004,34,34,36,1,1,1,1,0,1,1,0,1,0
mpx_004,35,35,36,1,1,1,1,0,1,1,0,1,0
mpx_004,36,36,36,1,1,1,1,0,1,1,0,1,0
mpx_005,1,1,34,1,1,1,1,0,1,1,1,1,1
mpx_005,2,2,34,1,1,1,1,0,1,1,1,1,1
mpx_005,3,3,34,1,1,1,1,0,1,1,1,1,1
mpx_005,4,4,34,1,1,1,1,0,1,1,1,1,1
mpx_005,5,5,34,1,1,1,1,0,1,1,1,1,1
mpx_005,6,6,34,1,1,1,1,0,1,1,1,1,1
mpx_005,7,7,34,1,1,1,1,0,1,1,1,1,1
mpx_005,8,8,34,1,1,1,1,0,1,1,1,1,1
mpx_005,9,9,34,1,1,1,1,0,1,1,0,1,0
mpx_005,10,10,34,1,1,1,1,0,1,1,0,1,0
mpx_005,11,11,34,1,1,1,1,0,1,1,0,1,0
mpx_005,12,12,34,1,1,1,1,0,1,1,0,1,0
mpx_005,13,13,34,1,1,1,1,0,1,1,0,1,0
mpx_005,14,14,34,1,1,1,1,0,1,1,0,1,0
mpx_005,15,15,34,1,1,1,1,0,1,1,0,1,0
mpx_005,16,16,34,1,1,1,1,0,1,1,0,1,0
mpx_005,17,17,34,1,1,1,1,0,1,1,0,1,0
mpx_005,18,18,34,1,1,1,1,0,1,1,0,1,0
mpx_005,19,19,34,1,1,1,1,0,1,1,0,1,0
mpx_005,20,20,34,1,1,1,1,0,1,1,0,1,0
mpx_005,21,21,34,1,1,1,1,0,1,1,0,1,0
mpx_005,22,22,34,1,1,1,1,0,1,1,0,1,0
mpx_005,23,23,34,1,1,1,1,0,1,1,0,1,0
mpx_005,24,24,34,1,1,1,1,0,1,1,0,1,0
mpx_005,25,25,34,1,1,1,1,0,1,1,0,1,0
mpx_005,26,26,34,1,1,1,1,0,1,1,0,1,0
mpx_005,27,27,34,1,1,1,1,0,1,1,0,1,0
mpx_005,28,28,34,1,1,1,1,0,1,1,0,1,0
mpx_005,29,29,34,1,1,1,1,0,1,1,0,1,0
mpx_005,30,30,34,1,1,1,1,0,1,1,0,1,0
mpx_005,31,31,34,1,1,1,1,0,1,1,0,1,0
mpx_005,32,32,34,1,1,1,1,0,1,1,0,1,0
mpx_005,33,33,34,1,1,1,1,0,1,1,0,1,0
mpx_005,34,34,34,1,1,1,1,0,1,1,0,1,0
mpx_006,1,1,36,1,1,1,1,0,1,1,1,1,1
mpx_006,2,2,36,1,1,1,1,0,1,1,1,1,1
mpx_006,3,3,36,1,1,1,1,0,1,1,1,1,1
mpx_006,4,4,36,1,1,1,1,0,1,1,1,1,1
mpx_006,5,5,36,1,1,1,1,0,1,1,1,1,1
mpx_006,6,6,36,1,1,1,1,0,1,1,1,1,1
mpx_006,7,7,36,1,1,1,1,0,1,1,1,1,1
mpx_006,8,8,36,1,1,1,1,0,1,1,1,1,1
mpx_006,9,9,36,1,1,1,1,0,1,1,1,1,1
mpx_006,10,10,36,1,1,1,1,0,1,1,0,1,0
mpx_006,11,11,36,1,1,1,1,0,1,1,0,1,0
mpx_006,12,12,36,1,1,1,1,0,1,1,1,1,1
mpx_006,13,13,36,1,1,1,1,0,1,1,0,1,0
mpx_006,14,14,36,1,1,1,1,0,1,1,0,1,0
mpx_006,15,15,36,1,1,1,1,0,1,1,0,1,0
mpx_006,16,16,36,1,1,1,1,0,1,1,0,1,0
mpx_006,17,17,36,1,1,1,1,0,1,1,0,1,0
mpx_006,18,18,36,1,1,1,1,0,1,1,0,1,0
mpx_006,19,19,36,1,1,1,1,0,1,1,0,1,0
mpx_006,20,20,36,1,1,1,1,0,1,1,0,1,0
mpx_006,21,21,36,1,1,1,1,0,1,1,0,1,0
mpx_006,22,22,36,1,1,1,1,0,1,1,0,1,0
mpx_006,23,23,36,1,1,1,1,0,1,1,0,1,0
mpx_006,24,24,36,1,1,1,1,0,1,1,0,1,0
mpx_006,25,25,36,1,1,1,1,0,1,1,0,1,0
mpx_006,26,26,36,1,1,1,1,0,1,1,0,1,0
mpx_006,27,27,36,1,1,1,1,0,1,1,0,1,0
mpx_006,28,28,36,1,1,1,1,0,1,1,0,1,0
mpx_006,29,29,36,1,1,1,1,0,1,1,0,1,0
mpx_006,30,30,36,1,1,1,1,0,1,1,0,1,0
mpx_006,31,31,36,1,1,1,1,0,1,1,0,1,0
mpx_006,32,32,36,1,1,1,1,0,1,1,0,1,0
mpx_006,33,33,36,1,1,1,1,0,1,1,0,1,0
mpx_006,34,34,36,1,1,1,1,0,1,1,0,1,0
mpx_006,35,35,36,1,1,1,1,0,1,1,0,1,0
mpx_006,36,36,36,1,1,1,1,0,1,1,0,1,0
mpx_007,1,1,35,1,1,1,1,0,1,1,1,1,1
mpx_007,2,2,35,1,1,1,1,0,1,1,1,1,1
mpx_007,3,3,35,1,1,1,1,0,1,1,1,1,1
mpx_007,4,4,35,1,1,1,1,0,1,1,1,1,1
mpx_007,5,5,35,1,1,1,1,0,1,1,0,1,0
mpx_007,6,6,35,1,1,1,1,0,1,1,1,1,1
mpx_007,7,7,35,1,1,1,1,0,1,1,0,1,0
mpx_007,8,8,35,1,1,1,1,0,1,1,0,1,0
mpx_007,9,9,35,1,1,1,1,0,1,1,0,1,0
mpx_007,10,10,35,1,1,1,1,0,1,1,1,1,1
mpx_007,11,11,35,1,1,1,1,0,1,1,1,1,1
mpx_007,12,12,35,1,1,1,1,0,1,1,1,1,1
mpx_007,13,13,35,1,1,1,1,0,1,1,1,1,1
mpx_007,14,14,35,1,1,1,1,0,1,1,1,1,1
mpx_007,15,15,35,1,1,1,1,0,1,1,1,1,1
mpx_007,16,16,35,1,1,1,1,0,1,1,1,1,1
mpx_007,17,17,35,1,1,1,1,0,1,1,1,1,1
mpx_007,18,18,35,1,1,1,1,0,1,1,0,1,0
mpx_007,19,19,35,1,1,1,1,0,1,1,0,1,0
mpx_007,20,20,35,1,1,1,1,0,1,1,0,1,0
mpx_007,21,21,35,1,1,1,1,0,1,1,0,1,0
mpx_007,22,22,35,1,1,1,1,0,1,1,0,1,0
mpx_007,23,23,35,1,1,1,1,0,1,1,0,1,0
mpx_007,24,24,35,1,1,1,1,0,1,1,0,1,0
mpx_007,25,25,35,1,1,1,1,0,1,1,0,1,0
mpx_007,26,26,35,1,1,1,1,0,1,1,0,1,0
mpx_007,27,27,35,1,1,1,1,0,1,1,0,1,0
mpx_007,28,28,35,1,1,1,1,0,1,1,0,1,0
mpx_007,29,29,35,1,1,1,1,0,1,1,0,1,0
mpx_007,30,30,35,1,1,1,1,0,1,1,0,1,0
mpx_007,31,31,35,1,1,1,1,0,1,1,0,1,0
mpx_007,32,32,35,1,1,1,1,0,1,1,0,1,0
mpx_007,33,33,35,1,1,1,1,0,1,1,0,1,0
mpx_007,34,34,35,1,1,1,1,0,1,1,0,1,0
mpx_007,35,35,35,1,1,1,1,0,1,1,0,1,0
mpx_008,1,1,35,1,1,1,1,0,1,1,1,1,1
mpx_008,2,2,35,1,1,1,1,0,1,1,1,1,1
mpx_008,3,3,35,1,1,1,1,0,1,1,1,1,1
mpx_008,4,4,35,1,1,1,1,0,1,1,1,1,1
mpx_008,5,5,35,1,1,1,1,0,1,1,1,1,1
mpx_008,6,6,35,1,1,1,1,0,1,1,1,1,1
mpx_008,7,7,35,1,1,1,1,0,1,1,0,1,0
mpx_008,8,8,35,1,1,1,1,0,1,1,1,1,1
mpx_008,9,9,35,1,1,1,1,0,1,1,1,1,1
mpx_008,10,10,35,1,1,1,1,0,1,1,1,1,1
mpx_008,11,11,35,1,1,1,1,0,1,1,1,1,1
mpx_008,12,12,35,1,1,1,1,0,1,1,1,1,1
mpx_008,13,13,35,1,1,1,1,0,1,1,0,1,0
mpx_008,14,14,35,1,1,1,1,0,1,1,0,1,0
mpx_008,15,15,35,1,1,1,1,0,1,1,0,1,0
mpx_008,16,16,35,1,1,1,1,0,1,1,0,1,0
mpx_008,17,17,35,1,1,1,1,0,1,1,0,1,0
mpx_008,18,18,35,1,1,1,1,0,1,1,0,1,0
mpx_008,19,19,35,1,1,1,1,0,1,1,0,1,0
mpx_008,20,20,35,1,1,1,1,0,1,1,0,1,0
mpx_008,21,21,35,1,1,1,1,0,1,1,0,1,0
mpx_008,22,22,35,1,1,1,1,0,1,1,0,1,0
mpx_008,23,23,35,1,1,1,1,0,1,1,0,1,0
mpx_008,24,24,35,1,1,1,1,0,1,1,0,1,0
mpx_008,25,25,35,1,1,1,1,0,1,1,0,1,0
mpx_008,26,26,35,1,1,1,1,0,1,1,0,1,0
mpx_008,27,27,35,1,1,1,1,0,1,1,0,1,0
mpx_008,28,28,35,1,1,1,1,0,1,1,0,1,0
mpx_008,29,29,35,1,1,1,1,0,1,1,0,1,0
mpx_008,30,30,35,1,1,1,1,0,1,1,0,1,0
mpx_008,31,31,35,1,1,1,1,0,1,1,0,1,0
mpx_008,32,32,35,1,1,1,1,0,1,1,0,1,0
mpx_008,33,33,35,1,1,1,1,0,1,1,0,1,0
mpx_008,34,34,35,1,1,1,1,0,1,1,0,1,0
mpx_008,35,35,35,1,1,1,1,0,1,1,0,1,0
mpx_009,1,1,36,1,1,1,1,0,1,1,1,1,1
mpx_009,2,2,36,1,1,1,1,0,1,1,1,1,1
mpx_009,3,3,36,1,1,1,1,0,1,1,1,1,1
mpx_009,4,4,36,1,1,1,1,0,1,1,1,1,1
mpx_009,5,5,36,1,1,1,1,0,1,1,1,1,1
mpx_009,6,6,36,1,1,1,1,0,1,1,1,1,1
mpx_009,7,7,36,1,1,1,1,0,1,1,1,1,1
mpx_009,8,8,36,1,1,1,1,0,1,1,0,1,0
mpx_009,9,9,36,1,1,1,1,0,1,1,0,1,0
mpx_009,10,10,36,1,1,1,1,0,1,1,1,1,1
mpx_009,11,11,36,1,1,1,1,0,1,1,1,1,1
mpx_009,12,12,36,1,1,1,1,0,1,1,1,1,1
mpx_009,13,13,36,1,1,1,1,0,1,1,1,1,1
mpx_009,14,14,36,1,1,1,1,0,1,1,1,1,1
mpx_009,15,15,36,1,1,1,1,0,1,1,0,1,0
mpx_009,16,16,36,1,1,1,1,0,1,1,1,1,1
mpx_009,17,17,36,1,1,1,1,0,1,1,0,1,0
mpx_009,18,18,36,1,1,1,1,0,1,1,0,1,0
mpx_009,19,19,36,1,1,1,1,0,1,1,0,1,0
mpx_009,20,20,36,1,1,1,1,0,1,1,0,1,0
mpx_009,21,21,36,1,1,1,1,0,1,1,0,1,0
mpx_009,22,22,36,1,1,1,1,0,1,1,0,1,0
mpx_009,23,23,36,1,1,1,1,0,1,1,0,1,0
mpx_009,24,24,36,1,1,1,1,0,1,1,0,1,0
mpx_009,25,25,36,1,1,1,1,0,1,1,0,1,0
mpx_009,26,26,36,1,1,1,1,0,1,1,0,1,0
mpx_009,27,27,36,1,1,1,1,0,1,1,0,1,0
mpx_009,28,28,36,1,1,1,1,0,1,1,0,1,0
mpx_009,29,29,36,1,1,1,1,0,1,1,0,1,0
mpx_009,30,30,36,1,1,1,1,0,1,1,0,1,0
mpx_009,31,31,36,1,1,1,1,0,1,1,0,1,0
mpx_009,32,32,36,1,1,1,1,0,1,1,0,1,0
mpx_009,33,33,36,1,1,1,1,0,1,1,0,1,0
mpx_009,34,34,36,1,1,1,1,0,1,1,0,1,0
mpx_009,35,35,36,1,1,1,1,0,1,1,0,1,0
mpx_009,36,36,36,1,1,1,1,0,1,1,0,1,0
mpx_010,1,1,40,1,1,1,1,0,1,1,1,1,1
mpx_010,2,2,40,1,1,1,1,0,1,1,1,1,1
mpx_010,3,3,40,1,1,1,1,0,1,1,1,1,1
mpx_010,4,4,40,1,1,1,1,0,1,1,1,1,1
mpx_010,5,5,40,1,1,1,1,0,1,1,0,1,0
mpx_010,6,6,40,1,1,1,1,0,1,1,1,1,1
mpx_010,7,7,40,1,1,1,1,0,1,1,1,1,1
mpx_010,8,8,40,1,1,1,1,0,1,1,0,1,0
mpx_010,9,9,40,1,1,1,1,0,1,1,0,1,0
mpx_010,10,10,40,1,1,1,1,0,1,1,0,1,0
mpx_010,11,11,40,1,1,1,1,0,1,1,1,1,1
mpx_010,12,12,40,1,1,1,1,0,1,1,1,1,1
mpx_010,13,13,40,1,1,1,1,0,1,1,1,1,1
mpx_010,14,14,40,1,1,1,1,0,1,1,1,1,1
mpx_010,15,15,40,1,1,1,1,0,1,1,1,1,1
mpx_010,16,16,40,1,1,1,1,0,1,1,0,1,0
mpx_010,17,17,40,1,1,1,1,0,1,1,1,1,1
mpx_010,18,18,40,1,1,1,1,0,1,1,0,1,0
mpx_010,19,19,40,1,1,1,1,0,1,1,0,1,0
mpx_010,20,20,40,1,1,1,1,0,1,1,0,1,0
mpx_010,21,21,40,1,1,1,1,0,1,1,0,1,0
mpx_010,22,22,40,1,1,1,1,0,1,1,0,1,0
mpx_010,23,23,40,1,1,1,1,0,1,1,0,1,0
mpx_010,24,24,40,1,1,1,1,0,1,1,0,1,0
mpx_010,25,25,40,1,1,1,1,0,1,1,0,1,0
mpx_010,26,26,40,1,1,1,1,0,1,1,0,1,0
mpx_010,27,27,40,1,1,1,1,0,1,1,0,1,0
mpx_010,28,28,40,1,1,1,1,0,1,1,0,1,0
mpx_010,29,29,40,1,1,1,1,0,1,1,0,1,0
mpx_010,30,30,40,1,1,1,1,0,1,1,0,1,0
mpx_010,31,31,40,1,1,1,1,0,1,1,0,1,0
mpx_010,32,32,40,1,1,1,1,0,1,1,0,1,0
mpx_010,33,33,40,1,1,1,1,0,1,1,0,1,0
mpx_010,34,34,40,1,1,1,1,0,1,1,0,1,0
mpx_010,35,35,40,1,1,1,1,0,1,1,0,1,0
mpx_010,36,36,40,1,1,1,1,0,1,1,0,1,0
mpx_010,37,37,40,1,1,1,1,0,1,1,0,1,0
mpx_010,38,38,40,1,1,1,1,0,1,1,0,1,0
mpx_010,39,39,40,1,1,1,1,0,1,1,0,1,0
mpx_010,40,40,40,1,1,1,1,0,1,1,0,1,0
