outer_heldout,status,BestSeparate_train,target_scale,nMAE_B0,nMAE_B1,nMAE_S1,nMAE_S2,nMAE_J,Delta_J_vs_Best,Delta_J_vs_S1,Delta_J_vs_S2,Delta_J_vs_B1,Delta_J_vs_B0
mpx_001,PASS,S2,0.203530687407634,0.5212877431458818,0.34653731113560365,0.2675142930360962,0.2547053420604262,0.22739744491158387,0.027307897148842353,0.04011684812451233,0.027307897148842353,0.11913986622401979,0.2938902982342979
mpx_002,PASS,S2,0.20390702321944726,0.5544832064907866,0.33479241963968454,0.22641710842130078,0.1738966914213777,0.15757195015812703,0.016324741263250675,0.06884515826317375,0.016324741263250675,0.1772204694815575,0.3969112563326596
mpx_003,PASS,S2,0.20165067784523538,0.6209674097926092,0.44343025891202975,0.31986956549202744,0.24548365294212562,0.22247104062102085,0.02301261232110477,0.09739852487100659,0.02301261232110477,0.2209592182910089,0.39849636917158837
mpx_004,PASS,S2,0.2017946936275633,0.6163502155237442,0.4416659991720601,0.36412075218583767,0.29091527968444586,0.27168478161513177,0.019230498069314095,0.0924359705707059,0.019230498069314095,0.16998121755692835,0.3446654339086125
mpx_005,PASS,S2,0.2025977069495573,0.5645295991273583,0.37695776692840793,0.28980228114688367,0.28004978810134623,0.24396048364744863,0.0360893044538976,0.04584179749943504,0.0360893044538976,0.1329972832809593,0.32056911547990974
mpx_006,PASS,S2,0.20226675604553176,0.6798478671075565,0.521261277890578,0.4098836452264971,0.33287457442908885,0.2963096913274013,0.03656488310168754,0.1135739538990958,0.03656488310168754,0.22495158656317665,0.3835381757801552
mpx_007,PASS,S2,0.20242512699249246,0.61756896744998,0.38844721782930924,0.2878144237701743,0.2801790601492958,0.2415702886877201,0.03860877146157568,0.0462441350824542,0.03860877146157568,0.14687692914158915,0.3759986787622599
mpx_008,PASS,S2,0.20352735879285908,0.5563409430556714,0.3590177837900748,0.2777125994014482,0.26359156706488585,0.22855778556961076,0.035033781495275085,0.04915481383183745,0.035033781495275085,0.13045999822046406,0.32778315748606063
mpx_009,PASS,S2,0.20371440944203542,0.4841363607444193,0.2927525852446998,0.22149835870926463,0.245183354643594,0.21504513343000223,0.030138221213591776,0.006453225279262398,0.030138221213591776,0.0777074518146976,0.26909122731441704
mpx_010,PASS,S2,0.205654529197315,0.40866423996699097,0.20994316173429473,0.15846948861477872,0.18685637815565875,0.17542197518626404,0.011434402969394714,-0.01695248657148532,0.011434402969394714,0.034521186548030686,0.23324226478072693
