time_s,distance_m,known_fraction,coverage,occupied_iou,tu,frontiers_selected,main_attempts,main_succeeded,main_failed,main_interrupted,abandoned_206,abandoned_208,planner_blocked_abandoned_total,main_success_rate,subgoal_attempts,subgoal_succeeded,subgoal_failed,subgoal_interrupted
1.775424480,0.000000000,0.001847797,0.017731566,0.040992482,0.460000000,1,0,0,0,0,0,0,0,nan,0,0,0,0
2.732345104,0.203949885,0.001847797,0.017731566,0.040992482,0.460000000,1,0,0,0,0,0,0,0,nan,0,0,0,0
3.755141020,0.463898549,0.007441296,0.062766032,0.040992482,0.460000000,1,0,0,0,0,0,0,0,nan,0,0,0,0
4.816622972,0.577278296,0.016669005,0.162485204,0.040992482,0.460000000,1,1,1,0,0,0,0,0,1.000000000,0,0,0,0
11.526394129,0.577278296,0.022033253,0.226509156,0.095532260,0.450000000,2,1,1,0,0,0,0,0,1.000000000,0,0,0,0
11.736386299,0.614686569,0.022033253,0.226509156,0.095532260,0.450000000,2,1,1,0,0,0,0,0,1.000000000,0,0,0,0
12.734258175,0.736819819,0.022033253,0.226509156,0.095532260,0.450000000,2,1,1,0,0,0,0,0,1.000000000,0,0,0,0
13.737929344,0.846190482,0.025368056,0.268842110,0.095532260,0.450000000,2,1,1,0,0,0,0,0,1.000000000,0,0,0,0
14.735843897,1.308838329,0.027425061,0.295717966,0.095532260,0.450000000,2,1,1,0,0,0,0,0,1.000000000,0,0,0,0
15.734433651,1.788154736,0.030494282,0.338399053,0.095532260,0.450000000,2,1,1,0,0,0,0,0,1.000000000,0,0,0,0
16.763067961,2.277585550,0.031814674,0.356121336,0.095532260,0.450000000,2,1,1,0,0,0,0,0,1.000000000,0,0,0,0
17.735507250,2.776412937,0.032254387,0.361960684,0.095532260,0.450000000,2,1,1,0,0,0,0,0,1.000000000,0,0,0,0
18.764398336,3.265899333,0.032497419,0.364987119,0.095532260,0.450000000,2,1,1,0,0,0,0,0,1.000000000,0,0,0,0
19.735890388,3.765465768,0.032657771,0.366556038,0.095532260,0.450000000,2,1,1,0,0,0,0,0,1.000000000,0,0,0,0
20.737261295,4.255403353,0.032714144,0.366885604,0.095532260,0.450000000,2,1,1,0,0,0,0,0,1.000000000,0,0,0,0
21.732837439,4.754933334,0.032808100,0.367219811,0.095532260,0.450000000,2,1,1,0,0,0,0,0,1.000000000,0,0,0,0
22.736586571,5.175154756,0.032890781,0.367284796,0.095532260,0.450000000,2,1,1,0,0,0,0,0,1.000000000,0,0,0,0
23.767949581,5.457735262,0.033166384,0.368463806,0.095532260,0.450000000,2,1,1,0,0,0,0,0,1.000000000,0,0,0,0
24.731872082,5.660682350,0.033244054,0.368556641,0.095532260,0.450000000,2,2,2,0,0,0,0,0,1.000000000,0,0,0,0
28.689935684,5.660731166,0.033331747,0.368305986,0.117250079,0.430000000,3,2,2,0,0,0,0,0,1.000000000,0,0,0,0
28.734726191,5.660731166,0.033331747,0.368305986,0.117250079,0.430000000,3,2,2,0,0,0,0,0,1.000000000,0,0,0,0
29.732552290,5.952983389,0.033448252,0.368380254,0.117250079,0.430000000,3,2,2,0,0,0,0,0,1.000000000,0,0,0,0
30.747376442,6.426117722,0.033652449,0.368380254,0.117250079,0.430000000,3,2,2,0,0,0,0,0,1.000000000,0,0,0,0
31.744812965,6.900872195,0.033861657,0.368064613,0.117250079,0.430000000,3,2,2,0,0,0,0,0,1.000000000,0,0,0,0
32.734110117,7.387333142,0.034024514,0.368064613,0.117250079,0.430000000,3,2,2,0,0,0,0,0,1.000000000,0,0,0,0
33.731978178,7.861703650,0.034171085,0.368064613,0.117250079,0.430000000,3,2,2,0,0,0,0,0,1.000000000,0,0,0,0
34.731793642,8.350217404,0.034766138,0.368064613,0.117250079,0.430000000,3,2,2,0,0,0,0,0,1.000000000,0,0,0,0
35.737846613,8.838513797,0.035041741,0.368064613,0.117250079,0.430000000,3,2,2,0,0,0,0,0,1.000000000,0,0,0,0
36.764428854,9.333748705,0.035129433,0.368064613,0.117250079,0.430000000,3,2,2,0,0,0,0,0,1.000000000,0,0,0,0
37.731889009,9.823121142,0.035156994,0.368064613,0.117250079,0.430000000,3,2,2,0,0,0,0,0,1.000000000,0,0,0,0
38.732663870,10.321575937,0.035272246,0.368064613,0.117250079,0.430000000,3,2,2,0,0,0,0,0,1.000000000,0,0,0,0
39.756508350,10.735851626,0.035774596,0.368064613,0.117250079,0.430000000,3,2,2,0,0,0,0,0,1.000000000,0,0,0,0
40.775264025,11.051511355,0.036546286,0.368064613,0.117250079,0.430000000,3,2,2,0,0,0,0,0,1.000000000,0,0,0,0
41.734282255,11.292529436,0.036626462,0.368064613,0.117250079,0.430000000,3,3,3,0,0,0,0,0,1.000000000,0,0,0,0
45.416688919,11.340832456,0.036636484,0.368064613,0.119691600,0.440000000,4,3,3,0,0,0,0,0,1.000000000,0,0,0,0
45.732223988,11.393011855,0.036644000,0.368064613,0.119691600,0.440000000,4,3,3,0,0,0,0,0,1.000000000,0,0,0,0
46.736814499,11.729853272,0.036644000,0.368064613,0.119691600,0.440000000,4,3,3,0,0,0,0,0,1.000000000,0,0,0,0
47.733455420,12.056484649,0.036652770,0.368064613,0.119691600,0.440000000,4,3,3,0,0,0,0,0,1.000000000,0,0,0,0
48.740992785,12.226783947,0.036664044,0.368064613,0.119691600,0.440000000,4,3,3,0,0,0,0,0,1.000000000,0,0,0,0
49.732234716,12.336557328,0.036664044,0.368064613,0.119691600,0.440000000,4,3,3,0,0,0,0,0,1.000000000,0,0,0,0
50.732205153,12.796966252,0.036664044,0.368064613,0.119691600,0.440000000,4,3,3,0,0,0,0,0,1.000000000,0,0,0,0
51.737892389,13.295678770,0.036666550,0.368064613,0.119691600,0.440000000,4,3,3,0,0,0,0,0,1.000000000,0,0,0,0
52.737747431,13.794568817,0.036666550,0.368064613,0.119691600,0.440000000,4,3,3,0,0,0,0,0,1.000000000,0,0,0,0
53.804255486,14.281157644,0.036666550,0.368064613,0.119691600,0.440000000,4,3,3,0,0,0,0,0,1.000000000,0,0,0,0
54.733117342,14.770319353,0.036666550,0.368064613,0.119691600,0.440000000,4,3,3,0,0,0,0,0,1.000000000,0,0,0,0
55.732324362,15.250230495,0.036665297,0.368064613,0.119691600,0.440000000,4,3,3,0,0,0,0,0,1.000000000,0,0,0,0
56.737067223,15.739544030,0.036666550,0.368064613,0.119691600,0.440000000,4,3,3,0,0,0,0,0,1.000000000,0,0,0,0
57.733026505,16.218765270,0.036667802,0.368064613,0.119691600,0.440000000,4,3,3,0,0,0,0,0,1.000000000,0,0,0,0
58.747004747,16.697822383,0.036662792,0.367953211,0.119691600,0.440000000,4,3,3,0,0,0,0,0,1.000000000,0,0,0,0
59.735758305,17.187487496,0.036664044,0.367953211,0.119691600,0.440000000,4,3,3,0,0,0,0,0,1.000000000,0,0,0,0
60.778345585,17.617300902,0.036665297,0.367953211,0.119691600,0.440000000,4,3,3,0,0,0,0,0,1.000000000,0,0,0,0
61.812366962,18.137230366,0.036670308,0.367990345,0.119691600,0.440000000,4,3,3,0,0,0,0,0,1.000000000,0,0,0,0
62.788709164,18.612346808,0.036734198,0.369020818,0.119691600,0.440000000,4,3,3,0,0,0,0,0,1.000000000,0,0,0,0
63.752059698,19.119272713,0.037297932,0.370589737,0.119691600,0.440000000,4,3,3,0,0,0,0,0,1.000000000,0,0,0,0
64.737592697,19.607078981,0.038950301,0.372140089,0.119691600,0.440000000,4,3,3,0,0,0,0,0,1.000000000,0,0,0,0
65.732873917,20.095716554,0.039828474,0.372367535,0.119691600,0.440000000,4,3,3,0,0,0,0,0,1.000000000,0,0,0,0
66.738367796,20.583964102,0.040021397,0.372650684,0.119691600,0.440000000,4,3,3,0,0,0,0,0,1.000000000,0,0,0,0
67.777597666,21.070551079,0.040041441,0.372724952,0.119691600,0.440000000,4,3,3,0,0,0,0,0,1.000000000,0,0,0,0
68.736732721,21.569143766,0.040127880,0.373597605,0.119691600,0.440000000,4,3,3,0,0,0,0,0,1.000000000,0,0,0,0
69.732228518,22.049116469,0.040387198,0.377162485,0.119691600,0.440000000,4,3,3,0,0,0,0,0,1.000000000,0,0,0,0
70.738581657,22.539115691,0.040953438,0.384710005,0.119691600,0.440000000,4,3,3,0,0,0,0,0,1.000000000,0,0,0,0
71.735841513,22.936047688,0.041008559,0.385067422,0.119691600,0.440000000,4,3,3,0,0,0,0,0,1.000000000,0,0,0,0
72.740521431,23.255267614,0.041011064,0.385067422,0.119691600,0.440000000,4,3,3,0,0,0,0,0,1.000000000,0,0,0,0
73.732819319,23.490909519,0.041011064,0.385067422,0.119691600,0.440000000,4,3,3,0,0,0,0,0,1.000000000,0,0,0,0
77.931608438,23.551357994,0.041011064,0.385067422,0.171096501,0.480000000,5,4,4,0,0,0,0,0,1.000000000,0,0,0,0
78.731900454,23.866690196,0.041011064,0.385067422,0.171096501,0.480000000,5,4,4,0,0,0,0,0,1.000000000,0,0,0,0
79.765570402,24.200097709,0.041011064,0.385067422,0.171096501,0.480000000,5,4,4,0,0,0,0,0,1.000000000,0,0,0,0
80.745771170,24.420709997,0.041011064,0.385067422,0.171096501,0.480000000,5,4,4,0,0,0,0,0,1.000000000,0,0,0,0
81.731955290,24.462867883,0.041012317,0.385067422,0.171096501,0.480000000,5,4,4,0,0,0,0,0,1.000000000,0,0,0,0
82.737802267,24.847796114,0.041012317,0.385067422,0.171096501,0.480000000,5,4,4,0,0,0,0,0,1.000000000,0,0,0,0
83.735282421,25.326354708,0.041012317,0.385067422,0.171096501,0.480000000,5,4,4,0,0,0,0,0,1.000000000,0,0,0,0
84.736819029,25.825979439,0.041012317,0.385067422,0.171096501,0.480000000,5,4,4,0,0,0,0,0,1.000000000,0,0,0,0
85.745622635,26.314794561,0.041013570,0.385067422,0.171096501,0.480000000,5,4,4,0,0,0,0,0,1.000000000,0,0,0,0
86.732080698,26.814380052,0.041023592,0.385215958,0.171096501,0.480000000,5,4,4,0,0,0,0,0,1.000000000,0,0,0,0
87.735247135,27.307012322,0.041028603,0.385271660,0.171096501,0.480000000,5,4,4,0,0,0,0,0,1.000000000,0,0,0,0
88.732592106,27.794928057,0.041029855,0.385271660,0.171096501,0.480000000,5,4,4,0,0,0,0,0,1.000000000,0,0,0,0
89.738883972,28.284519783,0.041056163,0.385401629,0.171096501,0.480000000,5,4,4,0,0,0,0,0,1.000000000,0,0,0,0
90.765372753,28.784432742,0.041609876,0.386394968,0.171096501,0.480000000,5,4,4,0,0,0,0,0,1.000000000,0,0,0,0
91.733569622,29.283924916,0.042038314,0.388817973,0.171096501,0.480000000,5,4,4,0,0,0,0,0,1.000000000,0,0,0,0
92.732331038,29.773917916,0.042058358,0.388817973,0.171096501,0.480000000,5,4,4,0,0,0,0,0,1.000000000,0,0,0,0
93.733107567,30.273521091,0.042064622,0.388817973,0.171096501,0.480000000,5,4,4,0,0,0,0,0,1.000000000,0,0,0,0
94.736909151,30.763228485,0.042064622,0.388817973,0.171096501,0.480000000,5,4,4,0,0,0,0,0,1.000000000,0,0,0,0
95.731954336,31.252690750,0.042065874,0.388817973,0.171096501,0.480000000,5,4,4,0,0,0,0,0,1.000000000,0,0,0,0
96.733031511,31.752591013,0.042065874,0.388817973,0.171096501,0.480000000,5,4,4,0,0,0,0,0,1.000000000,0,0,0,0
97.756972551,32.224762938,0.042065874,0.388817973,0.171096501,0.480000000,5,4,4,0,0,0,0,0,1.000000000,0,0,0,0
98.732235432,32.627806809,0.042065874,0.388817973,0.171096501,0.480000000,5,4,4,0,0,0,0,0,1.000000000,0,0,0,0
99.743700981,32.887663929,0.042065874,0.388817973,0.171096501,0.480000000,5,4,4,0,0,0,0,0,1.000000000,0,0,0,0
100.733068943,33.031264103,0.042065874,0.388817973,0.171096501,0.480000000,5,5,5,0,0,0,0,0,1.000000000,0,0,0,0
104.544414282,33.031264103,0.042065874,0.388817973,0.169100476,0.480000000,6,5,5,0,0,0,0,0,1.000000000,0,0,0,0
104.733135939,33.074456919,0.042065874,0.388817973,0.169100476,0.480000000,6,5,5,0,0,0,0,0,1.000000000,0,0,0,0
105.776517153,33.419861268,0.042065874,0.388817973,0.169100476,0.480000000,6,5,5,0,0,0,0,0,1.000000000,0,0,0,0
106.766993046,33.762861211,0.042065874,0.388817973,0.169100476,0.480000000,6,5,5,0,0,0,0,0,1.000000000,0,0,0,0
107.733846426,34.112714972,0.042065874,0.388817973,0.169100476,0.480000000,6,5,5,0,0,0,0,0,1.000000000,0,0,0,0
108.735229969,34.462686140,0.042069632,0.388817973,0.169100476,0.480000000,6,5,5,0,0,0,0,0,1.000000000,0,0,0,0
109.732395649,34.812085959,0.042069632,0.388817973,0.169100476,0.480000000,6,5,5,0,0,0,0,0,1.000000000,0,0,0,0
110.735079765,35.155085959,0.042069632,0.388817973,0.169100476,0.480000000,6,5,5,0,0,0,0,0,1.000000000,0,0,0,0
111.735209942,35.505085945,0.042069632,0.388817973,0.169100476,0.480000000,6,5,5,0,0,0,0,0,1.000000000,0,0,0,0
112.735533714,35.854700245,0.042072138,0.388817973,0.169100476,0.480000000,6,5,5,0,0,0,0,0,1.000000000,0,0,0,0
113.736395121,36.203515805,0.042072138,0.388817973,0.169100476,0.480000000,6,5,5,0,0,0,0,0,1.000000000,0,0,0,0
114.777425051,36.506462853,0.042077149,0.388817973,0.169100476,0.480000000,6,5,5,0,0,0,0,0,1.000000000,0,0,0,0
115.735792875,36.775977274,0.042077149,0.388817973,0.169100476,0.480000000,6,5,5,0,0,0,0,0,1.000000000,0,0,0,0
116.732252836,36.868165307,0.042077149,0.388817973,0.169100476,0.480000000,6,5,5,0,0,0,0,0,1.000000000,0,0,0,0
117.732383490,36.994581278,0.042077149,0.388817973,0.169100476,0.480000000,6,5,5,0,0,0,0,0,1.000000000,0,0,0,0
118.732547998,37.432803045,0.042077149,0.388817973,0.169100476,0.480000000,6,5,5,0,0,0,0,0,1.000000000,0,0,0,0
119.732136488,37.908658465,0.042079654,0.388817973,0.169100476,0.480000000,6,5,5,0,0,0,0,0,1.000000000,0,0,0,0
120.752116680,38.377797152,0.042080907,0.388817973,0.169100476,0.480000000,6,5,5,0,0,0,0,0,1.000000000,0,0,0,0
121.733237505,38.906262629,0.042080907,0.388817973,0.169100476,0.480000000,6,5,5,0,0,0,0,0,1.000000000,0,0,0,0
122.736371756,39.395743832,0.042080907,0.388817973,0.169100476,0.480000000,6,5,5,0,0,0,0,0,1.000000000,0,0,0,0
123.733109474,39.905520002,0.042120995,0.389245016,0.169100476,0.480000000,6,5,5,0,0,0,0,0,1.000000000,0,0,0,0
124.732068300,40.405328744,0.042168599,0.389727760,0.169100476,0.480000000,6,5,5,0,0,0,0,0,1.000000000,0,0,0,0
125.731955290,40.905018233,0.042261302,0.390962471,0.169100476,0.480000000,6,5,5,0,0,0,0,0,1.000000000,0,0,0,0
126.799715281,41.394564627,0.042406620,0.392856314,0.169100476,0.480000000,6,5,5,0,0,0,0,0,1.000000000,0,0,0,0
127.734743118,41.894222169,0.042473016,0.393710400,0.169100476,0.480000000,6,5,5,0,0,0,0,0,1.000000000,0,0,0,0
128.735466957,42.394187476,0.042559455,0.394898693,0.169100476,0.480000000,6,5,5,0,0,0,0,0,1.000000000,0,0,0,0
129.734978914,42.893807152,0.042662180,0.396291225,0.169100476,0.480000000,6,5,5,0,0,0,0,0,1.000000000,0,0,0,0
130.734422684,43.393589477,0.042682224,0.396588298,0.169100476,0.480000000,6,5,5,0,0,0,0,0,1.000000000,0,0,0,0
131.735638618,43.893523589,0.042689741,0.396699701,0.169100476,0.480000000,6,5,5,0,0,0,0,0,1.000000000,0,0,0,0
132.736514568,44.393523392,0.043020465,0.401485367,0.169100476,0.480000000,6,5,5,0,0,0,0,0,1.000000000,0,0,0,0
133.736618519,44.893054018,0.043105651,0.402608675,0.169100476,0.480000000,6,5,5,0,0,0,0,0,1.000000000,0,0,0,0
134.751868248,45.344598458,0.043259739,0.404460742,0.169100476,0.480000000,6,5,5,0,0,0,0,0,1.000000000,0,0,0,0
135.732780933,45.620274743,0.043525320,0.408025623,0.169100476,0.480000000,6,5,5,0,0,0,0,0,1.000000000,0,0,0,0
136.733788013,45.883632924,0.043966286,0.414152761,0.169100476,0.480000000,6,5,5,0,0,0,0,0,1.000000000,0,0,0,0
137.732521057,46.110675181,0.044375933,0.419537215,0.169100476,0.480000000,6,5,5,0,0,0,0,0,1.000000000,0,0,0,0
141.284458399,46.176860675,0.044581383,0.421547102,0.181894697,0.480000000,7,6,6,0,0,0,0,0,1.000000000,0,0,0,0
141.752955914,46.343694617,0.044581383,0.421547102,0.181894697,0.480000000,7,6,6,0,0,0,0,0,1.000000000,0,0,0,0
142.746866941,46.692897232,0.044581383,0.421547102,0.181894697,0.480000000,7,6,6,0,0,0,0,0,1.000000000,0,0,0,0
143.732963562,47.042867696,0.044622724,0.422066981,0.181894697,0.480000000,7,6,6,0,0,0,0,0,1.000000000,0,0,0,0
144.732345343,47.392801434,0.044622724,0.422066981,0.181894697,0.480000000,7,6,6,0,0,0,0,0,1.000000000,0,0,0,0
145.733540297,47.742500229,0.044627735,0.422141249,0.181894697,0.480000000,7,6,6,0,0,0,0,0,1.000000000,0,0,0,0
146.732764721,48.085466837,0.044637757,0.422280502,0.181894697,0.480000000,7,6,6,0,0,0,0,0,1.000000000,0,0,0,0
147.755530119,48.435467052,0.044649031,0.422419755,0.181894697,0.480000000,7,6,6,0,0,0,0,0,1.000000000,0,0,0,0
148.733934879,48.785348093,0.044753009,0.423816929,0.181894697,0.480000000,7,6,6,0,0,0,0,0,1.000000000,0,0,0,0
149.734408617,49.133054044,0.044929646,0.426100680,0.181894697,0.480000000,7,6,6,0,0,0,0,0,1.000000000,0,0,0,0
150.733528852,49.445930280,0.045380634,0.432069998,0.181894697,0.480000000,7,6,6,0,0,0,0,0,1.000000000,0,0,0,0
151.732223511,49.497803965,0.045577314,0.434451227,0.181894697,0.480000000,7,6,6,0,0,0,0,0,1.000000000,0,0,0,0
152.734915972,49.690103392,0.045662501,0.435444566,0.181894697,0.480000000,7,6,6,0,0,0,0,0,1.000000000,0,0,0,0
153.743958235,50.179364051,0.045761468,0.436614292,0.181894697,0.480000000,7,6,6,0,0,0,0,0,1.000000000,0,0,0,0
154.733097553,50.676266890,0.046104719,0.440392694,0.181894697,0.480000000,7,6,6,0,0,0,0,0,1.000000000,0,0,0,0
155.744155407,51.174413444,0.046327708,0.442936385,0.181894697,0.480000000,7,6,6,0,0,0,0,0,1.000000000,0,0,0,0
156.747204065,51.673837737,0.046501839,0.445164435,0.181894697,0.480000000,7,6,6,0,0,0,0,0,1.000000000,0,0,0,0
157.737226963,52.172493114,0.046885179,0.449959385,0.181894697,0.480000000,7,6,6,0,0,0,0,0,1.000000000,0,0,0,0
158.736443758,52.671681242,0.047263507,0.455134960,0.181894697,0.480000000,7,6,6,0,0,0,0,0,1.000000000,0,0,0,0
159.737396002,53.170908142,0.047532847,0.458778750,0.181894697,0.480000000,7,6,6,0,0,0,0,0,1.000000000,0,0,0,0
160.741002083,53.660907467,0.047808451,0.462403973,0.181894697,0.480000000,7,6,6,0,0,0,0,0,1.000000000,0,0,0,0
161.739502430,54.160432066,0.048185526,0.467194281,0.181894697,0.480000000,7,6,6,0,0,0,0,0,1.000000000,0,0,0,0
162.732535601,54.607637487,0.048347130,0.469292362,0.181894697,0.480000000,7,6,6,0,0,0,0,0,1.000000000,0,0,0,0
163.735820770,54.933908871,0.048590162,0.472634437,0.181894697,0.480000000,7,6,6,0,0,0,0,0,1.000000000,0,0,0,0
164.734386444,55.171499138,0.048849480,0.476078632,0.181894697,0.480000000,7,6,6,0,0,0,0,0,1.000000000,0,0,0,0
169.027371168,55.230411162,0.048888315,0.476487107,0.266037042,0.480000000,8,7,7,0,0,0,0,0,1.000000000,0,0,0,0
169.734077930,55.465601025,0.048965986,0.477563998,0.266037042,0.480000000,8,7,7,0,0,0,0,0,1.000000000,0,0,0,0
170.757066488,55.965228654,0.049097524,0.479197902,0.266037042,0.480000000,8,7,7,0,0,0,0,0,1.000000000,0,0,0,0
171.755814791,56.464869349,0.049292952,0.481244923,0.266037042,0.480000000,8,7,7,0,0,0,0,0,1.000000000,0,0,0,0
172.733431816,56.964742084,0.049534731,0.483630794,0.266037042,0.480000000,8,7,7,0,0,0,0,0,1.000000000,0,0,0,0
173.732664585,57.453299922,0.049827873,0.486884675,0.266037042,0.480000000,8,7,7,0,0,0,0,0,1.000000000,0,0,0,0
174.736099720,57.951100751,0.050052114,0.489284471,0.266037042,0.480000000,8,7,7,0,0,0,0,0,1.000000000,0,0,0,0
175.733102322,58.449793499,0.050280113,0.489925035,0.266037042,0.480000000,8,7,7,0,0,0,0,0,1.000000000,0,0,0,0
176.734284639,58.947932016,0.050473036,0.491234015,0.266037042,0.480000000,8,7,7,0,0,0,0,0,1.000000000,0,0,0,0
177.738531113,59.437418388,0.050796244,0.493643094,0.266037042,0.480000000,8,7,7,0,0,0,0,0,1.000000000,0,0,0,0
178.741081476,59.936260549,0.051096902,0.496261053,0.266037042,0.480000000,8,7,7,0,0,0,0,0,1.000000000,0,0,0,0
179.736975193,60.436031428,0.051411341,0.498414835,0.266037042,0.480000000,8,7,7,0,0,0,0,0,1.000000000,0,0,0,0
180.736596346,60.934657225,0.051837274,0.501756910,0.266037042,0.480000000,8,7,7,0,0,0,0,0,1.000000000,0,0,0,0
181.738007545,61.382875500,0.052489953,0.508069719,0.266037042,0.480000000,8,7,7,0,0,0,0,0,1.000000000,0,0,0,0
182.736555576,61.689535244,0.053718894,0.523225103,0.266037042,0.480000000,8,7,7,0,0,0,0,0,1.000000000,0,0,0,0
183.737879276,61.927787299,0.055204648,0.541857173,0.266037042,0.480000000,8,8,8,0,0,0,0,0,1.000000000,0,0,0,0
189.407215357,61.978972250,0.055656889,0.546967763,0.349033601,0.480000000,9,8,8,0,0,0,0,0,1.000000000,0,0,0,0
189.734087944,62.008707241,0.055656889,0.546967763,0.349033601,0.480000000,9,8,8,0,0,0,0,0,1.000000000,0,0,0,0
190.731969595,62.278900166,0.056087832,0.551233551,0.349033601,0.480000000,9,8,8,0,0,0,0,0,1.000000000,0,0,0,0
191.732441902,62.778763338,0.056681633,0.557295704,0.349033601,0.480000000,9,8,8,0,0,0,0,0,1.000000000,0,0,0,0
192.732394695,63.278614686,0.057703871,0.566347158,0.349033601,0.480000000,9,8,8,0,0,0,0,0,1.000000000,0,0,0,0
193.734312534,63.778462450,0.058822571,0.575273284,0.349033601,0.480000000,9,8,8,0,0,0,0,0,1.000000000,0,0,0,0
194.734743357,64.256088165,0.059872370,0.582022420,0.349033601,0.480000000,9,8,8,0,0,0,0,0,1.000000000,0,0,0,0
195.736298323,64.634263224,0.061034916,0.593195163,0.349033601,0.480000000,9,8,8,0,0,0,0,0,1.000000000,0,0,0,0
196.732666254,64.903351902,0.065034926,0.646714786,0.349033601,0.480000000,9,8,8,0,0,0,0,0,1.000000000,0,0,0,0
197.733601093,65.023211545,0.065569848,0.654127695,0.349033601,0.480000000,9,10,10,0,0,0,0,0,1.000000000,0,0,0,0
204.505611420,65.023211545,0.065908089,0.658862302,0.407953091,0.480000000,10,10,10,0,0,0,0,0,1.000000000,0,0,0,0
204.732338428,65.072913932,0.065908089,0.658862302,0.407953091,0.480000000,10,10,10,0,0,0,0,0,1.000000000,0,0,0,0
205.731868744,65.393672609,0.065908089,0.658862302,0.407953091,0.480000000,10,10,10,0,0,0,0,0,1.000000000,0,0,0,0
206.742863178,65.582597114,0.066312725,0.664079653,0.407953091,0.480000000,10,10,10,0,0,0,0,0,1.000000000,0,0,0,0
207.732374668,65.660110269,0.066509406,0.665889944,0.407953091,0.480000000,10,10,10,0,0,0,0,0,1.000000000,0,0,0,0
208.738495111,66.081422064,0.066509406,0.665889944,0.407953091,0.480000000,10,10,10,0,0,0,0,0,1.000000000,0,0,0,0
209.743178368,66.574611910,0.066655977,0.667314967,0.407953091,0.480000000,10,10,10,0,0,0,0,0,1.000000000,0,0,0,0
210.733101368,67.072647730,0.066896503,0.668020517,0.407953091,0.480000000,10,10,10,0,0,0,0,0,1.000000000,0,0,0,0
211.734626532,67.571767541,0.066991712,0.668215471,0.407953091,0.480000000,10,10,10,0,0,0,0,0,1.000000000,0,0,0,0
212.735265017,68.071191745,0.067137030,0.668688932,0.407953091,0.480000000,10,10,10,0,0,0,0,0,1.000000000,0,0,0,0
213.732070208,68.570024860,0.067338722,0.669050990,0.407953091,0.480000000,10,10,10,0,0,0,0,0,1.000000000,0,0,0,0
214.732695818,69.070024767,0.067621842,0.669069557,0.407953091,0.480000000,10,10,10,0,0,0,0,0,1.000000000,0,0,0,0
215.732654572,69.570024649,0.067937533,0.669088124,0.407953091,0.480000000,10,10,10,0,0,0,0,0,1.000000000,0,0,0,0
216.758920908,70.059719244,0.068270763,0.669088124,0.407953091,0.480000000,10,10,10,0,0,0,0,0,1.000000000,0,0,0,0
217.733939409,70.557765800,0.068537597,0.669088124,0.407953091,0.480000000,10,10,10,0,0,0,0,0,1.000000000,0,0,0,0
218.745297194,71.057549989,0.069289243,0.669088124,0.407953091,0.480000000,10,10,10,0,0,0,0,0,1.000000000,0,0,0,0
219.735869646,71.556486453,0.071219721,0.669088124,0.407953091,0.480000000,10,10,10,0,0,0,0,0,1.000000000,0,0,0,0
220.809016228,72.012744869,0.072122949,0.669088124,0.407953091,0.480000000,10,10,10,0,0,0,0,0,1.000000000,0,0,0,0
221.739462852,72.385827814,0.072530091,0.669088124,0.407953091,0.480000000,10,10,10,0,0,0,0,0,1.000000000,0,0,0,0
222.755664349,72.632033376,0.073249166,0.669088124,0.407953091,0.480000000,10,10,10,0,0,0,0,0,1.000000000,0,0,0,0
230.222734928,72.689193995,0.073660066,0.669088124,0.406428700,0.490000000,11,11,11,0,0,0,0,0,1.000000000,0,0,0,0
230.733797073,72.798998313,0.073837955,0.669088124,0.406428700,0.490000000,11,11,11,0,0,0,0,0,1.000000000,0,0,0,0
231.824638605,73.232346881,0.073955713,0.669088124,0.406428700,0.490000000,11,11,11,0,0,0,0,0,1.000000000,0,0,0,0
232.737624407,73.731192179,0.074047163,0.669162392,0.406428700,0.490000000,11,11,11,0,0,0,0,0,1.000000000,0,0,0,0
233.736836433,74.220658875,0.074101031,0.669375914,0.406428700,0.490000000,11,11,11,0,0,0,0,0,1.000000000,0,0,0,0
234.733601570,74.720220202,0.074112306,0.669375914,0.406428700,0.490000000,11,11,11,0,0,0,0,0,1.000000000,0,0,0,0
261.745767117,74.869953218,0.074144877,0.669519809,0.406428700,0.490000000,11,11,11,0,0,0,0,0,1.000000000,0,0,0,0
262.828140259,80.602679340,0.086812620,0.757342122,0.406428700,0.490000000,11,12,11,1,0,0,0,0,0.916666667,0,0,0,0
263.837252378,80.602679340,0.086812620,0.757342122,0.406428700,0.490000000,11,12,11,1,0,0,0,0,0.916666667,0,0,0,0
264.733549356,80.602679340,0.086812620,0.757342122,0.406428700,0.490000000,11,12,11,1,0,0,0,0,0.916666667,0,0,0,0
265.732257366,80.602679340,0.086812620,0.757342122,0.406428700,0.490000000,11,12,11,1,0,0,0,0,0.916666667,0,0,0,0
266.732520819,80.602679340,0.086812620,0.757342122,0.406428700,0.490000000,11,12,11,1,0,0,0,0,0.916666667,0,0,0,0
267.733848572,80.602679340,0.086812620,0.757342122,0.406428700,0.490000000,11,12,11,1,0,0,0,0,0.916666667,0,0,0,0
268.733337402,80.602679341,0.086812620,0.757342122,0.406428700,0.490000000,11,12,11,1,0,0,0,0,0.916666667,0,0,0,0
269.782881021,80.602679341,0.086812620,0.757342122,0.406428700,0.490000000,11,12,11,1,0,0,0,0,0.916666667,0,0,0,0
270.732227325,80.602679341,0.086812620,0.757342122,0.406428700,0.490000000,11,12,11,1,0,0,0,0,0.916666667,0,0,0,0
271.733912468,80.602679341,0.086812620,0.757342122,0.406428700,0.490000000,11,12,11,1,0,0,0,0,0.916666667,0,0,0,0
272.732811213,80.602679341,0.086812620,0.757342122,0.406428700,0.490000000,11,12,11,1,0,0,0,0,0.916666667,0,0,0,0
273.732783318,80.602679341,0.086812620,0.757342122,0.406428700,0.490000000,11,12,11,1,0,0,0,0,0.916666667,0,0,0,0
274.732332945,80.602679341,0.086812620,0.757342122,0.406428700,0.490000000,11,12,11,1,0,0,0,0,0.916666667,0,0,0,0
275.732746601,80.602679341,0.086812620,0.757342122,0.406428700,0.490000000,11,12,11,1,0,0,0,0,0.916666667,0,0,0,0
276.736785412,80.602679341,0.086812620,0.757342122,0.406428700,0.490000000,11,12,11,1,0,0,0,0,0.916666667,0,0,0,0
277.734233856,80.602679341,0.086812620,0.757342122,0.406428700,0.490000000,11,12,11,1,0,0,0,0,0.916666667,0,0,0,0
278.785487652,80.602679341,0.086812620,0.757342122,0.406428700,0.490000000,11,12,11,1,0,0,0,0,0.916666667,0,0,0,0
279.734524965,80.602679341,0.086812620,0.757342122,0.406428700,0.490000000,11,12,11,1,0,0,0,0,0.916666667,0,0,0,0
280.735131979,80.602679341,0.086812620,0.757342122,0.406428700,0.490000000,11,12,11,1,0,0,0,0,0.916666667,0,0,0,0
281.732455254,80.602679341,0.086812620,0.757342122,0.406428700,0.490000000,11,12,11,1,0,0,0,0,0.916666667,0,0,0,0
